# Blender 4.3.0
# www.blender.org
mtllib Roof01_Black_Wood.mtl
o Roof01_Black_Wood
v 0.145455 2.503864 -1.194578
v -0.056245 2.634597 1.166601
v 0.989054 1.467908 0.844660
v 0.150550 2.786164 1.166601
v -0.056245 2.634597 -0.857285
v 1.011975 1.447910 -1.179226
v 1.195849 1.619475 -0.857285
v 0.150550 2.786164 -0.857285
v 0.150550 2.786164 -1.179226
v 0.036182 2.634597 -0.857285
v -1.187319 1.652850 -1.179226
v -0.170613 2.786164 -1.179226
v -1.021872 1.449564 1.166601
v 0.036181 2.634597 1.166601
v -0.170613 2.786164 0.844660
v -1.215913 1.619475 1.166601
v -0.784770 1.951267 0.753495
v -0.600651 2.136743 0.753495
v -0.600651 2.136743 0.586632
v -0.784770 1.951267 0.586632
v -0.793600 1.942635 0.670063
v -0.598372 2.138834 0.670063
v -0.680915 2.055170 0.586632
v -0.680915 2.055170 0.753495
v -0.517286 2.207319 0.753495
v -0.605724 2.132113 0.503200
v -0.890779 1.868431 0.586632
v -0.764277 1.969610 0.836927
v -0.517286 2.207319 0.586632
v -0.764277 1.969610 0.503200
v -0.890779 1.868431 0.753495
v -0.605725 2.132113 0.836927
v -0.682651 2.053298 0.670063
v -0.513667 2.210381 0.670063
v -0.679202 2.057252 0.503200
v -0.905676 1.856594 0.670063
v -0.679202 2.057252 0.836927
v -0.524901 2.200876 0.503200
v -0.859443 1.893333 0.503200
v -0.528451 2.203092 0.836849
v -0.859443 1.893333 0.836927
v -0.734227 1.906003 0.753502
v -0.550108 2.091479 0.753502
v -0.550108 2.091479 0.586638
v -0.734227 1.906003 0.586638
v -0.743057 1.897371 0.670070
v -0.547830 2.093569 0.670070
v -0.630372 2.009906 0.586638
v -0.630372 2.009906 0.753502
v -0.466743 2.162055 0.753502
v -0.555182 2.086849 0.503206
v -0.840237 1.823167 0.586638
v -0.713735 1.924347 0.836934
v -0.466743 2.162055 0.586638
v -0.713735 1.924347 0.503206
v -0.840237 1.823167 0.753502
v -0.555182 2.086849 0.836934
v -0.632107 2.008034 0.670070
v -0.463123 2.165117 0.670070
v -0.628659 2.011988 0.503206
v -0.855132 1.811330 0.670070
v -0.628659 2.011988 0.836934
v -0.474359 2.155613 0.503206
v -0.808900 1.848069 0.503206
v -0.474359 2.155613 0.836934
v -0.808900 1.848069 0.836934
v -0.784715 1.951343 0.412979
v -0.600595 2.136820 0.412979
v -0.600595 2.136820 0.246115
v -0.784715 1.951343 0.246115
v -0.793545 1.942712 0.329547
v -0.598317 2.138910 0.329547
v -0.680860 2.055247 0.246115
v -0.680860 2.055247 0.412979
v -0.517231 2.207396 0.412979
v -0.605669 2.132190 0.162683
v -0.890724 1.868508 0.246115
v -0.764222 1.969687 0.496411
v -0.517231 2.207396 0.246115
v -0.764222 1.969687 0.162683
v -0.890724 1.868508 0.412979
v -0.605669 2.132190 0.496411
v -0.682594 2.053375 0.329547
v -0.513611 2.210458 0.329547
v -0.679146 2.057330 0.162683
v -0.905620 1.856671 0.329547
v -0.679147 2.057330 0.496411
v -0.524846 2.200954 0.162683
v -0.859387 1.893411 0.162683
v -0.524846 2.200954 0.496411
v -0.859387 1.893411 0.496411
v -0.734241 1.906017 0.412979
v -0.550122 2.091494 0.412979
v -0.550122 2.091494 0.246115
v -0.734241 1.906017 0.246115
v -0.743072 1.897386 0.329547
v -0.547844 2.093584 0.329547
v -0.630385 2.009920 0.246115
v -0.630385 2.009920 0.412979
v -0.466758 2.162069 0.412979
v -0.555196 2.086864 0.162683
v -0.840250 1.823181 0.246115
v -0.713749 1.924360 0.496411
v -0.466758 2.162069 0.246115
v -0.713749 1.924360 0.162683
v -0.840250 1.823181 0.412979
v -0.555196 2.086864 0.496411
v -0.632121 2.008049 0.329547
v -0.463138 2.165131 0.329547
v -0.628673 2.012003 0.162683
v -0.855146 1.811344 0.329547
v -0.628673 2.012003 0.496411
v -0.474373 2.155627 0.162683
v -0.808913 1.848083 0.162683
v -0.474373 2.155627 0.496411
v -0.808913 1.848083 0.496411
v -0.808913 1.848083 0.154467
v -0.474373 2.155627 0.154467
v -0.808913 1.848083 -0.179261
v -0.474373 2.155627 -0.179261
v -0.628673 2.012003 0.154467
v -0.855146 1.811344 -0.012397
v -0.628673 2.012003 -0.179261
v -0.463138 2.165131 -0.012397
v -0.632121 2.008049 -0.012397
v -0.555196 2.086864 0.154467
v -0.840250 1.823181 0.071035
v -0.713749 1.924360 -0.179261
v -0.466758 2.162069 -0.095829
v -0.713749 1.924360 0.154467
v -0.840250 1.823181 -0.095829
v -0.555196 2.086864 -0.179261
v -0.466758 2.162069 0.071035
v -0.630385 2.009920 0.071035
v -0.630385 2.009920 -0.095829
v -0.547844 2.093584 -0.012397
v -0.743072 1.897386 -0.012397
v -0.734241 1.906017 -0.095829
v -0.550122 2.091494 -0.095829
v -0.550122 2.091494 0.071035
v -0.734241 1.906017 0.071035
v -0.859387 1.893411 0.154467
v -0.524846 2.200954 0.154467
v -0.859387 1.893411 -0.179261
v -0.524846 2.200954 -0.179261
v -0.679147 2.057330 0.154467
v -0.905620 1.856671 -0.012397
v -0.679146 2.057330 -0.179261
v -0.513611 2.210458 -0.012397
v -0.682594 2.053375 -0.012397
v -0.605669 2.132190 0.154467
v -0.890724 1.868508 0.071035
v -0.764222 1.969687 -0.179261
v -0.517231 2.207396 -0.095829
v -0.764222 1.969687 0.154467
v -0.890724 1.868508 -0.095829
v -0.605669 2.132190 -0.179261
v -0.517231 2.207396 0.071035
v -0.680860 2.055247 0.071035
v -0.680860 2.055247 -0.095829
v -0.598317 2.138910 -0.012397
v -0.793545 1.942712 -0.012397
v -0.784715 1.951343 -0.095829
v -0.600595 2.136820 -0.095829
v -0.600595 2.136820 0.071035
v -0.784715 1.951343 0.071035
v -0.784715 1.951343 -0.270273
v -0.600595 2.136820 -0.270273
v -0.600595 2.136820 -0.437137
v -0.784715 1.951343 -0.437137
v -0.793545 1.942712 -0.353705
v -0.598317 2.138910 -0.353705
v -0.680860 2.055247 -0.437137
v -0.680860 2.055247 -0.270273
v -0.517231 2.207396 -0.270273
v -0.605669 2.132190 -0.520569
v -0.890724 1.868508 -0.437137
v -0.764222 1.969687 -0.186841
v -0.517231 2.207396 -0.437137
v -0.764222 1.969687 -0.520569
v -0.890724 1.868508 -0.270273
v -0.605669 2.132190 -0.186842
v -0.682594 2.053375 -0.353705
v -0.513611 2.210458 -0.353705
v -0.679146 2.057330 -0.520569
v -0.905620 1.856671 -0.353705
v -0.679147 2.057330 -0.186841
v -0.524846 2.200954 -0.520569
v -0.859387 1.893411 -0.520569
v -0.524846 2.200954 -0.186842
v -0.859387 1.893411 -0.186841
v -0.734241 1.906017 -0.270273
v -0.550122 2.091494 -0.270273
v -0.550122 2.091494 -0.437137
v -0.734241 1.906017 -0.437137
v -0.743072 1.897386 -0.353705
v -0.547844 2.093584 -0.353705
v -0.630385 2.009920 -0.437137
v -0.630385 2.009920 -0.270273
v -0.466758 2.162069 -0.270273
v -0.555196 2.086864 -0.520569
v -0.840250 1.823181 -0.437137
v -0.713749 1.924360 -0.186841
v -0.466758 2.162069 -0.437137
v -0.713749 1.924360 -0.520569
v -0.840250 1.823181 -0.270273
v -0.555196 2.086864 -0.186842
v -0.632121 2.008049 -0.353705
v -0.463138 2.165131 -0.353705
v -0.628673 2.012003 -0.520569
v -0.855146 1.811344 -0.353705
v -0.628673 2.012003 -0.186841
v -0.474373 2.155627 -0.520569
v -0.808913 1.848083 -0.520569
v -0.474373 2.155627 -0.186842
v -0.808913 1.848083 -0.186841
v -0.808913 1.848083 -0.527225
v -0.474373 2.155627 -0.527225
v -0.808913 1.848083 -0.860953
v -0.474373 2.155627 -0.860953
v -0.628673 2.012003 -0.527225
v -0.855146 1.811344 -0.694089
v -0.628673 2.012003 -0.860953
v -0.463138 2.165131 -0.694089
v -0.632121 2.008049 -0.694089
v -0.555196 2.086864 -0.527225
v -0.840250 1.823181 -0.610657
v -0.713749 1.924360 -0.860953
v -0.466758 2.162069 -0.777521
v -0.713749 1.924360 -0.527225
v -0.840250 1.823181 -0.777521
v -0.555196 2.086864 -0.860953
v -0.466758 2.162069 -0.610657
v -0.630385 2.009920 -0.610657
v -0.630385 2.009920 -0.777521
v -0.547844 2.093584 -0.694089
v -0.743072 1.897386 -0.694089
v -0.734241 1.906017 -0.777521
v -0.550122 2.091494 -0.777521
v -0.550122 2.091494 -0.610657
v -0.734241 1.906017 -0.610657
v -0.859387 1.893411 -0.527225
v -0.524846 2.200954 -0.527225
v -0.859387 1.893411 -0.860953
v -0.524846 2.200954 -0.860953
v -0.679147 2.057330 -0.527225
v -0.905620 1.856671 -0.694089
v -0.679146 2.057330 -0.860953
v -0.513611 2.210458 -0.694089
v -0.682594 2.053375 -0.694089
v -0.605669 2.132190 -0.527225
v -0.890724 1.868508 -0.610657
v -0.764222 1.969687 -0.860953
v -0.517231 2.207396 -0.777521
v -0.764222 1.969687 -0.527225
v -0.890724 1.868508 -0.777521
v -0.605669 2.132190 -0.860953
v -0.517231 2.207396 -0.610657
v -0.680860 2.055247 -0.610657
v -0.680860 2.055247 -0.777521
v -0.598317 2.138910 -0.694089
v -0.793545 1.942712 -0.694089
v -0.784715 1.951343 -0.777521
v -0.600595 2.136820 -0.777521
v -0.600595 2.136820 -0.610657
v -0.784715 1.951343 -0.610657
v -0.282212 2.260381 0.828792
v -0.282212 2.260381 1.182469
v -0.509393 2.426889 1.182469
v -1.038979 1.813053 1.163315
v -1.038979 1.813053 0.847946
v 0.156462 2.410788 -0.001353
v -0.216032 2.804749 0.000250
v 0.180465 2.804749 0.000250
v -0.192028 2.410788 -0.001353
v -0.181023 2.503864 -1.194578
v 0.145455 2.503864 1.191974
v -0.181023 2.503864 1.191974
v -0.203510 2.872942 -1.230203
v 0.167943 2.872942 -1.230203
v 0.167943 2.872942 1.230601
v -0.203510 2.872942 1.230601
v 0.470254 2.032166 1.160474
v 0.470254 2.032167 0.850787
v 0.669178 2.177965 0.850787
v 0.669178 2.177965 1.160474
v 1.129744 1.619475 1.144216
v -0.056245 2.634597 -1.179226
v 0.036182 2.634597 -1.179226
v -0.170613 2.786164 -0.857285
v -1.021872 1.449563 0.844660
v 0.036182 2.634597 0.844660
v -0.836405 1.664580 1.163315
v -0.056245 2.634597 0.844660
v 0.150550 2.786164 0.844660
v -0.836405 1.664580 0.847946
v -0.170613 2.786164 1.166601
v -0.509393 2.426889 0.828792
v -1.030137 1.596768 -0.688273
v -0.682694 1.889659 -0.688273
v -1.030137 1.596768 -1.022000
v -0.682694 1.889659 -1.022000
v -0.843021 1.752795 -0.688273
v -1.077905 1.562049 -0.855137
v -0.843021 1.752795 -1.022000
v -0.671062 1.898672 -0.855137
v -0.846637 1.748993 -0.855137
v -0.766397 1.824431 -0.688273
v -1.062514 1.573235 -0.771705
v -0.931784 1.668887 -1.022000
v -0.674809 1.895768 -0.938569
v -0.931784 1.668887 -0.688273
v -1.062514 1.573235 -0.938569
v -0.766397 1.824431 -1.022000
v -0.674809 1.895768 -0.771705
v -0.844822 1.750788 -0.771705
v -0.844822 1.750788 -0.938569
v -0.758763 1.830829 -0.855137
v -0.962237 1.643197 -0.855137
v -0.953045 1.651441 -0.938569
v -0.761129 1.828838 -0.938569
v -0.761129 1.828838 -0.771705
v -0.953045 1.651441 -0.771705
v -1.078617 1.644221 -0.688273
v -0.731175 1.937112 -0.688273
v -1.078617 1.644221 -1.022000
v -0.731175 1.937112 -1.022000
v -0.891501 1.800248 -0.688273
v -1.126385 1.609502 -0.855137
v -0.891501 1.800248 -1.022000
v -0.719542 1.946124 -0.855137
v -0.895117 1.796445 -0.855137
v -0.814877 1.871883 -0.688273
v -1.110994 1.620688 -0.771705
v -0.980264 1.716340 -1.022000
v -0.723290 1.943221 -0.938569
v -0.980264 1.716340 -0.688273
v -1.110994 1.620688 -0.938569
v -0.814877 1.871883 -1.022000
v -0.723290 1.943221 -0.771705
v -0.893302 1.798240 -0.771705
v -0.893302 1.798240 -0.938569
v -0.807243 1.878281 -0.855137
v -1.010717 1.690649 -0.855137
v -1.001525 1.698894 -0.938569
v -0.809609 1.876291 -0.938569
v -0.809609 1.876291 -0.771705
v -1.001525 1.698894 -0.771705
v -1.001584 1.698820 0.941533
v -0.809668 1.876216 0.941533
v -0.809668 1.876216 0.774669
v -1.001584 1.698820 0.774669
v -1.010777 1.690575 0.858101
v -0.807302 1.878207 0.858101
v -0.893361 1.798166 0.774669
v -0.893361 1.798166 0.941533
v -0.723349 1.943146 0.941533
v -0.814936 1.871809 0.691237
v -1.111053 1.620614 0.774669
v -0.980323 1.716265 1.024965
v -0.723349 1.943146 0.774669
v -0.980323 1.716265 0.691237
v -1.111053 1.620614 0.941533
v -0.814936 1.871809 1.024965
v -0.895176 1.796370 0.858101
v -0.719601 1.946050 0.858101
v -0.891561 1.800173 0.691237
v -1.126444 1.609427 0.858101
v -0.891561 1.800173 1.024965
v -0.731234 1.937037 0.691237
v -1.078675 1.644147 0.691237
v -0.734684 1.939402 1.024887
v -1.078675 1.644147 1.024965
v -0.953032 1.651426 0.941539
v -0.761116 1.828824 0.941539
v -0.761116 1.828824 0.774675
v -0.953032 1.651426 0.774675
v -0.962225 1.643182 0.858107
v -0.758750 1.830813 0.858107
v -0.844810 1.750773 0.774675
v -0.844810 1.750773 0.941539
v -0.674797 1.895753 0.941539
v -0.766384 1.824416 0.691244
v -1.062501 1.573220 0.774675
v -0.931770 1.668873 1.024971
v -0.674797 1.895753 0.774675
v -0.931770 1.668873 0.691244
v -1.062501 1.573220 0.941539
v -0.766384 1.824416 1.024971
v -0.846623 1.748978 0.858107
v -0.671049 1.898657 0.858107
v -0.843009 1.752780 0.691244
v -1.077891 1.562034 0.858107
v -0.843009 1.752780 1.024971
v -0.682682 1.889644 0.691244
v -1.030124 1.596754 0.691244
v -0.682682 1.889644 1.024971
v -1.030124 1.596754 1.024971
v -1.001525 1.698894 0.598888
v -0.809609 1.876291 0.598888
v -0.809609 1.876291 0.432024
v -1.001525 1.698894 0.432024
v -1.010717 1.690649 0.515456
v -0.807243 1.878281 0.515456
v -0.893302 1.798240 0.432024
v -0.893302 1.798240 0.598888
v -0.723290 1.943221 0.598888
v -0.814877 1.871883 0.348592
v -1.110994 1.620688 0.432024
v -0.980264 1.716340 0.682320
v -0.723290 1.943221 0.432024
v -0.980264 1.716340 0.348592
v -1.110994 1.620688 0.598888
v -0.814877 1.871883 0.682320
v -0.895117 1.796445 0.515456
v -0.719543 1.946125 0.515456
v -0.891501 1.800248 0.348592
v -1.126385 1.609502 0.515456
v -0.891502 1.800248 0.682320
v -0.731175 1.937112 0.348592
v -1.078617 1.644221 0.348592
v -0.731175 1.937112 0.682320
v -1.078617 1.644221 0.682320
v -0.953045 1.651441 0.598888
v -0.761129 1.828838 0.598888
v -0.761129 1.828838 0.432024
v -0.953045 1.651441 0.432024
v -0.962237 1.643197 0.515456
v -0.758763 1.830829 0.515456
v -0.844823 1.750788 0.432024
v -0.844823 1.750788 0.598888
v -0.674810 1.895768 0.598888
v -0.766397 1.824431 0.348592
v -1.062514 1.573235 0.432024
v -0.931784 1.668887 0.682320
v -0.674810 1.895768 0.432024
v -0.931784 1.668887 0.348592
v -1.062514 1.573235 0.598888
v -0.766397 1.824431 0.682320
v -0.846637 1.748993 0.515456
v -0.671062 1.898672 0.515456
v -0.843021 1.752795 0.348592
v -1.077905 1.562049 0.515456
v -0.843021 1.752795 0.682320
v -0.682694 1.889659 0.348592
v -1.030137 1.596768 0.348592
v -0.682695 1.889659 0.682320
v -1.030137 1.596768 0.682320
v -1.001525 1.698894 0.257558
v -0.809609 1.876291 0.257558
v -0.809609 1.876291 0.090694
v -1.001525 1.698894 0.090694
v -1.010717 1.690649 0.174126
v -0.807243 1.878281 0.174126
v -0.893302 1.798240 0.090694
v -0.893302 1.798240 0.257558
v -0.723290 1.943221 0.257558
v -0.814877 1.871883 0.007262
v -1.110994 1.620688 0.090694
v -0.980264 1.716340 0.340990
v -0.723290 1.943221 0.090694
v -0.980264 1.716340 0.007262
v -1.110994 1.620688 0.257558
v -0.814877 1.871883 0.340989
v -0.895117 1.796445 0.174126
v -0.719543 1.946125 0.174126
v -0.891501 1.800248 0.007262
v -1.126385 1.609502 0.174126
v -0.891501 1.800248 0.340990
v -0.731175 1.937112 0.007262
v -1.078617 1.644221 0.007262
v -0.731175 1.937112 0.340989
v -1.078617 1.644221 0.340990
v -0.953045 1.651441 0.257558
v -0.761129 1.828838 0.257558
v -0.761129 1.828838 0.090694
v -0.953045 1.651441 0.090694
v -0.962237 1.643197 0.174126
v -0.758763 1.830829 0.174126
v -0.844823 1.750788 0.090694
v -0.844823 1.750788 0.257558
v -0.674810 1.895768 0.257558
v -0.766397 1.824431 0.007262
v -1.062514 1.573235 0.090694
v -0.931784 1.668887 0.340990
v -0.674810 1.895768 0.090694
v -0.931784 1.668887 0.007262
v -1.062514 1.573235 0.257558
v -0.766397 1.824431 0.340989
v -0.846637 1.748993 0.174126
v -0.671062 1.898672 0.174126
v -0.843021 1.752795 0.007262
v -1.077905 1.562049 0.174126
v -0.843021 1.752795 0.340990
v -0.682694 1.889659 0.007262
v -1.030137 1.596768 0.007262
v -0.682694 1.889659 0.340989
v -1.030137 1.596768 0.340990
v -1.001525 1.698894 -0.084067
v -0.809609 1.876291 -0.084067
v -0.809609 1.876291 -0.250930
v -1.001525 1.698894 -0.250930
v -1.010717 1.690649 -0.167499
v -0.807243 1.878281 -0.167499
v -0.893302 1.798240 -0.250930
v -0.893302 1.798240 -0.084067
v -0.723290 1.943221 -0.084067
v -0.814877 1.871883 -0.334362
v -1.110994 1.620688 -0.250930
v -0.980264 1.716340 -0.000635
v -0.723290 1.943221 -0.250930
v -0.980264 1.716340 -0.334362
v -1.110994 1.620688 -0.084067
v -0.814877 1.871883 -0.000635
v -0.895117 1.796445 -0.167499
v -0.719543 1.946125 -0.167499
v -0.891501 1.800248 -0.334362
v -1.126385 1.609502 -0.167499
v -0.891501 1.800248 -0.000635
v -0.731175 1.937112 -0.334362
v -1.078617 1.644221 -0.334362
v -0.731175 1.937112 -0.000635
v -1.078617 1.644221 -0.000635
v -0.953045 1.651441 -0.084067
v -0.761129 1.828838 -0.084067
v -0.761129 1.828838 -0.250930
v -0.953045 1.651441 -0.250930
v -0.962237 1.643197 -0.167499
v -0.758763 1.830829 -0.167499
v -0.844823 1.750788 -0.250930
v -0.844823 1.750788 -0.084067
v -0.674810 1.895768 -0.084067
v -0.766397 1.824431 -0.334362
v -1.062514 1.573235 -0.250930
v -0.931784 1.668887 -0.000635
v -0.674810 1.895768 -0.250930
v -0.931784 1.668887 -0.334362
v -1.062514 1.573235 -0.084067
v -0.766397 1.824431 -0.000635
v -0.846637 1.748993 -0.167499
v -0.671062 1.898672 -0.167499
v -0.843021 1.752795 -0.334362
v -1.077905 1.562049 -0.167499
v -0.843021 1.752795 -0.000635
v -0.682694 1.889659 -0.334362
v -1.030137 1.596768 -0.334362
v -0.682694 1.889659 -0.000635
v -1.030137 1.596768 -0.000635
v -1.001525 1.698894 -0.424512
v -0.809609 1.876291 -0.424512
v -0.809609 1.876291 -0.591376
v -1.001525 1.698894 -0.591376
v -1.010717 1.690649 -0.507944
v -0.807243 1.878281 -0.507944
v -0.893302 1.798240 -0.591376
v -0.893302 1.798240 -0.424512
v -0.723290 1.943221 -0.424512
v -0.814877 1.871883 -0.674808
v -1.110994 1.620688 -0.591376
v -0.980264 1.716340 -0.341080
v -0.723290 1.943221 -0.591376
v -0.980264 1.716340 -0.674808
v -1.110994 1.620688 -0.424512
v -0.814877 1.871883 -0.341080
v -0.895117 1.796445 -0.507944
v -0.719542 1.946124 -0.507944
v -0.891501 1.800248 -0.674808
v -1.126385 1.609502 -0.507944
v -0.891501 1.800248 -0.341080
v -0.731175 1.937112 -0.674808
v -1.078617 1.644221 -0.674808
v -0.731175 1.937112 -0.341080
v -1.078617 1.644221 -0.341080
v -0.953045 1.651441 -0.424512
v -0.761129 1.828838 -0.424512
v -0.761129 1.828838 -0.591376
v -0.953045 1.651441 -0.591376
v -0.962237 1.643197 -0.507944
v -0.758763 1.830829 -0.507944
v -0.844822 1.750788 -0.591376
v -0.844822 1.750788 -0.424512
v -0.674809 1.895768 -0.424512
v -0.766397 1.824431 -0.674808
v -1.062514 1.573235 -0.591376
v -0.931784 1.668887 -0.341080
v -0.674809 1.895768 -0.591376
v -0.931784 1.668887 -0.674808
v -1.062514 1.573235 -0.424512
v -0.766397 1.824431 -0.341080
v -0.846637 1.748993 -0.507944
v -0.671062 1.898672 -0.507944
v -0.843021 1.752795 -0.674808
v -1.077905 1.562049 -0.507944
v -0.843021 1.752795 -0.341080
v -0.682694 1.889659 -0.674808
v -1.030137 1.596768 -0.674808
v -0.682694 1.889659 -0.341080
v -1.030137 1.596768 -0.341080
v 1.129744 1.619475 0.822275
v -1.009117 1.467908 -1.179226
v 0.989054 1.467908 1.166601
v 1.011975 1.447910 -0.857285
v 1.195849 1.619475 -1.179226
v -1.009117 1.467908 -0.857285
v -1.187319 1.652850 -0.857285
v -1.215913 1.619475 0.844660
v -0.363021 2.500048 0.738792
v -0.178902 2.685524 0.738792
v -0.178902 2.685524 0.571929
v -0.363021 2.500048 0.571929
v -0.371851 2.491416 0.655361
v -0.176623 2.687615 0.655361
v -0.259166 2.603951 0.571929
v -0.259166 2.603951 0.738792
v -0.183975 2.680894 0.488497
v -0.469030 2.417213 0.571929
v -0.342528 2.518391 0.822224
v -0.342528 2.518391 0.488497
v -0.469030 2.417213 0.738792
v -0.183976 2.680894 0.822224
v -0.260902 2.602080 0.655361
v -0.257453 2.606034 0.488497
v -0.483927 2.405376 0.655361
v -0.257453 2.606034 0.822224
v -0.437694 2.442115 0.488497
v -0.437694 2.442115 0.822224
v -0.312478 2.454784 0.738799
v -0.128359 2.640261 0.738799
v -0.128359 2.640261 0.571935
v -0.312478 2.454784 0.571935
v -0.321308 2.446152 0.655367
v -0.126081 2.642351 0.655367
v -0.208623 2.558688 0.571935
v -0.208623 2.558688 0.738799
v -0.133433 2.635630 0.488503
v -0.418488 2.371948 0.571935
v -0.291986 2.473128 0.822231
v -0.291986 2.473128 0.488503
v -0.418488 2.371948 0.738799
v -0.133432 2.635630 0.822231
v -0.210358 2.556816 0.655367
v -0.206910 2.560770 0.488503
v -0.433383 2.360111 0.655367
v -0.206910 2.560769 0.822231
v -0.387151 2.396851 0.488503
v -0.387151 2.396851 0.822231
v -0.362966 2.500125 0.398276
v -0.178846 2.685602 0.398276
v -0.178846 2.685602 0.231412
v -0.362966 2.500125 0.231412
v -0.371796 2.491493 0.314844
v -0.176568 2.687692 0.314844
v -0.259111 2.604028 0.231412
v -0.259111 2.604028 0.398276
v -0.183920 2.680971 0.147980
v -0.468975 2.417289 0.231412
v -0.342473 2.518468 0.481708
v -0.342473 2.518468 0.147980
v -0.468975 2.417289 0.398276
v -0.183920 2.680971 0.481708
v -0.260845 2.602157 0.314844
v -0.257397 2.606111 0.147980
v -0.483871 2.405452 0.314844
v -0.257398 2.606111 0.481708
v -0.437638 2.442192 0.147980
v -0.437638 2.442192 0.481708
v -0.312492 2.454798 0.398276
v -0.128373 2.640275 0.398276
v -0.128373 2.640275 0.231412
v -0.312492 2.454798 0.231412
v -0.321323 2.446167 0.314844
v -0.126095 2.642365 0.314844
v -0.208636 2.558701 0.231412
v -0.208636 2.558701 0.398276
v -0.133447 2.635645 0.147980
v -0.418501 2.371962 0.231412
v -0.292000 2.473141 0.481708
v -0.292000 2.473141 0.147980
v -0.418501 2.371962 0.398276
v -0.133447 2.635645 0.481708
v -0.210372 2.556830 0.314844
v -0.206924 2.560784 0.147980
v -0.433397 2.360125 0.314844
v -0.206924 2.560784 0.481708
v -0.387164 2.396865 0.147980
v -0.387164 2.396865 0.481708
v -0.387164 2.396865 0.139764
v -0.387164 2.396865 -0.193964
v -0.206924 2.560784 0.139764
v -0.433397 2.360125 -0.027100
v -0.206924 2.560784 -0.193964
v -0.210372 2.556830 -0.027100
v -0.133447 2.635645 0.139764
v -0.418501 2.371962 0.056332
v -0.292000 2.473141 -0.193964
v -0.292000 2.473141 0.139764
v -0.418501 2.371962 -0.110532
v -0.133447 2.635645 -0.193964
v -0.208636 2.558701 0.056332
v -0.208636 2.558701 -0.110532
v -0.126095 2.642365 -0.027100
v -0.321323 2.446167 -0.027100
v -0.312492 2.454798 -0.110532
v -0.128373 2.640275 -0.110532
v -0.128373 2.640275 0.056332
v -0.312492 2.454798 0.056332
v -0.437638 2.442192 0.139764
v -0.437638 2.442192 -0.193964
v -0.257398 2.606111 0.139764
v -0.483871 2.405452 -0.027100
v -0.257397 2.606111 -0.193964
v -0.260845 2.602157 -0.027100
v -0.183920 2.680971 0.139764
v -0.468975 2.417289 0.056332
v -0.342473 2.518468 -0.193964
v -0.342473 2.518468 0.139764
v -0.468975 2.417289 -0.110532
v -0.183920 2.680971 -0.193964
v -0.259111 2.604028 0.056332
v -0.259111 2.604028 -0.110532
v -0.176568 2.687692 -0.027100
v -0.371796 2.491493 -0.027100
v -0.362966 2.500125 -0.110532
v -0.178846 2.685602 -0.110532
v -0.178846 2.685602 0.056332
v -0.362966 2.500125 0.056332
v -0.362966 2.500125 -0.284976
v -0.178846 2.685602 -0.284976
v -0.178846 2.685602 -0.451840
v -0.362966 2.500125 -0.451840
v -0.371796 2.491493 -0.368408
v -0.176568 2.687692 -0.368408
v -0.259111 2.604028 -0.451840
v -0.259111 2.604028 -0.284976
v -0.183920 2.680971 -0.535272
v -0.468975 2.417289 -0.451840
v -0.342473 2.518468 -0.201544
v -0.342473 2.518468 -0.535272
v -0.468975 2.417289 -0.284976
v -0.183920 2.680971 -0.201544
v -0.260845 2.602157 -0.368408
v -0.257397 2.606111 -0.535272
v -0.483871 2.405452 -0.368408
v -0.257398 2.606111 -0.201544
v -0.437638 2.442192 -0.535272
v -0.437638 2.442192 -0.201544
v -0.312492 2.454798 -0.284976
v -0.128373 2.640275 -0.284976
v -0.128373 2.640275 -0.451840
v -0.312492 2.454798 -0.451840
v -0.321323 2.446167 -0.368408
v -0.126095 2.642365 -0.368408
v -0.208636 2.558701 -0.451840
v -0.208636 2.558701 -0.284976
v -0.133447 2.635645 -0.535272
v -0.418501 2.371962 -0.451840
v -0.292000 2.473141 -0.201544
v -0.292000 2.473141 -0.535272
v -0.418501 2.371962 -0.284976
v -0.133447 2.635645 -0.201544
v -0.210372 2.556830 -0.368408
v -0.206924 2.560784 -0.535272
v -0.433397 2.360125 -0.368408
v -0.206924 2.560784 -0.201544
v -0.387164 2.396865 -0.535272
v -0.387164 2.396865 -0.201544
v -0.387164 2.396865 -0.541928
v -0.387164 2.396865 -0.875656
v -0.206924 2.560784 -0.541928
v -0.433397 2.360125 -0.708792
v -0.206924 2.560784 -0.875656
v -0.210372 2.556830 -0.708792
v -0.133447 2.635645 -0.541928
v -0.418501 2.371962 -0.625360
v -0.292000 2.473141 -0.875656
v -0.292000 2.473141 -0.541928
v -0.418501 2.371962 -0.792224
v -0.133447 2.635645 -0.875656
v -0.208636 2.558701 -0.625360
v -0.208636 2.558701 -0.792224
v -0.126095 2.642365 -0.708792
v -0.321323 2.446167 -0.708792
v -0.312492 2.454798 -0.792224
v -0.128373 2.640275 -0.792224
v -0.128373 2.640275 -0.625360
v -0.312492 2.454798 -0.625360
v -0.437638 2.442192 -0.541928
v -0.437638 2.442192 -0.875656
v -0.257398 2.606111 -0.541928
v -0.483871 2.405452 -0.708792
v -0.257397 2.606111 -0.875656
v -0.260845 2.602157 -0.708792
v -0.183920 2.680971 -0.541928
v -0.468975 2.417289 -0.625360
v -0.342473 2.518468 -0.875656
v -0.342473 2.518468 -0.541928
v -0.468975 2.417289 -0.792224
v -0.183920 2.680971 -0.875656
v -0.259111 2.604028 -0.625360
v -0.259111 2.604028 -0.792224
v -0.176568 2.687692 -0.708792
v -0.371796 2.491493 -0.708792
v -0.362966 2.500125 -0.792224
v -0.178846 2.685602 -0.792224
v -0.178846 2.685602 -0.625360
v -0.362966 2.500125 -0.625360
v -0.608388 2.145550 -0.702976
v -0.260945 2.438440 -0.702976
v -0.608388 2.145550 -1.036703
v -0.260945 2.438440 -1.036703
v -0.421272 2.301576 -0.702976
v -0.656156 2.110831 -0.869840
v -0.421272 2.301576 -1.036703
v -0.249312 2.447453 -0.869840
v -0.424888 2.297774 -0.869840
v -0.344647 2.373212 -0.702976
v -0.640765 2.122016 -0.786408
v -0.510035 2.217669 -1.036703
v -0.253060 2.444549 -0.953271
v -0.510035 2.217669 -0.702976
v -0.640765 2.122016 -0.953272
v -0.344648 2.373212 -1.036703
v -0.253060 2.444549 -0.786408
v -0.423073 2.299569 -0.786408
v -0.423073 2.299569 -0.953271
v -0.337014 2.379610 -0.869840
v -0.540488 2.191978 -0.869840
v -0.531296 2.200222 -0.953272
v -0.339380 2.377620 -0.953271
v -0.339380 2.377620 -0.786408
v -0.531296 2.200222 -0.786408
v -0.656868 2.193003 -0.702976
v -0.309426 2.485893 -0.702976
v -0.656868 2.193003 -1.036703
v -0.309426 2.485893 -1.036703
v -0.469752 2.349029 -0.702976
v -0.704636 2.158283 -0.869840
v -0.469752 2.349029 -1.036703
v -0.297793 2.494906 -0.869840
v -0.473368 2.345227 -0.869840
v -0.393128 2.420665 -0.702976
v -0.689245 2.169470 -0.786408
v -0.558515 2.265122 -1.036703
v -0.301541 2.492003 -0.953271
v -0.558515 2.265122 -0.702976
v -0.689245 2.169470 -0.953272
v -0.393128 2.420665 -1.036703
v -0.301541 2.492003 -0.786408
v -0.471553 2.347022 -0.786408
v -0.471553 2.347022 -0.953272
v -0.385494 2.427063 -0.869840
v -0.588968 2.239431 -0.869840
v -0.579776 2.247676 -0.953272
v -0.387860 2.425073 -0.953271
v -0.387860 2.425073 -0.786408
v -0.579776 2.247676 -0.786408
v -0.579835 2.247601 0.926830
v -0.387919 2.424998 0.926830
v -0.387919 2.424998 0.759966
v -0.579835 2.247601 0.759966
v -0.589028 2.239356 0.843398
v -0.385552 2.426988 0.843398
v -0.471612 2.346947 0.759966
v -0.471612 2.346947 0.926830
v -0.301600 2.491928 0.926830
v -0.393187 2.420590 0.676534
v -0.689304 2.169396 0.759966
v -0.558574 2.265046 1.010262
v -0.301600 2.491928 0.759966
v -0.558574 2.265046 0.676534
v -0.689304 2.169396 0.926830
v -0.393187 2.420590 1.010262
v -0.473427 2.345152 0.843398
v -0.297852 2.494832 0.843398
v -0.469812 2.348954 0.676534
v -0.704695 2.158209 0.843398
v -0.469812 2.348954 1.010262
v -0.309485 2.485819 0.676534
v -0.656926 2.192929 0.676534
v -0.312935 2.488184 1.010184
v -0.656926 2.192929 1.010262
v -0.531283 2.200208 0.926836
v -0.339367 2.377605 0.926836
v -0.339367 2.377605 0.759973
v -0.531283 2.200208 0.759972
v -0.540476 2.191964 0.843404
v -0.337001 2.379595 0.843404
v -0.423061 2.299555 0.759972
v -0.423061 2.299555 0.926836
v -0.253048 2.444535 0.926836
v -0.344635 2.373197 0.676541
v -0.640752 2.122001 0.759972
v -0.510021 2.217654 1.010268
v -0.253048 2.444535 0.759973
v -0.510021 2.217654 0.676541
v -0.640752 2.122001 0.926836
v -0.344635 2.373197 1.010268
v -0.424874 2.297759 0.843404
v -0.249300 2.447438 0.843404
v -0.421260 2.301561 0.676541
v -0.656142 2.110816 0.843404
v -0.421260 2.301561 1.010268
v -0.260933 2.438425 0.676541
v -0.608375 2.145535 0.676541
v -0.260933 2.438425 1.010268
v -0.608375 2.145535 1.010268
v -0.579776 2.247676 0.584185
v -0.387860 2.425073 0.584185
v -0.387860 2.425073 0.417321
v -0.579776 2.247676 0.417321
v -0.588968 2.239431 0.500753
v -0.385494 2.427063 0.500753
v -0.471553 2.347022 0.417321
v -0.471553 2.347022 0.584185
v -0.301541 2.492003 0.584185
v -0.393128 2.420665 0.333889
v -0.689245 2.169470 0.417321
v -0.558515 2.265122 0.667617
v -0.301541 2.492003 0.417321
v -0.558515 2.265122 0.333889
v -0.689245 2.169470 0.584185
v -0.393128 2.420665 0.667617
v -0.473368 2.345227 0.500753
v -0.297793 2.494906 0.500753
v -0.469752 2.349029 0.333889
v -0.704636 2.158283 0.500753
v -0.469753 2.349029 0.667617
v -0.309426 2.485893 0.333889
v -0.656868 2.193003 0.333889
v -0.309426 2.485893 0.667617
v -0.656868 2.193003 0.667617
v -0.531296 2.200222 0.584185
v -0.339380 2.377620 0.584185
v -0.339380 2.377620 0.417321
v -0.531296 2.200222 0.417321
v -0.540488 2.191978 0.500753
v -0.337014 2.379610 0.500753
v -0.423074 2.299569 0.417321
v -0.423074 2.299569 0.584185
v -0.253061 2.444549 0.584185
v -0.344648 2.373212 0.333889
v -0.640765 2.122016 0.417321
v -0.510035 2.217669 0.667617
v -0.253061 2.444549 0.417321
v -0.510035 2.217669 0.333889
v -0.640765 2.122016 0.584185
v -0.344647 2.373212 0.667617
v -0.424888 2.297774 0.500753
v -0.249312 2.447453 0.500753
v -0.421272 2.301576 0.333889
v -0.656156 2.110831 0.500753
v -0.421272 2.301576 0.667617
v -0.260945 2.438440 0.333889
v -0.608388 2.145550 0.333889
v -0.260946 2.438440 0.667617
v -0.608388 2.145550 0.667617
v -0.579776 2.247676 0.242855
v -0.387860 2.425073 0.242855
v -0.387860 2.425073 0.075991
v -0.579776 2.247676 0.075991
v -0.588968 2.239431 0.159423
v -0.385494 2.427063 0.159423
v -0.471553 2.347022 0.075991
v -0.471553 2.347022 0.242855
v -0.301541 2.492003 0.242855
v -0.393128 2.420665 -0.007441
v -0.689245 2.169470 0.075991
v -0.558515 2.265122 0.326287
v -0.301541 2.492003 0.075991
v -0.558515 2.265122 -0.007441
v -0.689245 2.169470 0.242855
v -0.393128 2.420665 0.326287
v -0.473368 2.345227 0.159423
v -0.297793 2.494906 0.159423
v -0.469752 2.349029 -0.007441
v -0.704636 2.158283 0.159423
v -0.469752 2.349029 0.326287
v -0.309426 2.485893 -0.007441
v -0.656868 2.193003 -0.007441
v -0.309426 2.485893 0.326287
v -0.656868 2.193003 0.326287
v -0.531296 2.200222 0.242855
v -0.339380 2.377620 0.242855
v -0.339380 2.377620 0.075991
v -0.531296 2.200222 0.075991
v -0.540488 2.191978 0.159423
v -0.337014 2.379610 0.159423
v -0.423074 2.299569 0.075991
v -0.423074 2.299569 0.242855
v -0.253061 2.444549 0.242855
v -0.344648 2.373212 -0.007441
v -0.640765 2.122016 0.075991
v -0.510035 2.217669 0.326287
v -0.253061 2.444549 0.075991
v -0.510035 2.217669 -0.007441
v -0.640765 2.122016 0.242855
v -0.344647 2.373212 0.326287
v -0.424888 2.297774 0.159423
v -0.249312 2.447453 0.159423
v -0.421272 2.301576 -0.007441
v -0.656156 2.110831 0.159423
v -0.421272 2.301576 0.326287
v -0.260945 2.438440 -0.007441
v -0.608388 2.145550 -0.007441
v -0.260945 2.438440 0.326287
v -0.608388 2.145550 0.326287
v -0.579776 2.247676 -0.098770
v -0.387860 2.425073 -0.098770
v -0.387860 2.425073 -0.265633
v -0.579776 2.247676 -0.265633
v -0.588968 2.239431 -0.182202
v -0.385494 2.427063 -0.182202
v -0.471553 2.347022 -0.265633
v -0.471553 2.347022 -0.098770
v -0.301541 2.492003 -0.098770
v -0.393128 2.420665 -0.349065
v -0.689245 2.169470 -0.265633
v -0.558515 2.265122 -0.015338
v -0.301541 2.492003 -0.265633
v -0.558515 2.265122 -0.349065
v -0.689245 2.169470 -0.098770
v -0.393128 2.420665 -0.015338
v -0.473368 2.345227 -0.182202
v -0.297793 2.494906 -0.182202
v -0.469752 2.349029 -0.349065
v -0.704636 2.158283 -0.182202
v -0.469752 2.349029 -0.015338
v -0.309426 2.485893 -0.349065
v -0.656868 2.193003 -0.349065
v -0.309426 2.485893 -0.015338
v -0.656868 2.193003 -0.015338
v -0.531296 2.200222 -0.098770
v -0.339380 2.377620 -0.098770
v -0.339380 2.377620 -0.265633
v -0.531296 2.200222 -0.265633
v -0.540488 2.191978 -0.182202
v -0.337014 2.379610 -0.182202
v -0.423074 2.299569 -0.265633
v -0.423074 2.299569 -0.098770
v -0.253061 2.444549 -0.098770
v -0.344648 2.373212 -0.349065
v -0.640765 2.122016 -0.265633
v -0.510035 2.217669 -0.015338
v -0.253061 2.444549 -0.265633
v -0.510035 2.217669 -0.349065
v -0.640765 2.122016 -0.098770
v -0.344647 2.373212 -0.015338
v -0.424888 2.297774 -0.182202
v -0.249312 2.447453 -0.182202
v -0.421272 2.301576 -0.349065
v -0.656156 2.110831 -0.182202
v -0.421272 2.301576 -0.015338
v -0.260945 2.438440 -0.349065
v -0.608388 2.145550 -0.349065
v -0.260945 2.438440 -0.015338
v -0.608388 2.145550 -0.015338
v -0.579776 2.247676 -0.439215
v -0.387860 2.425073 -0.439215
v -0.387860 2.425073 -0.606079
v -0.579776 2.247676 -0.606079
v -0.588968 2.239431 -0.522647
v -0.385494 2.427063 -0.522647
v -0.471553 2.347022 -0.606079
v -0.471553 2.347022 -0.439215
v -0.301541 2.492003 -0.439215
v -0.393128 2.420665 -0.689511
v -0.689245 2.169470 -0.606079
v -0.558515 2.265122 -0.355783
v -0.301541 2.492003 -0.606079
v -0.558515 2.265122 -0.689511
v -0.689245 2.169470 -0.439215
v -0.393128 2.420665 -0.355783
v -0.473368 2.345227 -0.522647
v -0.297793 2.494906 -0.522647
v -0.469752 2.349029 -0.689511
v -0.704636 2.158283 -0.522647
v -0.469752 2.349029 -0.355783
v -0.309426 2.485893 -0.689511
v -0.656868 2.193003 -0.689511
v -0.309426 2.485893 -0.355783
v -0.656868 2.193003 -0.355783
v -0.531296 2.200222 -0.439215
v -0.339380 2.377620 -0.439215
v -0.339380 2.377620 -0.606079
v -0.531296 2.200222 -0.606079
v -0.540488 2.191978 -0.522647
v -0.337014 2.379610 -0.522647
v -0.423073 2.299569 -0.606079
v -0.423073 2.299569 -0.439215
v -0.253060 2.444549 -0.439215
v -0.344648 2.373212 -0.689511
v -0.640765 2.122016 -0.606079
v -0.510035 2.217669 -0.355783
v -0.253060 2.444549 -0.606079
v -0.510035 2.217669 -0.689511
v -0.640765 2.122016 -0.439215
v -0.344647 2.373212 -0.355783
v -0.424888 2.297774 -0.522647
v -0.249312 2.447453 -0.522647
v -0.421272 2.301576 -0.689511
v -0.656156 2.110831 -0.522647
v -0.421272 2.301576 -0.355783
v -0.260945 2.438440 -0.689511
v -0.608388 2.145550 -0.689511
v -0.260945 2.438440 -0.355783
v -0.608388 2.145550 -0.355783
v 0.744439 1.951267 -0.776107
v 0.560320 2.136743 -0.776107
v 0.560320 2.136743 -0.609244
v 0.744439 1.951267 -0.609244
v 0.753269 1.942635 -0.692675
v 0.558042 2.138834 -0.692675
v 0.640584 2.055170 -0.609244
v 0.640584 2.055170 -0.776107
v 0.476955 2.207319 -0.776107
v 0.565394 2.132113 -0.525812
v 0.850449 1.868431 -0.609244
v 0.723947 1.969610 -0.859539
v 0.476955 2.207319 -0.609244
v 0.723947 1.969610 -0.525812
v 0.850449 1.868431 -0.776107
v 0.565394 2.132113 -0.859539
v 0.642320 2.053298 -0.692675
v 0.473336 2.210381 -0.692675
v 0.638871 2.057252 -0.525812
v 0.865345 1.856594 -0.692675
v 0.638871 2.057252 -0.859539
v 0.484571 2.200876 -0.525812
v 0.819112 1.893333 -0.525812
v 0.488120 2.203092 -0.859461
v 0.819112 1.893333 -0.859539
v 0.693896 1.906003 -0.776114
v 0.509777 2.091479 -0.776114
v 0.509777 2.091479 -0.609250
v 0.693896 1.906003 -0.609250
v 0.702726 1.897371 -0.692682
v 0.507499 2.093569 -0.692682
v 0.590041 2.009906 -0.609250
v 0.590041 2.009906 -0.776114
v 0.426413 2.162055 -0.776114
v 0.514852 2.086849 -0.525818
v 0.799906 1.823167 -0.609250
v 0.673404 1.924347 -0.859546
v 0.426413 2.162055 -0.609250
v 0.673404 1.924347 -0.525818
v 0.799906 1.823167 -0.776114
v 0.514851 2.086849 -0.859546
v 0.591776 2.008034 -0.692682
v 0.422792 2.165117 -0.692682
v 0.588328 2.011988 -0.525818
v 0.814801 1.811330 -0.692682
v 0.588328 2.011988 -0.859546
v 0.434028 2.155613 -0.525818
v 0.768569 1.848069 -0.525818
v 0.434028 2.155613 -0.859546
v 0.768569 1.848069 -0.859546
v 0.744384 1.951343 -0.435591
v 0.560265 2.136820 -0.435591
v 0.560265 2.136820 -0.268727
v 0.744384 1.951343 -0.268727
v 0.753214 1.942712 -0.352159
v 0.557986 2.138910 -0.352159
v 0.640529 2.055247 -0.268727
v 0.640529 2.055247 -0.435591
v 0.476900 2.207396 -0.435591
v 0.565338 2.132190 -0.185295
v 0.850393 1.868508 -0.268727
v 0.723891 1.969687 -0.519023
v 0.476900 2.207396 -0.268727
v 0.723891 1.969687 -0.185295
v 0.850393 1.868508 -0.435591
v 0.565338 2.132190 -0.519023
v 0.642263 2.053375 -0.352159
v 0.473280 2.210458 -0.352159
v 0.638815 2.057330 -0.185295
v 0.865289 1.856671 -0.352159
v 0.638816 2.057330 -0.519023
v 0.484515 2.200954 -0.185295
v 0.819057 1.893411 -0.185295
v 0.484515 2.200954 -0.519023
v 0.819057 1.893411 -0.519023
v 0.693911 1.906017 -0.435591
v 0.509791 2.091494 -0.435591
v 0.509791 2.091494 -0.268727
v 0.693911 1.906017 -0.268727
v 0.702741 1.897386 -0.352159
v 0.507513 2.093584 -0.352159
v 0.590055 2.009920 -0.268727
v 0.590055 2.009920 -0.435591
v 0.426427 2.162069 -0.435591
v 0.514865 2.086864 -0.185295
v 0.799919 1.823181 -0.268727
v 0.673418 1.924360 -0.519023
v 0.426427 2.162069 -0.268727
v 0.673418 1.924360 -0.185295
v 0.799919 1.823181 -0.435591
v 0.514865 2.086864 -0.519023
v 0.591790 2.008049 -0.352159
v 0.422807 2.165131 -0.352159
v 0.588342 2.012003 -0.185295
v 0.814816 1.811344 -0.352159
v 0.588342 2.012003 -0.519023
v 0.434042 2.155627 -0.185295
v 0.768582 1.848083 -0.185295
v 0.434042 2.155627 -0.519023
v 0.768582 1.848083 -0.519023
v 0.768582 1.848083 -0.177079
v 0.434042 2.155627 -0.177079
v 0.768582 1.848083 0.156649
v 0.434042 2.155627 0.156649
v 0.588342 2.012003 -0.177079
v 0.814816 1.811344 -0.010215
v 0.588342 2.012003 0.156649
v 0.422807 2.165131 -0.010215
v 0.591790 2.008049 -0.010215
v 0.514865 2.086864 -0.177079
v 0.799919 1.823181 -0.093647
v 0.673418 1.924360 0.156649
v 0.426427 2.162069 0.073217
v 0.673418 1.924360 -0.177079
v 0.799919 1.823181 0.073217
v 0.514865 2.086864 0.156649
v 0.426427 2.162069 -0.093647
v 0.590055 2.009920 -0.093647
v 0.590055 2.009920 0.073217
v 0.507513 2.093584 -0.010215
v 0.702741 1.897386 -0.010215
v 0.693911 1.906017 0.073217
v 0.509791 2.091494 0.073217
v 0.509791 2.091494 -0.093647
v 0.693911 1.906017 -0.093647
v 0.819057 1.893411 -0.177079
v 0.484515 2.200954 -0.177079
v 0.819057 1.893411 0.156649
v 0.484515 2.200954 0.156649
v 0.638816 2.057330 -0.177079
v 0.865289 1.856671 -0.010215
v 0.638815 2.057330 0.156649
v 0.473280 2.210458 -0.010215
v 0.642263 2.053375 -0.010215
v 0.565338 2.132190 -0.177079
v 0.850393 1.868508 -0.093647
v 0.723891 1.969687 0.156649
v 0.476900 2.207396 0.073217
v 0.723891 1.969687 -0.177079
v 0.850393 1.868508 0.073217
v 0.565338 2.132190 0.156649
v 0.476900 2.207396 -0.093647
v 0.640529 2.055247 -0.093647
v 0.640529 2.055247 0.073217
v 0.557986 2.138910 -0.010215
v 0.753214 1.942712 -0.010215
v 0.744384 1.951343 0.073217
v 0.560265 2.136820 0.073217
v 0.560265 2.136820 -0.093647
v 0.744384 1.951343 -0.093647
v 0.744384 1.951343 0.247661
v 0.560265 2.136820 0.247661
v 0.560265 2.136820 0.414525
v 0.744384 1.951343 0.414525
v 0.753214 1.942712 0.331093
v 0.557986 2.138910 0.331093
v 0.640529 2.055247 0.414525
v 0.640529 2.055247 0.247661
v 0.476900 2.207396 0.247661
v 0.565338 2.132190 0.497957
v 0.850393 1.868508 0.414525
v 0.723891 1.969687 0.164229
v 0.476900 2.207396 0.414525
v 0.723891 1.969687 0.497957
v 0.850393 1.868508 0.247661
v 0.565338 2.132190 0.164229
v 0.642263 2.053375 0.331093
v 0.473280 2.210458 0.331093
v 0.638815 2.057330 0.497957
v 0.865289 1.856671 0.331093
v 0.638816 2.057330 0.164229
v 0.484515 2.200954 0.497957
v 0.819057 1.893411 0.497957
v 0.484515 2.200954 0.164229
v 0.819057 1.893411 0.164229
v 0.693911 1.906017 0.247661
v 0.509791 2.091494 0.247661
v 0.509791 2.091494 0.414525
v 0.693911 1.906017 0.414525
v 0.702741 1.897386 0.331093
v 0.507513 2.093584 0.331093
v 0.590054 2.009920 0.414525
v 0.590055 2.009920 0.247661
v 0.426427 2.162069 0.247661
v 0.514865 2.086864 0.497957
v 0.799919 1.823181 0.414525
v 0.673418 1.924360 0.164229
v 0.426427 2.162069 0.414525
v 0.673418 1.924360 0.497957
v 0.799919 1.823181 0.247661
v 0.514865 2.086864 0.164229
v 0.591790 2.008049 0.331093
v 0.422807 2.165131 0.331093
v 0.588342 2.012003 0.497957
v 0.814816 1.811344 0.331093
v 0.588342 2.012003 0.164229
v 0.434042 2.155627 0.497957
v 0.768582 1.848083 0.497957
v 0.434042 2.155627 0.164229
v 0.768582 1.848083 0.164229
v 0.768582 1.848083 0.504613
v 0.434042 2.155627 0.504613
v 0.768582 1.848083 0.838341
v 0.434042 2.155627 0.838341
v 0.588342 2.012003 0.504613
v 0.814815 1.811344 0.671477
v 0.588342 2.012003 0.838341
v 0.422807 2.165131 0.671477
v 0.591790 2.008049 0.671477
v 0.514865 2.086864 0.504613
v 0.799919 1.823181 0.588045
v 0.673418 1.924360 0.838341
v 0.426427 2.162069 0.754909
v 0.673418 1.924360 0.504613
v 0.799919 1.823181 0.754909
v 0.514865 2.086864 0.838341
v 0.426427 2.162069 0.588045
v 0.590054 2.009920 0.588045
v 0.590054 2.009920 0.754909
v 0.507513 2.093584 0.671477
v 0.702741 1.897386 0.671477
v 0.693911 1.906017 0.754909
v 0.509791 2.091494 0.754909
v 0.509791 2.091494 0.588045
v 0.693911 1.906017 0.588045
v 0.819056 1.893411 0.504613
v 0.484515 2.200954 0.504613
v 0.819056 1.893411 0.838341
v 0.484515 2.200954 0.838341
v 0.638816 2.057330 0.504613
v 0.865289 1.856671 0.671477
v 0.638815 2.057330 0.838341
v 0.473280 2.210458 0.671477
v 0.642263 2.053375 0.671477
v 0.565338 2.132190 0.504613
v 0.850393 1.868508 0.588045
v 0.723891 1.969687 0.838341
v 0.476900 2.207396 0.754909
v 0.723891 1.969687 0.504613
v 0.850393 1.868508 0.754909
v 0.565338 2.132190 0.838341
v 0.476900 2.207396 0.588045
v 0.640529 2.055247 0.588045
v 0.640529 2.055247 0.754909
v 0.557986 2.138910 0.671477
v 0.753214 1.942712 0.671477
v 0.744384 1.951343 0.754909
v 0.560265 2.136820 0.754909
v 0.560265 2.136820 0.588045
v 0.744384 1.951343 0.588045
v 0.989806 1.596768 0.665661
v 0.642363 1.889659 0.665661
v 0.989806 1.596768 0.999389
v 0.642363 1.889659 0.999389
v 0.802690 1.752795 0.665661
v 1.037574 1.562049 0.832525
v 0.802690 1.752795 0.999389
v 0.630731 1.898672 0.832525
v 0.806306 1.748993 0.832525
v 0.726066 1.824431 0.665661
v 1.022183 1.573235 0.749093
v 0.891453 1.668887 0.999389
v 0.634478 1.895768 0.915957
v 0.891453 1.668887 0.665661
v 1.022183 1.573235 0.915957
v 0.726066 1.824431 0.999389
v 0.634479 1.895768 0.749093
v 0.804491 1.750788 0.749093
v 0.804491 1.750788 0.915957
v 0.718432 1.830829 0.832525
v 0.921906 1.643197 0.832525
v 0.912714 1.651441 0.915957
v 0.720798 1.828838 0.915957
v 0.720798 1.828838 0.749093
v 0.912714 1.651441 0.749093
v 1.038286 1.644221 0.665661
v 0.690844 1.937112 0.665661
v 1.038286 1.644221 0.999389
v 0.690844 1.937112 0.999389
v 0.851170 1.800248 0.665661
v 1.086054 1.609502 0.832525
v 0.851170 1.800248 0.999389
v 0.679211 1.946124 0.832525
v 0.854786 1.796445 0.832525
v 0.774546 1.871883 0.665661
v 1.070663 1.620688 0.749093
v 0.939933 1.716340 0.999389
v 0.682959 1.943221 0.915957
v 0.939933 1.716340 0.665661
v 1.070663 1.620688 0.915957
v 0.774546 1.871883 0.999389
v 0.682959 1.943221 0.749093
v 0.852971 1.798240 0.749093
v 0.852971 1.798240 0.915957
v 0.766912 1.878281 0.832525
v 0.970386 1.690649 0.832525
v 0.961194 1.698894 0.915957
v 0.769278 1.876291 0.915957
v 0.769278 1.876291 0.749093
v 0.961194 1.698894 0.749093
v 0.961253 1.698820 -0.964145
v 0.769337 1.876216 -0.964145
v 0.769337 1.876216 -0.797281
v 0.961253 1.698820 -0.797281
v 0.970446 1.690575 -0.880713
v 0.766971 1.878207 -0.880713
v 0.853030 1.798166 -0.797281
v 0.853030 1.798166 -0.964145
v 0.683018 1.943146 -0.964145
v 0.774605 1.871809 -0.713849
v 1.070723 1.620614 -0.797281
v 0.939992 1.716265 -1.047576
v 0.683018 1.943146 -0.797281
v 0.939992 1.716265 -0.713849
v 1.070723 1.620614 -0.964145
v 0.774605 1.871809 -1.047576
v 0.854845 1.796370 -0.880713
v 0.679270 1.946050 -0.880713
v 0.851230 1.800173 -0.713849
v 1.086113 1.609427 -0.880713
v 0.851230 1.800173 -1.047576
v 0.690903 1.937037 -0.713849
v 1.038344 1.644147 -0.713849
v 0.694353 1.939402 -1.047498
v 1.038345 1.644147 -1.047576
v 0.912702 1.651426 -0.964151
v 0.720785 1.828824 -0.964151
v 0.720785 1.828824 -0.797287
v 0.912702 1.651426 -0.797287
v 0.921894 1.643182 -0.880719
v 0.718419 1.830813 -0.880719
v 0.804479 1.750773 -0.797287
v 0.804479 1.750773 -0.964151
v 0.634466 1.895753 -0.964151
v 0.726053 1.824416 -0.713856
v 1.022170 1.573220 -0.797287
v 0.891440 1.668873 -1.047583
v 0.634466 1.895753 -0.797287
v 0.891439 1.668873 -0.713856
v 1.022170 1.573220 -0.964151
v 0.726053 1.824416 -1.047583
v 0.806293 1.748978 -0.880719
v 0.630718 1.898657 -0.880719
v 0.802678 1.752780 -0.713856
v 1.037560 1.562034 -0.880719
v 0.802678 1.752780 -1.047583
v 0.642351 1.889644 -0.713856
v 0.989793 1.596754 -0.713856
v 0.642351 1.889644 -1.047583
v 0.989793 1.596754 -1.047583
v 0.961194 1.698894 -0.621500
v 0.769279 1.876291 -0.621500
v 0.769279 1.876291 -0.454636
v 0.961194 1.698894 -0.454636
v 0.970387 1.690649 -0.538068
v 0.766913 1.878281 -0.538068
v 0.852971 1.798240 -0.454636
v 0.852971 1.798240 -0.621500
v 0.682960 1.943221 -0.621500
v 0.774546 1.871883 -0.371204
v 1.070663 1.620688 -0.454636
v 0.939933 1.716340 -0.704931
v 0.682960 1.943221 -0.454636
v 0.939933 1.716340 -0.371204
v 1.070663 1.620688 -0.621499
v 0.774546 1.871883 -0.704932
v 0.854786 1.796445 -0.538068
v 0.679212 1.946125 -0.538068
v 0.851171 1.800248 -0.371204
v 1.086054 1.609502 -0.538068
v 0.851172 1.800248 -0.704932
v 0.690845 1.937112 -0.371204
v 1.038286 1.644221 -0.371204
v 0.690845 1.937112 -0.704932
v 1.038286 1.644221 -0.704931
v 0.912714 1.651441 -0.621500
v 0.720799 1.828838 -0.621500
v 0.720799 1.828838 -0.454636
v 0.912714 1.651441 -0.454636
v 0.921907 1.643197 -0.538068
v 0.718432 1.830829 -0.538068
v 0.804492 1.750788 -0.454636
v 0.804492 1.750788 -0.621500
v 0.634480 1.895768 -0.621500
v 0.726067 1.824431 -0.371204
v 1.022183 1.573235 -0.454636
v 0.891453 1.668887 -0.704931
v 0.634480 1.895768 -0.454636
v 0.891453 1.668887 -0.371204
v 1.022183 1.573235 -0.621499
v 0.726066 1.824431 -0.704932
v 0.806306 1.748993 -0.538068
v 0.630731 1.898672 -0.538068
v 0.802691 1.752795 -0.371204
v 1.037574 1.562049 -0.538068
v 0.802691 1.752795 -0.704932
v 0.642364 1.889659 -0.371204
v 0.989806 1.596768 -0.371204
v 0.642365 1.889659 -0.704932
v 0.989806 1.596768 -0.704931
v 0.961194 1.698894 -0.280170
v 0.769279 1.876291 -0.280170
v 0.769279 1.876291 -0.113306
v 0.961194 1.698894 -0.113306
v 0.970387 1.690649 -0.196738
v 0.766912 1.878281 -0.196738
v 0.852971 1.798240 -0.113306
v 0.852971 1.798240 -0.280170
v 0.682960 1.943221 -0.280170
v 0.774546 1.871883 -0.029874
v 1.070663 1.620688 -0.113306
v 0.939933 1.716340 -0.363602
v 0.682960 1.943221 -0.113306
v 0.939933 1.716340 -0.029874
v 1.070663 1.620688 -0.280170
v 0.774546 1.871883 -0.363601
v 0.854786 1.796445 -0.196738
v 0.679212 1.946125 -0.196738
v 0.851171 1.800248 -0.029874
v 1.086054 1.609502 -0.196738
v 0.851171 1.800248 -0.363602
v 0.690845 1.937112 -0.029874
v 1.038286 1.644221 -0.029874
v 0.690845 1.937112 -0.363602
v 1.038286 1.644221 -0.363602
v 0.912714 1.651441 -0.280170
v 0.720798 1.828838 -0.280170
v 0.720798 1.828838 -0.113306
v 0.912714 1.651441 -0.113306
v 0.921906 1.643197 -0.196738
v 0.718432 1.830829 -0.196738
v 0.804492 1.750788 -0.113306
v 0.804492 1.750788 -0.280170
v 0.634480 1.895768 -0.280170
v 0.726067 1.824431 -0.029874
v 1.022183 1.573235 -0.113306
v 0.891453 1.668887 -0.363602
v 0.634480 1.895768 -0.113306
v 0.891453 1.668887 -0.029874
v 1.022183 1.573235 -0.280170
v 0.726066 1.824431 -0.363601
v 0.806306 1.748993 -0.196738
v 0.630731 1.898672 -0.196738
v 0.802691 1.752795 -0.029874
v 1.037574 1.562049 -0.196738
v 0.802691 1.752795 -0.363602
v 0.642364 1.889659 -0.029874
v 0.989806 1.596768 -0.029874
v 0.642364 1.889659 -0.363602
v 0.989806 1.596768 -0.363602
v 0.961194 1.698894 0.061455
v 0.769279 1.876291 0.061455
v 0.769279 1.876291 0.228318
v 0.961194 1.698894 0.228318
v 0.970387 1.690649 0.144887
v 0.766912 1.878281 0.144887
v 0.852971 1.798240 0.228319
v 0.852971 1.798240 0.061455
v 0.682960 1.943221 0.061455
v 0.774546 1.871883 0.311750
v 1.070663 1.620688 0.228319
v 0.939933 1.716340 -0.021977
v 0.682960 1.943221 0.228318
v 0.939933 1.716340 0.311750
v 1.070663 1.620688 0.061455
v 0.774546 1.871883 -0.021977
v 0.854786 1.796445 0.144887
v 0.679212 1.946125 0.144887
v 0.851171 1.800248 0.311750
v 1.086054 1.609502 0.144887
v 0.851171 1.800248 -0.021977
v 0.690845 1.937112 0.311750
v 1.038286 1.644221 0.311750
v 0.690845 1.937112 -0.021977
v 1.038286 1.644221 -0.021977
v 0.912714 1.651441 0.061455
v 0.720798 1.828838 0.061455
v 0.720798 1.828838 0.228318
v 0.912714 1.651441 0.228318
v 0.921906 1.643197 0.144887
v 0.718432 1.830829 0.144887
v 0.804492 1.750788 0.228319
v 0.804492 1.750788 0.061455
v 0.634480 1.895768 0.061455
v 0.726067 1.824431 0.311750
v 1.022183 1.573235 0.228319
v 0.891453 1.668887 -0.021977
v 0.634480 1.895768 0.228318
v 0.891453 1.668887 0.311750
v 1.022183 1.573235 0.061455
v 0.726066 1.824431 -0.021977
v 0.806306 1.748993 0.144887
v 0.630731 1.898672 0.144887
v 0.802691 1.752795 0.311750
v 1.037574 1.562049 0.144887
v 0.802691 1.752795 -0.021977
v 0.642364 1.889659 0.311750
v 0.989806 1.596768 0.311750
v 0.642364 1.889659 -0.021977
v 0.989806 1.596768 -0.021977
v 0.961194 1.698894 0.401900
v 0.769279 1.876291 0.401900
v 0.769278 1.876291 0.568764
v 0.961194 1.698894 0.568764
v 0.970387 1.690649 0.485332
v 0.766912 1.878281 0.485332
v 0.852971 1.798240 0.568764
v 0.852971 1.798240 0.401900
v 0.682960 1.943221 0.401900
v 0.774546 1.871883 0.652196
v 1.070663 1.620688 0.568764
v 0.939933 1.716340 0.318468
v 0.682959 1.943221 0.568764
v 0.939933 1.716340 0.652196
v 1.070663 1.620688 0.401900
v 0.774546 1.871883 0.318468
v 0.854786 1.796445 0.485332
v 0.679211 1.946124 0.485332
v 0.851170 1.800248 0.652196
v 1.086054 1.609502 0.485332
v 0.851171 1.800248 0.318468
v 0.690844 1.937112 0.652196
v 1.038286 1.644221 0.652196
v 0.690845 1.937112 0.318468
v 1.038286 1.644221 0.318468
v 0.912714 1.651441 0.401900
v 0.720798 1.828838 0.401900
v 0.720798 1.828838 0.568764
v 0.912714 1.651441 0.568764
v 0.921906 1.643197 0.485332
v 0.718432 1.830829 0.485332
v 0.804491 1.750788 0.568764
v 0.804491 1.750788 0.401900
v 0.634479 1.895768 0.401900
v 0.726067 1.824431 0.652196
v 1.022183 1.573235 0.568764
v 0.891453 1.668887 0.318468
v 0.634479 1.895768 0.568764
v 0.891453 1.668887 0.652196
v 1.022183 1.573235 0.401900
v 0.726066 1.824431 0.318468
v 0.806306 1.748993 0.485332
v 0.630731 1.898672 0.485332
v 0.802690 1.752795 0.652196
v 1.037574 1.562049 0.485332
v 0.802691 1.752795 0.318468
v 0.642363 1.889659 0.652196
v 0.989806 1.596768 0.652196
v 0.642364 1.889659 0.318468
v 0.989806 1.596768 0.318468
v 0.322690 2.500048 -0.761404
v 0.138571 2.685524 -0.761404
v 0.138571 2.685524 -0.594541
v 0.322690 2.500048 -0.594541
v 0.331520 2.491416 -0.677972
v 0.136293 2.687615 -0.677972
v 0.218835 2.603951 -0.594541
v 0.218835 2.603951 -0.761404
v 0.143644 2.680894 -0.511109
v 0.428700 2.417213 -0.594541
v 0.302198 2.518391 -0.844836
v 0.302198 2.518391 -0.511109
v 0.428700 2.417213 -0.761404
v 0.143645 2.680894 -0.844836
v 0.220571 2.602080 -0.677972
v 0.217122 2.606034 -0.511109
v 0.443596 2.405376 -0.677972
v 0.217122 2.606034 -0.844836
v 0.397363 2.442115 -0.511109
v 0.397363 2.442115 -0.844836
v 0.272147 2.454784 -0.761411
v 0.088028 2.640261 -0.761411
v 0.088028 2.640261 -0.594547
v 0.272147 2.454784 -0.594547
v 0.280977 2.446152 -0.677979
v 0.085750 2.642351 -0.677979
v 0.168292 2.558688 -0.594547
v 0.168292 2.558688 -0.761411
v 0.093103 2.635630 -0.511115
v 0.378157 2.371948 -0.594547
v 0.251655 2.473128 -0.844843
v 0.251655 2.473128 -0.511115
v 0.378157 2.371948 -0.761411
v 0.093102 2.635630 -0.844843
v 0.170027 2.556816 -0.677979
v 0.166579 2.560770 -0.511115
v 0.393052 2.360111 -0.677979
v 0.166579 2.560769 -0.844843
v 0.346820 2.396851 -0.511115
v 0.346820 2.396851 -0.844843
v 0.322635 2.500125 -0.420888
v 0.138516 2.685602 -0.420888
v 0.138516 2.685602 -0.254024
v 0.322635 2.500125 -0.254024
v 0.331465 2.491493 -0.337456
v 0.136237 2.687692 -0.337456
v 0.218780 2.604028 -0.254024
v 0.218780 2.604028 -0.420888
v 0.143589 2.680971 -0.170592
v 0.428644 2.417289 -0.254024
v 0.302142 2.518468 -0.504320
v 0.302142 2.518468 -0.170593
v 0.428644 2.417289 -0.420888
v 0.143589 2.680971 -0.504320
v 0.220514 2.602157 -0.337456
v 0.217066 2.606111 -0.170592
v 0.443540 2.405452 -0.337456
v 0.217067 2.606111 -0.504320
v 0.397308 2.442192 -0.170593
v 0.397308 2.442192 -0.504320
v 0.272162 2.454798 -0.420888
v 0.088042 2.640275 -0.420888
v 0.088042 2.640275 -0.254024
v 0.272162 2.454798 -0.254024
v 0.280992 2.446167 -0.337456
v 0.085764 2.642365 -0.337456
v 0.168306 2.558701 -0.254024
v 0.168306 2.558701 -0.420888
v 0.093116 2.635645 -0.170592
v 0.378170 2.371962 -0.254024
v 0.251669 2.473141 -0.504320
v 0.251669 2.473141 -0.170593
v 0.378170 2.371962 -0.420888
v 0.093116 2.635645 -0.504320
v 0.170041 2.556830 -0.337456
v 0.166593 2.560784 -0.170592
v 0.393067 2.360125 -0.337456
v 0.166593 2.560784 -0.504320
v 0.346833 2.396865 -0.170593
v 0.346833 2.396865 -0.504320
v 0.346833 2.396865 -0.162376
v 0.346833 2.396865 0.171351
v 0.166593 2.560784 -0.162376
v 0.393067 2.360125 0.004488
v 0.166593 2.560784 0.171351
v 0.170041 2.556830 0.004488
v 0.093116 2.635645 -0.162376
v 0.378170 2.371962 -0.078944
v 0.251669 2.473141 0.171351
v 0.251669 2.473141 -0.162376
v 0.378170 2.371962 0.087920
v 0.093116 2.635645 0.171351
v 0.168306 2.558701 -0.078944
v 0.168306 2.558701 0.087920
v 0.085764 2.642365 0.004488
v 0.280992 2.446167 0.004488
v 0.272162 2.454798 0.087920
v 0.088042 2.640275 0.087920
v 0.088042 2.640275 -0.078944
v 0.272162 2.454798 -0.078944
v 0.397308 2.442192 -0.162376
v 0.397307 2.442192 0.171351
v 0.217067 2.606111 -0.162376
v 0.443540 2.405452 0.004488
v 0.217066 2.606111 0.171351
v 0.220514 2.602157 0.004488
v 0.143589 2.680971 -0.162376
v 0.428644 2.417289 -0.078944
v 0.302142 2.518468 0.171351
v 0.302142 2.518468 -0.162376
v 0.428644 2.417289 0.087920
v 0.143589 2.680971 0.171351
v 0.218780 2.604028 -0.078944
v 0.218780 2.604028 0.087920
v 0.136237 2.687692 0.004488
v 0.331465 2.491493 0.004488
v 0.322635 2.500125 0.087920
v 0.138516 2.685602 0.087920
v 0.138516 2.685602 -0.078944
v 0.322635 2.500125 -0.078944
v 0.322635 2.500125 0.262364
v 0.138515 2.685602 0.262364
v 0.138515 2.685602 0.429228
v 0.322635 2.500125 0.429228
v 0.331465 2.491493 0.345796
v 0.136237 2.687692 0.345796
v 0.218780 2.604028 0.429228
v 0.218780 2.604028 0.262364
v 0.143589 2.680971 0.512660
v 0.428644 2.417289 0.429228
v 0.302142 2.518468 0.178932
v 0.302142 2.518468 0.512660
v 0.428644 2.417289 0.262364
v 0.143589 2.680971 0.178932
v 0.220514 2.602157 0.345796
v 0.217066 2.606111 0.512660
v 0.443540 2.405452 0.345796
v 0.217067 2.606111 0.178932
v 0.397307 2.442192 0.512660
v 0.397307 2.442192 0.178932
v 0.272161 2.454798 0.262364
v 0.088042 2.640275 0.262364
v 0.088042 2.640275 0.429228
v 0.272161 2.454798 0.429228
v 0.280992 2.446167 0.345796
v 0.085764 2.642365 0.345796
v 0.168305 2.558701 0.429228
v 0.168305 2.558701 0.262364
v 0.093116 2.635645 0.512660
v 0.378170 2.371962 0.429228
v 0.251669 2.473141 0.178932
v 0.251669 2.473141 0.512660
v 0.378170 2.371962 0.262364
v 0.093116 2.635645 0.178932
v 0.170041 2.556830 0.345796
v 0.166593 2.560784 0.512660
v 0.393066 2.360125 0.345796
v 0.166593 2.560784 0.178932
v 0.346833 2.396865 0.512660
v 0.346833 2.396865 0.178932
v 0.346833 2.396865 0.519316
v 0.346833 2.396865 0.853044
v 0.166593 2.560784 0.519316
v 0.393066 2.360125 0.686180
v 0.166593 2.560784 0.853044
v 0.170041 2.556830 0.686180
v 0.093116 2.635645 0.519316
v 0.378170 2.371962 0.602748
v 0.251669 2.473141 0.853044
v 0.251669 2.473141 0.519316
v 0.378170 2.371962 0.769612
v 0.093116 2.635645 0.853044
v 0.168305 2.558701 0.602748
v 0.168305 2.558701 0.769612
v 0.085764 2.642365 0.686180
v 0.280992 2.446167 0.686180
v 0.272161 2.454798 0.769612
v 0.088042 2.640275 0.769612
v 0.088042 2.640275 0.602748
v 0.272161 2.454798 0.602748
v 0.397307 2.442192 0.519316
v 0.397307 2.442192 0.853044
v 0.217067 2.606111 0.519316
v 0.443540 2.405452 0.686180
v 0.217066 2.606111 0.853044
v 0.220514 2.602157 0.686180
v 0.143589 2.680971 0.519316
v 0.428644 2.417289 0.602748
v 0.302142 2.518468 0.853044
v 0.302142 2.518468 0.519316
v 0.428644 2.417289 0.769612
v 0.143589 2.680971 0.853044
v 0.218780 2.604028 0.602748
v 0.218780 2.604028 0.769612
v 0.136237 2.687692 0.686180
v 0.331465 2.491493 0.686180
v 0.322635 2.500125 0.769612
v 0.138515 2.685602 0.769612
v 0.138515 2.685602 0.602748
v 0.322635 2.500125 0.602748
v 0.568057 2.145550 0.680364
v 0.220614 2.438440 0.680364
v 0.568057 2.145550 1.014091
v 0.220614 2.438440 1.014091
v 0.380941 2.301576 0.680364
v 0.615825 2.110831 0.847228
v 0.380941 2.301576 1.014091
v 0.208982 2.447453 0.847228
v 0.384557 2.297774 0.847228
v 0.304317 2.373212 0.680364
v 0.600434 2.122016 0.763796
v 0.469704 2.217669 1.014091
v 0.212729 2.444549 0.930659
v 0.469704 2.217669 0.680364
v 0.600434 2.122016 0.930660
v 0.304317 2.373212 1.014091
v 0.212729 2.444549 0.763796
v 0.382742 2.299569 0.763796
v 0.382742 2.299569 0.930659
v 0.296683 2.379610 0.847228
v 0.500157 2.191978 0.847228
v 0.490965 2.200222 0.930660
v 0.299049 2.377620 0.930659
v 0.299049 2.377620 0.763796
v 0.490965 2.200222 0.763796
v 0.616537 2.193003 0.680364
v 0.269095 2.485893 0.680364
v 0.616537 2.193003 1.014091
v 0.269095 2.485893 1.014091
v 0.429421 2.349029 0.680364
v 0.664305 2.158283 0.847228
v 0.429421 2.349029 1.014091
v 0.257462 2.494906 0.847228
v 0.433037 2.345227 0.847228
v 0.352797 2.420665 0.680364
v 0.648914 2.169470 0.763796
v 0.518184 2.265122 1.014091
v 0.261210 2.492003 0.930659
v 0.518184 2.265122 0.680364
v 0.648914 2.169470 0.930660
v 0.352797 2.420665 1.014091
v 0.261210 2.492003 0.763796
v 0.431222 2.347022 0.763796
v 0.431222 2.347022 0.930660
v 0.345163 2.427063 0.847228
v 0.548637 2.239431 0.847228
v 0.539445 2.247676 0.930660
v 0.347529 2.425073 0.930659
v 0.347529 2.425073 0.763796
v 0.539445 2.247676 0.763796
v 0.539504 2.247601 -0.949442
v 0.347588 2.424998 -0.949442
v 0.347588 2.424998 -0.782578
v 0.539504 2.247601 -0.782578
v 0.548697 2.239356 -0.866010
v 0.345222 2.426988 -0.866010
v 0.431281 2.346947 -0.782578
v 0.431281 2.346947 -0.949442
v 0.261269 2.491928 -0.949442
v 0.352856 2.420590 -0.699146
v 0.648974 2.169396 -0.782578
v 0.518243 2.265046 -1.032874
v 0.261269 2.491928 -0.782578
v 0.518243 2.265046 -0.699146
v 0.648974 2.169396 -0.949442
v 0.352856 2.420590 -1.032874
v 0.433096 2.345152 -0.866010
v 0.257521 2.494832 -0.866010
v 0.429481 2.348954 -0.699146
v 0.664364 2.158209 -0.866010
v 0.429481 2.348954 -1.032874
v 0.269154 2.485819 -0.699146
v 0.616595 2.192929 -0.699146
v 0.272604 2.488184 -1.032796
v 0.616596 2.192929 -1.032874
v 0.490953 2.200208 -0.949448
v 0.299036 2.377605 -0.949448
v 0.299036 2.377605 -0.782585
v 0.490953 2.200208 -0.782584
v 0.500145 2.191964 -0.866016
v 0.296670 2.379595 -0.866016
v 0.382730 2.299555 -0.782584
v 0.382730 2.299555 -0.949448
v 0.212717 2.444535 -0.949448
v 0.304304 2.373197 -0.699153
v 0.600421 2.122001 -0.782584
v 0.469691 2.217654 -1.032880
v 0.212717 2.444535 -0.782585
v 0.469691 2.217654 -0.699153
v 0.600421 2.122001 -0.949448
v 0.304304 2.373197 -1.032880
v 0.384544 2.297759 -0.866016
v 0.208969 2.447438 -0.866016
v 0.380929 2.301561 -0.699153
v 0.615812 2.110816 -0.866016
v 0.380929 2.301561 -1.032880
v 0.220602 2.438425 -0.699153
v 0.568044 2.145535 -0.699153
v 0.220602 2.438425 -1.032880
v 0.568044 2.145535 -1.032880
v 0.539445 2.247676 -0.606797
v 0.347530 2.425073 -0.606797
v 0.347530 2.425073 -0.439933
v 0.539445 2.247676 -0.439933
v 0.548638 2.239431 -0.523365
v 0.345163 2.427063 -0.523365
v 0.431222 2.347022 -0.439933
v 0.431222 2.347022 -0.606797
v 0.261211 2.492003 -0.606797
v 0.352797 2.420665 -0.356501
v 0.648914 2.169470 -0.439933
v 0.518184 2.265122 -0.690229
v 0.261211 2.492003 -0.439933
v 0.518184 2.265122 -0.356501
v 0.648915 2.169470 -0.606797
v 0.352797 2.420665 -0.690229
v 0.433037 2.345227 -0.523365
v 0.257463 2.494906 -0.523365
v 0.429422 2.349029 -0.356501
v 0.664305 2.158283 -0.523365
v 0.429422 2.349029 -0.690229
v 0.269096 2.485893 -0.356501
v 0.616537 2.193003 -0.356501
v 0.269096 2.485893 -0.690229
v 0.616537 2.193003 -0.690229
v 0.490965 2.200222 -0.606797
v 0.299049 2.377620 -0.606797
v 0.299049 2.377620 -0.439933
v 0.490965 2.200222 -0.439933
v 0.500158 2.191978 -0.523365
v 0.296683 2.379610 -0.523365
v 0.382743 2.299569 -0.439933
v 0.382743 2.299569 -0.606797
v 0.212731 2.444549 -0.606797
v 0.304318 2.373212 -0.356501
v 0.600434 2.122016 -0.439933
v 0.469704 2.217669 -0.690229
v 0.212731 2.444549 -0.439933
v 0.469704 2.217669 -0.356501
v 0.600434 2.122016 -0.606797
v 0.304317 2.373212 -0.690229
v 0.384557 2.297774 -0.523365
v 0.208982 2.447453 -0.523365
v 0.380942 2.301576 -0.356501
v 0.615825 2.110831 -0.523365
v 0.380942 2.301576 -0.690229
v 0.220615 2.438440 -0.356501
v 0.568057 2.145550 -0.356501
v 0.220616 2.438440 -0.690229
v 0.568057 2.145550 -0.690229
v 0.539445 2.247676 -0.265467
v 0.347530 2.425073 -0.265467
v 0.347530 2.425073 -0.098603
v 0.539445 2.247676 -0.098603
v 0.548638 2.239431 -0.182035
v 0.345163 2.427063 -0.182035
v 0.431222 2.347022 -0.098603
v 0.431222 2.347022 -0.265467
v 0.261211 2.492003 -0.265467
v 0.352797 2.420665 -0.015171
v 0.648914 2.169470 -0.098603
v 0.518184 2.265122 -0.348899
v 0.261211 2.492003 -0.098603
v 0.518184 2.265122 -0.015171
v 0.648914 2.169470 -0.265467
v 0.352797 2.420665 -0.348899
v 0.433037 2.345227 -0.182035
v 0.257463 2.494906 -0.182035
v 0.429422 2.349029 -0.015171
v 0.664305 2.158283 -0.182035
v 0.429422 2.349029 -0.348899
v 0.269096 2.485893 -0.015171
v 0.616537 2.193003 -0.015171
v 0.269096 2.485893 -0.348899
v 0.616537 2.193003 -0.348899
v 0.490965 2.200222 -0.265467
v 0.299049 2.377620 -0.265467
v 0.299049 2.377620 -0.098603
v 0.490965 2.200222 -0.098603
v 0.500157 2.191978 -0.182035
v 0.296683 2.379610 -0.182035
v 0.382743 2.299569 -0.098603
v 0.382743 2.299569 -0.265467
v 0.212731 2.444549 -0.265467
v 0.304318 2.373212 -0.015171
v 0.600434 2.122016 -0.098603
v 0.469704 2.217669 -0.348899
v 0.212731 2.444549 -0.098603
v 0.469704 2.217669 -0.015171
v 0.600434 2.122016 -0.265467
v 0.304317 2.373212 -0.348899
v 0.384557 2.297774 -0.182035
v 0.208982 2.447453 -0.182035
v 0.380942 2.301576 -0.015171
v 0.615825 2.110831 -0.182035
v 0.380942 2.301576 -0.348899
v 0.220615 2.438440 -0.015171
v 0.568057 2.145550 -0.015171
v 0.220615 2.438440 -0.348899
v 0.568057 2.145550 -0.348899
v 0.539445 2.247676 0.076158
v 0.347529 2.425073 0.076158
v 0.347529 2.425073 0.243021
v 0.539445 2.247676 0.243021
v 0.548638 2.239431 0.159590
v 0.345163 2.427063 0.159590
v 0.431222 2.347022 0.243021
v 0.431222 2.347022 0.076158
v 0.261211 2.492003 0.076158
v 0.352797 2.420665 0.326453
v 0.648914 2.169470 0.243021
v 0.518184 2.265122 -0.007274
v 0.261210 2.492003 0.243021
v 0.518184 2.265122 0.326453
v 0.648914 2.169470 0.076158
v 0.352797 2.420665 -0.007274
v 0.433037 2.345227 0.159589
v 0.257463 2.494906 0.159590
v 0.429421 2.349029 0.326453
v 0.664305 2.158283 0.159590
v 0.429422 2.349029 -0.007274
v 0.269095 2.485893 0.326453
v 0.616537 2.193003 0.326453
v 0.269096 2.485893 -0.007274
v 0.616537 2.193003 -0.007274
v 0.490965 2.200222 0.076158
v 0.299049 2.377620 0.076158
v 0.299049 2.377620 0.243021
v 0.490965 2.200222 0.243021
v 0.500157 2.191978 0.159590
v 0.296683 2.379610 0.159590
v 0.382743 2.299569 0.243021
v 0.382743 2.299569 0.076158
v 0.212731 2.444549 0.076158
v 0.304318 2.373212 0.326453
v 0.600434 2.122016 0.243021
v 0.469704 2.217669 -0.007274
v 0.212730 2.444549 0.243021
v 0.469704 2.217669 0.326453
v 0.600434 2.122016 0.076158
v 0.304317 2.373212 -0.007274
v 0.384557 2.297774 0.159589
v 0.208982 2.447453 0.159589
v 0.380941 2.301576 0.326453
v 0.615825 2.110831 0.159590
v 0.380942 2.301576 -0.007274
v 0.220614 2.438440 0.326453
v 0.568057 2.145550 0.326453
v 0.220615 2.438440 -0.007274
v 0.568057 2.145550 -0.007274
v 0.539445 2.247676 0.416603
v 0.347529 2.425073 0.416603
v 0.347529 2.425073 0.583467
v 0.539445 2.247676 0.583467
v 0.548637 2.239431 0.500035
v 0.345163 2.427063 0.500035
v 0.431222 2.347022 0.583467
v 0.431222 2.347022 0.416603
v 0.261210 2.492003 0.416603
v 0.352797 2.420665 0.666899
v 0.648914 2.169470 0.583467
v 0.518184 2.265122 0.333171
v 0.261210 2.492003 0.583467
v 0.518184 2.265122 0.666899
v 0.648914 2.169470 0.416603
v 0.352797 2.420665 0.333171
v 0.433037 2.345227 0.500035
v 0.257462 2.494906 0.500035
v 0.429421 2.349029 0.666899
v 0.664305 2.158283 0.500035
v 0.429421 2.349029 0.333171
v 0.269095 2.485893 0.666899
v 0.616537 2.193003 0.666899
v 0.269095 2.485893 0.333171
v 0.616537 2.193003 0.333171
v 0.490965 2.200222 0.416603
v 0.299049 2.377620 0.416603
v 0.299049 2.377620 0.583467
v 0.490965 2.200222 0.583467
v 0.500157 2.191978 0.500035
v 0.296683 2.379610 0.500035
v 0.382742 2.299569 0.583467
v 0.382742 2.299569 0.416603
v 0.212729 2.444549 0.416603
v 0.304317 2.373212 0.666899
v 0.600434 2.122016 0.583467
v 0.469704 2.217669 0.333171
v 0.212729 2.444549 0.583467
v 0.469704 2.217669 0.666899
v 0.600434 2.122016 0.416603
v 0.304317 2.373212 0.333171
v 0.384557 2.297774 0.500035
v 0.208982 2.447453 0.500035
v 0.380941 2.301576 0.666899
v 0.615825 2.110831 0.500035
v 0.380941 2.301576 0.333171
v 0.220614 2.438440 0.666899
v 0.568057 2.145550 0.666899
v 0.220614 2.438440 0.333171
v 0.568057 2.145550 0.333171
v -0.862397 1.683567 0.918959
v -0.156691 2.476994 0.918959
v -0.862397 1.683567 -0.895110
v -0.156691 2.476994 -0.895109
v 0.822626 1.683567 -0.920638
v 0.116920 2.476994 -0.920639
v 0.822626 1.683567 0.893430
v 0.116920 2.476994 0.893430
vn -0.0000 -1.0000 -0.0000
vn -0.0000 -0.9970 0.0778
vn -0.0000 1.0000 -0.0000
vn -0.0000 0.9985 -0.0553
vn 0.9981 -0.0615 -0.0000
vn 0.9980 -0.0614 -0.0138
vn -0.9981 -0.0615 -0.0000
vn -0.9980 -0.0615 0.0138
vn -0.7446 -0.6675 -0.0000
vn -0.7530 -0.6581 -0.0000
vn -0.0222 -0.0104 -0.9997
vn 0.0045 -0.0062 -1.0000
vn -0.0252 -0.0108 -0.9996
vn 0.7663 0.6425 -0.0000
vn 0.7609 0.6489 -0.0000
vn 0.7662 0.6426 -0.0000
vn 0.0240 0.0113 0.9996
vn 0.0045 -0.0062 1.0000
vn 0.0220 0.0096 0.9997
vn -0.7432 -0.6690 -0.0000
vn -0.0000 -0.0000 -1.0000
vn 0.7448 0.6673 -0.0000
vn -0.0000 -0.0000 1.0000
vn 0.7448 -0.6673 -0.0000
vn -0.7444 0.6678 -0.0000
vn 0.7471 -0.6648 -0.0000
vn 0.7616 -0.6480 -0.0000
vn 0.0036 0.0049 1.0000
vn 0.0191 0.0261 0.9995
vn 0.0015 0.0020 1.0000
vn -0.7426 0.6698 -0.0000
vn -0.7276 0.6861 -0.0000
vn 0.0015 0.0020 -1.0000
vn 0.0191 0.0261 -0.9995
vn 0.0036 0.0049 -1.0000
vn 0.0001 -0.0001 -1.0000
vn -0.6671 -0.7449 -0.0000
vn -0.6300 -0.7034 0.3290
vn -0.6317 -0.7053 0.3217
vn -0.6300 -0.7035 -0.3290
vn -0.6317 -0.7054 -0.3217
vn -0.0001 0.0001 1.0000
vn -0.0001 0.0004 1.0000
vn 0.6583 0.7428 0.1216
vn 0.6626 0.7437 0.0887
vn 0.6625 0.7437 0.0897
vn 0.6646 0.7421 -0.0867
vn 0.6625 0.7398 -0.1176
vn 0.6646 0.7421 -0.0872
vn -0.3303 -0.3690 -0.8688
vn -0.3842 -0.4291 -0.8175
vn -0.3304 -0.3688 0.8688
vn -0.3843 -0.4290 0.8175
vn 0.6671 0.7449 -0.0000
vn -0.0002 0.0008 1.0000
vn -0.6564 0.7544 -0.0000
vn -0.6123 0.7907 -0.0000
vn -0.6153 0.7882 -0.0102
vn -0.6616 0.7498 -0.0036
vn -0.7096 0.7046 -0.0000
vn -0.7111 0.7031 0.0010
vn -0.6766 0.7363 0.0011
vn -0.7126 0.7016 0.0024
vn -0.6790 0.7341 -0.0000
vn -0.6834 0.7300 -0.0075
vn -0.6457 0.7636 -0.0000
vn -0.6529 0.7573 -0.0111
vn -0.6889 0.7247 -0.0136
vn -0.6609 0.7500 -0.0245
vn -0.6826 0.7308 0.0013
vn -0.7126 0.7016 -0.0024
vn -0.7111 0.7031 -0.0010
vn -0.6799 0.7333 0.0007
vn -0.6471 0.7624 -0.0014
vn -0.6463 0.7630 -0.0011
vn -0.6766 0.7363 -0.0011
vn -0.6203 0.7843 0.0106
vn -0.6153 0.7882 0.0102
vn -0.6616 0.7498 0.0036
vn -0.6203 0.7843 -0.0106
vn 0.6564 -0.7544 -0.0000
vn 0.6616 -0.7498 0.0036
vn 0.6153 -0.7882 0.0102
vn 0.6123 -0.7907 -0.0000
vn 0.7096 -0.7046 -0.0000
vn 0.7111 -0.7031 -0.0010
vn 0.7126 -0.7016 -0.0024
vn 0.6766 -0.7363 -0.0011
vn 0.6790 -0.7341 -0.0000
vn 0.6799 -0.7333 0.0007
vn 0.6457 -0.7636 -0.0000
vn 0.6463 -0.7630 -0.0011
vn 0.6471 -0.7624 -0.0014
vn 0.6826 -0.7308 0.0013
vn 0.6826 -0.7308 -0.0013
vn 0.6799 -0.7333 -0.0007
vn 0.7111 -0.7031 0.0010
vn 0.7126 -0.7016 0.0024
vn 0.6471 -0.7624 0.0014
vn 0.6463 -0.7631 0.0011
vn 0.6766 -0.7363 0.0011
vn 0.6616 -0.7498 -0.0036
vn 0.6153 -0.7882 -0.0102
vn 0.6203 -0.7843 -0.0106
vn 0.6203 -0.7843 0.0106
vn -0.6682 -0.7440 -0.0000
vn -0.6309 -0.7026 0.3291
vn -0.6326 -0.7045 0.3218
vn -0.6309 -0.7026 -0.3291
vn -0.6326 -0.7045 -0.3218
vn 0.6635 0.7389 0.1176
vn 0.6656 0.7412 0.0867
vn 0.6656 0.7412 0.0872
vn 0.6656 0.7412 -0.0867
vn 0.6635 0.7389 -0.1176
vn 0.6656 0.7412 -0.0872
vn -0.3310 -0.3686 -0.8686
vn -0.3846 -0.4283 -0.8177
vn -0.3311 -0.3686 0.8686
vn -0.3846 -0.4283 0.8177
vn 0.6682 0.7440 -0.0000
vn -0.6799 0.7333 -0.0007
vn -0.6463 0.7630 0.0011
vn -0.6826 0.7308 -0.0013
vn -0.6471 0.7624 0.0014
vn 0.6791 -0.7341 -0.0000
vn 0.6463 -0.7630 0.0011
vn -0.3310 -0.3686 0.8686
vn 0.0418 0.0274 0.9987
vn 0.7715 0.6362 -0.0000
vn -0.0526 -0.0151 -0.9985
vn -0.7361 -0.6768 -0.0000
vn -0.0026 -0.0040 -1.0000
vn -0.0039 -0.0057 -1.0000
vn -0.7478 0.6640 -0.0000
vn -0.0039 -0.0057 1.0000
vn -0.0026 -0.0040 1.0000
vn 0.7572 -0.6532 -0.0000
vn 0.0075 0.0094 0.9999
vn -0.7381 0.6747 -0.0000
vn 0.0075 0.0094 -0.9999
vn -0.9980 -0.0614 -0.0138
vn 0.9980 -0.0615 0.0138
vn -0.0000 0.9985 0.0553
vn -0.0000 -0.9970 -0.0778
vn -0.0000 -0.1041 0.9946
vn -0.0000 -0.0961 -0.9954
vn 0.6288 -0.7775 0.0036
vn 0.6444 -0.7647 -0.0011
vn 0.5860 -0.8102 0.0106
vn 0.5809 -0.8139 0.0102
vn 0.6477 -0.7619 0.0007
vn 0.6505 -0.7595 0.0013
vn 0.6818 -0.7315 -0.0024
vn 0.6803 -0.7329 -0.0010
vn 0.6477 -0.7619 -0.0007
vn 0.6469 -0.7626 -0.0000
vn 0.6787 -0.7344 -0.0000
vn 0.6803 -0.7329 0.0010
vn 0.6288 -0.7775 -0.0036
vn 0.6234 -0.7819 -0.0000
vn 0.5777 -0.8162 -0.0000
vn 0.5809 -0.8139 -0.0102
vn 0.6818 -0.7315 0.0024
vn 0.6444 -0.7647 0.0011
vn 0.5860 -0.8102 -0.0106
vn 0.6130 -0.7901 0.0011
vn 0.6123 -0.7906 -0.0000
vn 0.6137 -0.7895 0.0014
vn 0.6505 -0.7595 -0.0013
vn 0.6130 -0.7901 -0.0011
vn 0.6137 -0.7895 -0.0014
vn -0.6288 0.7775 -0.0036
vn -0.5809 0.8139 -0.0102
vn -0.5860 0.8102 -0.0106
vn -0.6444 0.7647 0.0011
vn -0.6477 0.7619 -0.0007
vn -0.6803 0.7329 0.0010
vn -0.6818 0.7315 0.0024
vn -0.6505 0.7595 -0.0013
vn -0.6477 0.7619 0.0007
vn -0.6803 0.7329 -0.0010
vn -0.6787 0.7344 -0.0000
vn -0.6469 0.7626 -0.0000
vn -0.6288 0.7775 0.0036
vn -0.5809 0.8139 0.0102
vn -0.5777 0.8162 -0.0000
vn -0.6234 0.7819 -0.0000
vn -0.6818 0.7315 -0.0024
vn -0.6444 0.7647 -0.0011
vn -0.5860 0.8102 0.0106
vn -0.6130 0.7901 -0.0010
vn -0.6123 0.7906 -0.0000
vn -0.6137 0.7895 -0.0014
vn -0.6505 0.7595 0.0013
vn -0.6130 0.7901 0.0010
vn -0.6137 0.7895 0.0014
vn 0.6969 0.7119 0.0867
vn 0.6995 0.7146 -0.0000
vn 0.6968 0.7119 0.0872
vn 0.6969 0.7119 -0.0867
vn 0.6968 0.7119 -0.0872
vn -0.6605 -0.6748 0.3291
vn -0.3466 -0.3541 0.8686
vn -0.4026 -0.4113 0.8177
vn -0.6623 -0.6766 0.3218
vn -0.3466 -0.3541 -0.8686
vn -0.4026 -0.4113 -0.8177
vn -0.6605 -0.6748 -0.3291
vn -0.6623 -0.6766 -0.3218
vn 0.6946 0.7097 -0.1176
vn 0.6946 0.7097 0.1176
vn -0.6995 -0.7146 -0.0000
vn -0.6985 -0.7156 -0.0000
vn -0.6596 -0.6757 0.3290
vn -0.6614 -0.6775 0.3217
vn -0.6596 -0.6758 -0.3290
vn -0.6614 -0.6776 -0.3217
vn 0.6896 0.7139 0.1216
vn 0.6939 0.7146 0.0887
vn 0.6938 0.7146 0.0897
vn 0.6959 0.7129 -0.0867
vn 0.6937 0.7106 -0.1176
vn 0.6959 0.7129 -0.0872
vn -0.3459 -0.3544 -0.8688
vn -0.4023 -0.4122 -0.8175
vn -0.3459 -0.3543 0.8688
vn -0.4024 -0.4121 0.8175
vn 0.6985 0.7156 -0.0000
vn -0.6803 0.7330 0.0010
vn -0.6514 0.7587 -0.0075
vn -0.6198 0.7847 -0.0111
vn -0.6572 0.7536 -0.0136
vn -0.6281 0.7777 -0.0245
vn -0.6803 0.7330 -0.0010
vn -0.6130 0.7901 -0.0011
vn 0.6803 -0.7330 -0.0010
vn 0.6803 -0.7330 0.0010
vn 0.5861 -0.8102 -0.0106
vn 0.5861 -0.8102 0.0106
vn -0.6130 0.7901 0.0011
vn 0.7329 -0.6803 -0.0000
vn 0.6822 -0.7312 -0.0000
vn -0.7201 -0.6939 -0.0000
vn -0.6588 -0.7523 -0.0000
vn -0.6316 -0.7054 -0.3217
vn -0.0001 0.0005 1.0000
vn -0.6791 0.7341 -0.0000
vn -0.6326 -0.7044 0.3218
vn -0.6326 -0.7044 -0.3218
vn -0.3311 -0.3686 -0.8686
vn -0.0001 -0.0001 1.0000
vn 0.6671 -0.7449 -0.0000
vn 0.6300 -0.7034 -0.3290
vn 0.6317 -0.7053 -0.3217
vn 0.6300 -0.7035 0.3290
vn 0.6317 -0.7054 0.3217
vn 0.0001 0.0001 -1.0000
vn 0.0001 0.0004 -1.0000
vn -0.6583 0.7428 -0.1216
vn -0.6626 0.7437 -0.0887
vn -0.6625 0.7437 -0.0897
vn -0.6646 0.7421 0.0867
vn -0.6625 0.7398 0.1176
vn -0.6646 0.7421 0.0872
vn 0.3303 -0.3690 0.8688
vn 0.3842 -0.4291 0.8175
vn 0.3304 -0.3688 -0.8688
vn 0.3843 -0.4290 -0.8175
vn -0.6671 0.7449 -0.0000
vn 0.0002 0.0008 -1.0000
vn 0.6564 0.7544 -0.0000
vn 0.6123 0.7907 -0.0000
vn 0.6153 0.7882 0.0102
vn 0.6616 0.7498 0.0036
vn 0.7096 0.7046 -0.0000
vn 0.7111 0.7031 -0.0010
vn 0.6766 0.7363 -0.0011
vn 0.7126 0.7016 -0.0024
vn 0.6790 0.7341 -0.0000
vn 0.6834 0.7300 0.0075
vn 0.6457 0.7636 -0.0000
vn 0.6529 0.7573 0.0111
vn 0.6889 0.7247 0.0136
vn 0.6609 0.7500 0.0245
vn 0.6826 0.7308 -0.0013
vn 0.7126 0.7016 0.0024
vn 0.7111 0.7031 0.0010
vn 0.6799 0.7333 -0.0007
vn 0.6471 0.7624 0.0014
vn 0.6463 0.7630 0.0011
vn 0.6766 0.7363 0.0011
vn 0.6203 0.7843 -0.0106
vn 0.6153 0.7882 -0.0102
vn 0.6616 0.7498 -0.0036
vn 0.6203 0.7843 0.0106
vn -0.6564 -0.7544 -0.0000
vn -0.6616 -0.7498 -0.0036
vn -0.6153 -0.7882 -0.0102
vn -0.6123 -0.7907 -0.0000
vn -0.7096 -0.7046 -0.0000
vn -0.7111 -0.7031 0.0010
vn -0.7126 -0.7016 0.0024
vn -0.6766 -0.7363 0.0011
vn -0.6790 -0.7341 -0.0000
vn -0.6799 -0.7333 -0.0007
vn -0.6457 -0.7636 -0.0000
vn -0.6463 -0.7630 0.0011
vn -0.6471 -0.7624 0.0014
vn -0.6826 -0.7308 -0.0013
vn -0.6826 -0.7308 0.0013
vn -0.6799 -0.7333 0.0007
vn -0.7111 -0.7031 -0.0010
vn -0.7126 -0.7016 -0.0024
vn -0.6471 -0.7624 -0.0014
vn -0.6463 -0.7631 -0.0011
vn -0.6766 -0.7363 -0.0011
vn -0.6616 -0.7498 0.0036
vn -0.6153 -0.7882 0.0102
vn -0.6203 -0.7843 0.0106
vn -0.6203 -0.7843 -0.0106
vn 0.6682 -0.7440 -0.0000
vn 0.6309 -0.7026 -0.3291
vn 0.6326 -0.7045 -0.3218
vn 0.6309 -0.7026 0.3291
vn 0.6326 -0.7045 0.3218
vn -0.6635 0.7389 -0.1176
vn -0.6656 0.7412 -0.0867
vn -0.6656 0.7412 -0.0872
vn -0.6656 0.7412 0.0867
vn -0.6635 0.7389 0.1176
vn -0.6656 0.7412 0.0872
vn 0.3310 -0.3686 0.8686
vn 0.3846 -0.4283 0.8177
vn 0.3311 -0.3686 -0.8686
vn 0.3846 -0.4283 -0.8177
vn -0.6682 0.7440 -0.0000
vn 0.6799 0.7333 0.0007
vn 0.6463 0.7630 -0.0011
vn 0.6826 0.7308 0.0013
vn 0.6471 0.7624 -0.0014
vn -0.6791 -0.7341 -0.0000
vn -0.6463 -0.7630 -0.0011
vn 0.3310 -0.3686 -0.8686
vn -0.6463 -0.7631 0.0011
vn -0.6288 -0.7775 -0.0036
vn -0.6444 -0.7647 0.0011
vn -0.5860 -0.8102 -0.0106
vn -0.5809 -0.8139 -0.0102
vn -0.6477 -0.7619 -0.0007
vn -0.6505 -0.7595 -0.0013
vn -0.6818 -0.7315 0.0024
vn -0.6803 -0.7329 0.0010
vn -0.6477 -0.7619 0.0007
vn -0.6469 -0.7626 -0.0000
vn -0.6787 -0.7344 -0.0000
vn -0.6803 -0.7329 -0.0010
vn -0.6288 -0.7775 0.0036
vn -0.6234 -0.7819 -0.0000
vn -0.5777 -0.8162 -0.0000
vn -0.5809 -0.8139 0.0102
vn -0.6818 -0.7315 -0.0024
vn -0.6444 -0.7647 -0.0011
vn -0.5860 -0.8102 0.0106
vn -0.6130 -0.7901 -0.0011
vn -0.6123 -0.7906 -0.0000
vn -0.6137 -0.7895 -0.0014
vn -0.6505 -0.7595 0.0013
vn -0.6130 -0.7901 0.0011
vn -0.6137 -0.7895 0.0014
vn 0.6288 0.7775 0.0036
vn 0.5809 0.8139 0.0102
vn 0.5860 0.8102 0.0106
vn 0.6444 0.7647 -0.0011
vn 0.6477 0.7619 0.0007
vn 0.6803 0.7329 -0.0010
vn 0.6818 0.7315 -0.0024
vn 0.6505 0.7595 0.0013
vn 0.6477 0.7619 -0.0007
vn 0.6803 0.7329 0.0010
vn 0.6787 0.7344 -0.0000
vn 0.6469 0.7626 -0.0000
vn 0.6288 0.7775 -0.0036
vn 0.5809 0.8139 -0.0102
vn 0.5777 0.8162 -0.0000
vn 0.6234 0.7819 -0.0000
vn 0.6818 0.7315 0.0024
vn 0.6444 0.7647 0.0011
vn 0.5860 0.8102 -0.0106
vn 0.6130 0.7901 0.0011
vn 0.6123 0.7906 -0.0000
vn 0.6137 0.7895 0.0014
vn 0.6505 0.7595 -0.0013
vn 0.6130 0.7901 -0.0010
vn 0.6137 0.7895 -0.0014
vn -0.6969 0.7119 -0.0867
vn -0.6995 0.7146 -0.0000
vn -0.6968 0.7119 -0.0872
vn -0.6969 0.7119 0.0867
vn -0.6968 0.7119 0.0872
vn 0.6605 -0.6748 -0.3291
vn 0.3466 -0.3541 -0.8686
vn 0.4026 -0.4113 -0.8177
vn 0.6623 -0.6766 -0.3218
vn 0.3466 -0.3541 0.8686
vn 0.4026 -0.4113 0.8177
vn 0.6605 -0.6748 0.3291
vn 0.6623 -0.6766 0.3218
vn -0.6946 0.7097 0.1176
vn -0.6946 0.7097 -0.1176
vn 0.6995 -0.7146 -0.0000
vn 0.6985 -0.7156 -0.0000
vn 0.6596 -0.6757 -0.3290
vn 0.6614 -0.6775 -0.3217
vn 0.6596 -0.6758 0.3290
vn 0.6614 -0.6776 0.3217
vn -0.6896 0.7139 -0.1216
vn -0.6939 0.7146 -0.0887
vn -0.6938 0.7146 -0.0897
vn -0.6959 0.7129 0.0867
vn -0.6937 0.7106 0.1176
vn -0.6959 0.7129 0.0872
vn 0.3459 -0.3544 0.8688
vn 0.4023 -0.4122 0.8175
vn 0.3459 -0.3543 -0.8688
vn 0.4024 -0.4121 -0.8175
vn -0.6985 0.7156 -0.0000
vn 0.6803 0.7330 -0.0010
vn 0.6514 0.7587 0.0075
vn 0.6198 0.7847 0.0111
vn 0.6572 0.7536 0.0136
vn 0.6281 0.7777 0.0245
vn 0.6803 0.7330 0.0010
vn -0.6803 -0.7330 -0.0010
vn -0.5861 -0.8102 0.0106
vn -0.5861 -0.8102 -0.0106
vn 0.6130 0.7901 -0.0011
vn 0.6130 0.7901 0.0010
vn 0.6316 -0.7054 0.3217
vn 0.0001 0.0005 -1.0000
vn 0.6791 0.7341 -0.0000
vn 0.6326 -0.7044 -0.3218
vn 0.6326 -0.7044 0.3218
vn 0.3311 -0.3686 0.8686
vn -0.6803 -0.7330 0.0010
vn -0.7472 0.6646 -0.0000
vn 0.7472 0.6646 -0.0000
vt 0.173798 0.651722
vt 0.386967 0.651722
vt 0.315641 0.651722
vt -0.028824 0.945147
vt 0.100331 0.945147
vt 0.020783 0.982352
vt 0.049550 0.945147
vt 0.147086 0.945147
vt 0.433759 0.651722
vt 0.315641 0.651722
s 1
usemtl Tex_MultiGradient
f 272/1/1 277/1/2 278/1/2 275/1/1
f 274/2/3 273/2/3 282/2/4 281/2/4
f 272/3/5 1/3/6 280/3/6 274/3/5
f 275/3/7 278/3/8 282/3/8 273/3/7
f 283/1/9 2/1/10 294/1/10 284/1/9
f 284/3/11 294/3/12 295/3/12 285/3/13
f 285/2/14 295/2/15 4/2/15 286/2/16
f 286/3/17 4/3/18 2/3/18 283/3/19
f 602/1/20 5/1/20 288/1/20 6/1/20
f 6/3/21 288/3/21 9/3/21 603/3/21
f 603/2/22 9/2/22 8/2/22 7/2/22
f 7/3/23 8/3/23 5/3/23 602/3/23
f 600/1/24 289/1/24 10/1/24 604/1/24
f 604/3/23 10/3/23 290/3/23 605/3/23
f 605/2/25 290/2/25 12/2/25 11/2/25
f 11/3/21 12/3/21 289/3/21 600/3/21
f 267/1/26 292/1/27 14/1/27 268/1/26
f 268/3/28 14/3/29 297/3/29 269/3/30
f 269/2/31 297/2/32 15/2/32 298/2/31
f 298/3/33 15/3/34 292/3/34 267/3/35
f 51/4/36 60/4/36 35/4/36 26/4/36
f 61/4/37 56/4/38 31/4/39 36/4/37
f 52/4/40 61/4/37 36/4/37 27/4/41
f 62/4/42 57/4/43 32/4/43 37/4/42
f 65/4/44 50/4/45 25/4/46 40/4/44
f 53/4/42 62/4/42 37/4/42 28/4/42
f 63/4/36 51/4/36 26/4/36 38/4/36
f 54/4/47 63/4/48 38/4/48 29/4/49
f 64/4/50 52/4/40 27/4/41 39/4/51
f 55/4/36 64/4/50 39/4/51 30/4/36
f 66/4/52 53/4/42 28/4/42 41/4/53
f 56/4/38 66/4/52 41/4/53 31/4/39
f 59/4/54 54/4/47 29/4/49 34/4/54
f 57/4/43 65/4/55 40/4/55 32/4/43
f 50/4/45 59/4/54 34/4/54 25/4/46
f 60/4/36 55/4/36 30/4/36 35/4/36
f 21/5/56 36/5/57 31/5/58 17/5/59
f 33/5/60 21/5/56 17/5/59 24/5/61
f 24/5/61 17/5/59 28/5/62 37/5/63
f 22/5/64 33/5/60 24/5/61 18/5/65
f 34/5/66 22/5/64 18/5/65 25/5/67
f 25/5/67 18/5/65 32/5/68 40/5/69
f 26/5/70 35/5/71 23/5/72 19/5/73
f 38/5/74 26/5/70 19/5/73 29/5/75
f 29/5/75 19/5/73 22/5/64 34/5/66
f 30/5/76 39/5/77 27/5/78 20/5/79
f 35/5/71 30/5/76 20/5/79 23/5/72
f 23/5/72 20/5/79 21/5/56 33/5/60
f 20/5/79 27/5/78 36/5/57 21/5/56
f 19/5/73 23/5/72 33/5/60 22/5/64
f 18/5/65 24/5/61 37/5/63 32/5/68
f 17/5/59 31/5/58 41/5/80 28/5/62
f 46/6/81 42/6/82 56/6/83 61/6/84
f 58/6/85 49/6/86 42/6/82 46/6/81
f 49/6/86 62/6/87 53/6/88 42/6/82
f 47/6/89 43/6/90 49/6/86 58/6/85
f 59/6/91 50/6/92 43/6/90 47/6/89
f 50/6/92 65/6/93 57/6/94 43/6/90
f 51/6/95 44/6/96 48/6/97 60/6/98
f 63/6/99 54/6/100 44/6/96 51/6/95
f 54/6/100 59/6/91 47/6/89 44/6/96
f 55/6/101 45/6/102 52/6/103 64/6/104
f 60/6/98 48/6/97 45/6/102 55/6/101
f 48/6/97 58/6/85 46/6/81 45/6/102
f 45/6/102 46/6/81 61/6/84 52/6/103
f 44/6/96 47/6/89 58/6/85 48/6/97
f 43/6/90 57/6/94 62/6/87 49/6/86
f 42/6/82 53/6/88 66/6/105 56/6/83
f 101/4/21 110/4/21 85/4/21 76/4/21
f 111/4/106 106/4/107 81/4/108 86/4/106
f 102/4/109 111/4/106 86/4/106 77/4/110
f 112/4/23 107/4/23 82/4/23 87/4/23
f 115/4/111 100/4/112 75/4/113 90/4/111
f 103/4/23 112/4/23 87/4/23 78/4/23
f 113/4/21 101/4/21 76/4/21 88/4/21
f 104/4/114 113/4/115 88/4/115 79/4/116
f 114/4/117 102/4/109 77/4/110 89/4/118
f 105/4/21 114/4/117 89/4/118 80/4/21
f 116/4/119 103/4/23 78/4/23 91/4/120
f 106/4/107 116/4/119 91/4/120 81/4/108
f 109/4/121 104/4/114 79/4/116 84/4/121
f 107/4/23 115/4/23 90/4/23 82/4/23
f 100/4/112 109/4/121 84/4/121 75/4/113
f 110/4/21 105/4/21 80/4/21 85/4/21
f 71/7/56 86/7/57 81/7/58 67/7/59
f 83/7/60 71/7/56 67/7/59 74/7/61
f 74/7/61 67/7/59 78/7/62 87/7/63
f 72/7/64 83/7/60 74/7/61 68/7/122
f 84/7/66 72/7/64 68/7/122 75/7/123
f 75/7/123 68/7/122 82/7/124 90/7/125
f 76/7/70 85/7/71 73/7/72 69/7/73
f 88/7/74 76/7/70 69/7/73 79/7/75
f 79/7/75 69/7/73 72/7/64 84/7/66
f 80/7/76 89/7/77 77/7/78 70/7/79
f 85/7/71 80/7/76 70/7/79 73/7/72
f 73/7/72 70/7/79 71/7/56 83/7/60
f 70/7/79 77/7/78 86/7/57 71/7/56
f 69/7/73 73/7/72 83/7/60 72/7/64
f 68/7/122 74/7/61 87/7/63 82/7/124
f 67/7/59 81/7/58 91/7/80 78/7/62
f 96/6/81 92/6/82 106/6/83 111/6/84
f 108/6/85 99/6/86 92/6/82 96/6/81
f 99/6/86 112/6/87 103/6/88 92/6/82
f 97/6/126 93/6/90 99/6/86 108/6/85
f 109/6/91 100/6/92 93/6/90 97/6/126
f 100/6/92 115/6/93 107/6/94 93/6/90
f 101/6/95 94/6/96 98/6/97 110/6/98
f 113/6/99 104/6/127 94/6/96 101/6/95
f 104/6/127 109/6/91 97/6/126 94/6/96
f 105/6/101 95/6/102 102/6/103 114/6/104
f 110/6/98 98/6/97 95/6/102 105/6/101
f 98/6/97 108/6/85 96/6/81 95/6/102
f 95/6/102 96/6/81 111/6/84 102/6/103
f 94/6/96 97/6/126 108/6/85 98/6/97
f 93/6/90 107/6/94 112/6/87 99/6/86
f 92/6/82 103/6/88 116/6/105 106/6/83
f 141/6/82 130/6/88 117/6/105 127/6/83
f 140/6/90 126/6/94 121/6/87 134/6/86
f 139/6/96 136/6/126 125/6/85 135/6/97
f 138/6/102 137/6/81 122/6/84 131/6/103
f 135/6/97 125/6/85 137/6/81 138/6/102
f 123/6/98 135/6/97 138/6/102 128/6/101
f 128/6/101 138/6/102 131/6/103 119/6/104
f 129/6/127 124/6/91 136/6/126 139/6/96
f 120/6/99 129/6/127 139/6/96 132/6/95
f 132/6/95 139/6/96 135/6/97 123/6/98
f 133/6/92 118/6/93 126/6/94 140/6/90
f 124/6/91 133/6/92 140/6/90 136/6/126
f 136/6/126 140/6/90 134/6/86 125/6/85
f 134/6/86 121/6/87 130/6/88 141/6/82
f 125/6/85 134/6/86 141/6/82 137/6/81
f 137/6/81 141/6/82 127/6/83 122/6/84
f 166/8/59 152/8/58 142/8/80 155/8/62
f 165/8/122 159/8/61 146/8/63 151/8/124
f 164/8/73 160/8/72 150/8/60 161/8/64
f 163/8/79 156/8/78 147/8/57 162/8/56
f 160/8/72 163/8/79 162/8/56 150/8/60
f 148/8/71 153/8/76 163/8/79 160/8/72
f 153/8/76 144/8/77 156/8/78 163/8/79
f 154/8/75 164/8/73 161/8/64 149/8/66
f 145/8/74 157/8/70 164/8/73 154/8/75
f 157/8/70 148/8/71 160/8/72 164/8/73
f 158/8/123 165/8/122 151/8/124 143/8/125
f 149/8/66 161/8/64 165/8/122 158/8/123
f 161/8/64 150/8/60 159/8/61 165/8/122
f 159/8/61 166/8/59 155/8/62 146/8/63
f 150/8/60 162/8/56 166/8/59 159/8/61
f 162/8/56 147/8/57 152/8/58 166/8/59
f 123/4/21 128/4/21 153/4/21 148/4/21
f 133/4/112 124/4/121 149/4/121 158/4/113
f 126/4/23 118/4/23 143/4/23 151/4/23
f 124/4/121 129/4/114 154/4/116 149/4/121
f 127/4/107 117/4/128 142/4/120 152/4/108
f 117/4/128 130/4/23 155/4/23 142/4/120
f 128/4/21 119/4/117 144/4/118 153/4/21
f 119/4/117 131/4/109 156/4/110 144/4/118
f 129/4/114 120/4/115 145/4/115 154/4/116
f 120/4/21 132/4/21 157/4/21 145/4/21
f 130/4/23 121/4/23 146/4/23 155/4/23
f 118/4/111 133/4/112 158/4/113 143/4/111
f 121/4/23 126/4/23 151/4/23 146/4/23
f 131/4/109 122/4/106 147/4/106 156/4/110
f 122/4/106 127/4/107 152/4/108 147/4/106
f 132/4/21 123/4/21 148/4/21 157/4/21
f 201/4/21 210/4/21 185/4/21 176/4/21
f 211/4/106 206/4/107 181/4/108 186/4/106
f 202/4/109 211/4/106 186/4/106 177/4/110
f 212/4/23 207/4/23 182/4/23 187/4/23
f 215/4/111 200/4/112 175/4/113 190/4/111
f 203/4/23 212/4/23 187/4/23 178/4/23
f 213/4/21 201/4/21 176/4/21 188/4/21
f 204/4/114 213/4/115 188/4/115 179/4/116
f 214/4/117 202/4/109 177/4/110 189/4/118
f 205/4/21 214/4/117 189/4/118 180/4/21
f 216/4/128 203/4/23 178/4/23 191/4/120
f 206/4/107 216/4/128 191/4/120 181/4/108
f 209/4/121 204/4/114 179/4/116 184/4/121
f 207/4/23 215/4/23 190/4/23 182/4/23
f 200/4/112 209/4/121 184/4/121 175/4/113
f 210/4/21 205/4/21 180/4/21 185/4/21
f 171/5/56 186/5/57 181/5/58 167/5/59
f 183/5/60 171/5/56 167/5/59 174/5/61
f 174/5/61 167/5/59 178/5/62 187/5/63
f 172/5/64 183/5/60 174/5/61 168/5/122
f 184/5/66 172/5/64 168/5/122 175/5/123
f 175/5/123 168/5/122 182/5/124 190/5/125
f 176/5/70 185/5/71 173/5/72 169/5/73
f 188/5/74 176/5/70 169/5/73 179/5/75
f 179/5/75 169/5/73 172/5/64 184/5/66
f 180/5/76 189/5/77 177/5/78 170/5/79
f 185/5/71 180/5/76 170/5/79 173/5/72
f 173/5/72 170/5/79 171/5/56 183/5/60
f 170/5/79 177/5/78 186/5/57 171/5/56
f 169/5/73 173/5/72 183/5/60 172/5/64
f 168/5/122 174/5/61 187/5/63 182/5/124
f 167/5/59 181/5/58 191/5/80 178/5/62
f 196/6/81 192/6/82 206/6/83 211/6/84
f 208/6/85 199/6/86 192/6/82 196/6/81
f 199/6/86 212/6/87 203/6/88 192/6/82
f 197/6/126 193/6/90 199/6/86 208/6/85
f 209/6/91 200/6/92 193/6/90 197/6/126
f 200/6/92 215/6/93 207/6/94 193/6/90
f 201/6/95 194/6/96 198/6/97 210/6/98
f 213/6/99 204/6/127 194/6/96 201/6/95
f 204/6/127 209/6/91 197/6/126 194/6/96
f 205/6/101 195/6/102 202/6/103 214/6/104
f 210/6/98 198/6/97 195/6/102 205/6/101
f 198/6/97 208/6/85 196/6/81 195/6/102
f 195/6/102 196/6/81 211/6/84 202/6/103
f 194/6/96 197/6/126 208/6/85 198/6/97
f 193/6/90 207/6/94 212/6/87 199/6/86
f 192/6/82 203/6/88 216/6/105 206/6/83
f 241/6/82 230/6/88 217/6/105 227/6/83
f 240/6/90 226/6/94 221/6/87 234/6/86
f 239/6/96 236/6/126 225/6/85 235/6/97
f 238/6/102 237/6/81 222/6/84 231/6/103
f 235/6/97 225/6/85 237/6/81 238/6/102
f 223/6/98 235/6/97 238/6/102 228/6/101
f 228/6/101 238/6/102 231/6/103 219/6/104
f 229/6/127 224/6/91 236/6/126 239/6/96
f 220/6/99 229/6/127 239/6/96 232/6/95
f 232/6/95 239/6/96 235/6/97 223/6/98
f 233/6/92 218/6/93 226/6/94 240/6/90
f 224/6/91 233/6/92 240/6/90 236/6/126
f 236/6/126 240/6/90 234/6/86 225/6/85
f 234/6/86 221/6/87 230/6/88 241/6/82
f 225/6/85 234/6/86 241/6/82 237/6/81
f 237/6/81 241/6/82 227/6/83 222/6/84
f 266/5/59 252/5/58 242/5/80 255/5/62
f 265/5/122 259/5/61 246/5/63 251/5/124
f 264/5/73 260/5/72 250/5/60 261/5/64
f 263/5/79 256/5/78 247/5/57 262/5/56
f 260/5/72 263/5/79 262/5/56 250/5/60
f 248/5/71 253/5/76 263/5/79 260/5/72
f 253/5/76 244/5/77 256/5/78 263/5/79
f 254/5/75 264/5/73 261/5/64 249/5/66
f 245/5/74 257/5/70 264/5/73 254/5/75
f 257/5/70 248/5/71 260/5/72 264/5/73
f 258/5/123 265/5/122 251/5/124 243/5/125
f 249/5/66 261/5/64 265/5/122 258/5/123
f 261/5/64 250/5/60 259/5/61 265/5/122
f 259/5/61 266/5/59 255/5/62 246/5/63
f 250/5/60 262/5/56 266/5/59 259/5/61
f 262/5/56 247/5/57 252/5/58 266/5/59
f 223/4/21 228/4/21 253/4/21 248/4/21
f 233/4/112 224/4/121 249/4/121 258/4/113
f 226/4/23 218/4/23 243/4/23 251/4/23
f 224/4/121 229/4/114 254/4/116 249/4/121
f 227/4/107 217/4/128 242/4/120 252/4/108
f 217/4/128 230/4/23 255/4/23 242/4/120
f 228/4/21 219/4/117 244/4/118 253/4/21
f 219/4/117 231/4/109 256/4/110 244/4/118
f 229/4/114 220/4/115 245/4/115 254/4/116
f 220/4/21 232/4/21 257/4/21 245/4/21
f 230/4/23 221/4/23 246/4/23 255/4/23
f 218/4/111 233/4/112 258/4/113 243/4/111
f 221/4/23 226/4/23 251/4/23 246/4/23
f 231/4/109 222/4/106 247/4/106 256/4/110
f 222/4/106 227/4/107 252/4/108 247/4/106
f 232/4/21 223/4/21 248/4/21 257/4/21
f 287/3/129 286/3/17 283/3/19 601/3/129
f 599/2/130 285/2/14 286/2/16 287/2/130
f 3/3/131 284/3/11 285/3/13 599/3/131
f 601/1/132 283/1/9 284/1/9 3/1/132
f 271/3/133 298/3/33 267/3/35 296/3/134
f 270/2/135 269/2/31 298/2/31 271/2/135
f 293/3/136 268/3/28 269/3/30 270/3/137
f 296/1/24 267/1/26 268/1/26 293/1/24
f 291/1/138 296/1/24 293/1/24 13/1/138
f 13/3/139 293/3/136 270/3/137 16/3/139
f 16/2/140 270/2/135 271/2/135 606/2/140
f 606/3/141 271/3/133 296/3/134 291/3/141
f 276/3/142 275/3/7 273/3/7 279/3/142
f 277/3/143 272/3/5 274/3/5 281/3/143
f 280/2/144 279/2/144 273/2/3 274/2/3
f 1/1/145 272/1/1 275/1/1 276/1/145
f 278/9/146 277/9/146 281/9/146 282/9/146
f 1/9/147 276/9/147 279/9/147 280/9/147
f 323/6/148 312/6/149 299/6/150 309/6/151
f 322/6/152 308/6/153 303/6/154 316/6/155
f 321/6/156 318/6/157 307/6/158 317/6/159
f 320/6/160 319/6/161 304/6/162 313/6/163
f 317/6/159 307/6/158 319/6/161 320/6/160
f 305/6/164 317/6/159 320/6/160 310/6/165
f 310/6/165 320/6/160 313/6/163 301/6/166
f 311/6/167 306/6/168 318/6/157 321/6/156
f 302/6/169 311/6/167 321/6/156 314/6/170
f 314/6/170 321/6/156 317/6/159 305/6/164
f 315/6/171 300/6/172 308/6/153 322/6/152
f 306/6/168 315/6/171 322/6/152 318/6/157
f 318/6/157 322/6/152 316/6/155 307/6/158
f 316/6/155 303/6/154 312/6/149 323/6/148
f 307/6/158 316/6/155 323/6/148 319/6/161
f 319/6/161 323/6/148 309/6/151 304/6/162
f 348/5/173 334/5/174 324/5/175 337/5/176
f 347/5/177 341/5/178 328/5/179 333/5/180
f 346/5/181 342/5/182 332/5/183 343/5/184
f 345/5/185 338/5/186 329/5/187 344/5/188
f 342/5/182 345/5/185 344/5/188 332/5/183
f 330/5/189 335/5/190 345/5/185 342/5/182
f 335/5/190 326/5/191 338/5/186 345/5/185
f 336/5/192 346/5/181 343/5/184 331/5/193
f 327/5/194 339/5/195 346/5/181 336/5/192
f 339/5/195 330/5/189 342/5/182 346/5/181
f 340/5/196 347/5/177 333/5/180 325/5/197
f 331/5/193 343/5/184 347/5/177 340/5/196
f 343/5/184 332/5/183 341/5/178 347/5/177
f 341/5/178 348/5/173 337/5/176 328/5/179
f 332/5/183 344/5/188 348/5/173 341/5/178
f 344/5/188 329/5/187 334/5/174 348/5/173
f 305/4/21 310/4/21 335/4/21 330/4/21
f 315/4/198 306/4/199 331/4/199 340/4/200
f 308/4/23 300/4/23 325/4/23 333/4/23
f 306/4/199 311/4/201 336/4/202 331/4/199
f 309/4/203 299/4/204 324/4/205 334/4/206
f 299/4/204 312/4/23 337/4/23 324/4/205
f 310/4/21 301/4/207 326/4/208 335/4/21
f 301/4/207 313/4/209 338/4/210 326/4/208
f 311/4/201 302/4/211 327/4/211 336/4/202
f 302/4/21 314/4/21 339/4/21 327/4/21
f 312/4/23 303/4/23 328/4/23 337/4/23
f 300/4/212 315/4/198 340/4/200 325/4/212
f 303/4/23 308/4/23 333/4/23 328/4/23
f 313/4/209 304/4/213 329/4/213 338/4/210
f 304/4/213 309/4/203 334/4/206 329/4/213
f 314/4/21 305/4/21 330/4/21 339/4/21
f 383/4/36 392/4/36 367/4/36 358/4/36
f 393/4/214 388/4/215 363/4/216 368/4/214
f 384/4/217 393/4/214 368/4/214 359/4/218
f 394/4/42 389/4/43 364/4/43 369/4/42
f 397/4/219 382/4/220 357/4/221 372/4/219
f 385/4/42 394/4/42 369/4/42 360/4/42
f 395/4/36 383/4/36 358/4/36 370/4/36
f 386/4/222 395/4/223 370/4/223 361/4/224
f 396/4/225 384/4/217 359/4/218 371/4/226
f 387/4/36 396/4/225 371/4/226 362/4/36
f 398/4/227 385/4/42 360/4/42 373/4/228
f 388/4/215 398/4/227 373/4/228 363/4/216
f 391/4/229 386/4/222 361/4/224 366/4/229
f 389/4/43 397/4/55 372/4/55 364/4/43
f 382/4/220 391/4/229 366/4/229 357/4/221
f 392/4/36 387/4/36 362/4/36 367/4/36
f 353/5/188 368/5/187 363/5/174 349/5/173
f 365/5/183 353/5/188 349/5/173 356/5/230
f 356/5/230 349/5/173 360/5/176 369/5/179
f 354/5/184 365/5/183 356/5/230 350/5/231
f 366/5/193 354/5/184 350/5/231 357/5/232
f 357/5/232 350/5/231 364/5/233 372/5/234
f 358/5/195 367/5/189 355/5/235 351/5/181
f 370/5/194 358/5/195 351/5/181 361/5/236
f 361/5/236 351/5/181 354/5/184 366/5/193
f 362/5/190 371/5/191 359/5/186 352/5/185
f 367/5/189 362/5/190 352/5/185 355/5/235
f 355/5/235 352/5/185 353/5/188 365/5/183
f 352/5/185 359/5/186 368/5/187 353/5/188
f 351/5/181 355/5/235 365/5/183 354/5/184
f 350/5/231 356/5/230 369/5/179 364/5/233
f 349/5/173 363/5/174 373/5/175 360/5/176
f 378/6/161 374/6/148 388/6/151 393/6/162
f 390/6/158 381/6/237 374/6/148 378/6/161
f 381/6/237 394/6/154 385/6/149 374/6/148
f 379/6/157 375/6/152 381/6/237 390/6/158
f 391/6/168 382/6/171 375/6/152 379/6/157
f 382/6/171 397/6/172 389/6/153 375/6/152
f 383/6/170 376/6/156 380/6/238 392/6/164
f 395/6/169 386/6/167 376/6/156 383/6/170
f 386/6/167 391/6/168 379/6/157 376/6/156
f 387/6/165 377/6/160 384/6/163 396/6/239
f 392/6/164 380/6/238 377/6/160 387/6/165
f 380/6/238 390/6/158 378/6/161 377/6/160
f 377/6/160 378/6/161 393/6/162 384/6/163
f 376/6/156 379/6/157 390/6/158 380/6/238
f 375/6/152 389/6/153 394/6/154 381/6/237
f 374/6/148 385/6/149 398/6/240 388/6/151
f 433/4/21 442/4/21 417/4/21 408/4/21
f 443/4/213 438/4/203 413/4/206 418/4/213
f 434/4/209 443/4/213 418/4/213 409/4/210
f 444/4/23 439/4/23 414/4/23 419/4/23
f 447/4/212 432/4/198 407/4/200 422/4/212
f 435/4/23 444/4/23 419/4/23 410/4/23
f 445/4/21 433/4/21 408/4/21 420/4/21
f 436/4/201 445/4/211 420/4/211 411/4/202
f 446/4/207 434/4/209 409/4/210 421/4/208
f 437/4/21 446/4/207 421/4/208 412/4/21
f 448/4/204 435/4/23 410/4/23 423/4/205
f 438/4/203 448/4/204 423/4/205 413/4/206
f 441/4/199 436/4/201 411/4/202 416/4/199
f 439/4/23 447/4/23 422/4/23 414/4/23
f 432/4/198 441/4/199 416/4/199 407/4/200
f 442/4/21 437/4/21 412/4/21 417/4/21
f 403/8/188 418/8/187 413/8/174 399/8/173
f 415/8/183 403/8/188 399/8/173 406/8/178
f 406/8/178 399/8/173 410/8/176 419/8/179
f 404/8/184 415/8/183 406/8/178 400/8/177
f 416/8/193 404/8/184 400/8/177 407/8/241
f 407/8/241 400/8/177 414/8/180 422/8/197
f 408/8/195 417/8/189 405/8/182 401/8/181
f 420/8/194 408/8/195 401/8/181 411/8/236
f 411/8/236 401/8/181 404/8/184 416/8/193
f 412/8/190 421/8/191 409/8/186 402/8/185
f 417/8/189 412/8/190 402/8/185 405/8/182
f 405/8/182 402/8/185 403/8/188 415/8/183
f 402/8/185 409/8/186 418/8/187 403/8/188
f 401/8/181 405/8/182 415/8/183 404/8/184
f 400/8/177 406/8/178 419/8/179 414/8/180
f 399/8/173 413/8/174 423/8/175 410/8/176
f 428/6/161 424/6/148 438/6/151 443/6/162
f 440/6/158 431/6/155 424/6/148 428/6/161
f 431/6/155 444/6/154 435/6/149 424/6/148
f 429/6/157 425/6/152 431/6/155 440/6/158
f 441/6/168 432/6/171 425/6/152 429/6/157
f 432/6/171 447/6/172 439/6/153 425/6/152
f 433/6/170 426/6/156 430/6/159 442/6/164
f 445/6/169 436/6/167 426/6/156 433/6/170
f 436/6/167 441/6/168 429/6/157 426/6/156
f 437/6/165 427/6/160 434/6/163 446/6/166
f 442/6/164 430/6/159 427/6/160 437/6/165
f 430/6/159 440/6/158 428/6/161 427/6/160
f 427/6/160 428/6/161 443/6/162 434/6/163
f 426/6/156 429/6/157 440/6/158 430/6/159
f 425/6/152 439/6/153 444/6/154 431/6/155
f 424/6/148 435/6/149 448/6/150 438/6/151
f 483/4/21 492/4/21 467/4/21 458/4/21
f 493/4/213 488/4/203 463/4/206 468/4/213
f 484/4/209 493/4/213 468/4/213 459/4/210
f 494/4/23 489/4/23 464/4/23 469/4/23
f 497/4/212 482/4/198 457/4/200 472/4/212
f 485/4/23 494/4/23 469/4/23 460/4/23
f 495/4/21 483/4/21 458/4/21 470/4/21
f 486/4/201 495/4/211 470/4/211 461/4/202
f 496/4/207 484/4/209 459/4/210 471/4/208
f 487/4/21 496/4/207 471/4/208 462/4/21
f 498/4/204 485/4/23 460/4/23 473/4/205
f 488/4/203 498/4/204 473/4/205 463/4/206
f 491/4/199 486/4/201 461/4/202 466/4/199
f 489/4/23 497/4/23 472/4/23 464/4/23
f 482/4/198 491/4/199 466/4/199 457/4/200
f 492/4/21 487/4/21 462/4/21 467/4/21
f 453/5/188 468/5/187 463/5/174 449/5/173
f 465/5/183 453/5/188 449/5/173 456/5/178
f 456/5/178 449/5/173 460/5/176 469/5/179
f 454/5/184 465/5/183 456/5/178 450/5/177
f 466/5/193 454/5/184 450/5/177 457/5/241
f 457/5/241 450/5/177 464/5/180 472/5/197
f 458/5/195 467/5/189 455/5/182 451/5/181
f 470/5/194 458/5/195 451/5/181 461/5/236
f 461/5/236 451/5/181 454/5/184 466/5/193
f 462/5/190 471/5/191 459/5/186 452/5/185
f 467/5/189 462/5/190 452/5/185 455/5/182
f 455/5/182 452/5/185 453/5/188 465/5/183
f 452/5/185 459/5/186 468/5/187 453/5/188
f 451/5/181 455/5/182 465/5/183 454/5/184
f 450/5/177 456/5/178 469/5/179 464/5/180
f 449/5/173 463/5/174 473/5/175 460/5/176
f 478/6/161 474/6/148 488/6/151 493/6/162
f 490/6/158 481/6/155 474/6/148 478/6/161
f 481/6/155 494/6/154 485/6/149 474/6/148
f 479/6/157 475/6/152 481/6/155 490/6/158
f 491/6/168 482/6/171 475/6/152 479/6/157
f 482/6/171 497/6/172 489/6/153 475/6/152
f 483/6/170 476/6/156 480/6/159 492/6/164
f 495/6/169 486/6/167 476/6/156 483/6/170
f 486/6/167 491/6/168 479/6/157 476/6/156
f 487/6/165 477/6/160 484/6/163 496/6/166
f 492/6/164 480/6/159 477/6/160 487/6/165
f 480/6/159 490/6/158 478/6/161 477/6/160
f 477/6/160 478/6/161 493/6/162 484/6/163
f 476/6/156 479/6/157 490/6/158 480/6/159
f 475/6/152 489/6/153 494/6/154 481/6/155
f 474/6/148 485/6/149 498/6/150 488/6/151
f 533/4/21 542/4/21 517/4/21 508/4/21
f 543/4/213 538/4/203 513/4/206 518/4/213
f 534/4/209 543/4/213 518/4/213 509/4/210
f 544/4/23 539/4/23 514/4/23 519/4/23
f 547/4/212 532/4/198 507/4/200 522/4/212
f 535/4/23 544/4/23 519/4/23 510/4/23
f 545/4/21 533/4/21 508/4/21 520/4/21
f 536/4/201 545/4/211 520/4/211 511/4/202
f 546/4/207 534/4/209 509/4/210 521/4/208
f 537/4/21 546/4/207 521/4/208 512/4/21
f 548/4/204 535/4/23 510/4/23 523/4/205
f 538/4/203 548/4/204 523/4/205 513/4/206
f 541/4/199 536/4/201 511/4/202 516/4/199
f 539/4/23 547/4/23 522/4/23 514/4/23
f 532/4/198 541/4/199 516/4/199 507/4/200
f 542/4/21 537/4/21 512/4/21 517/4/21
f 503/5/188 518/5/187 513/5/174 499/5/173
f 515/5/183 503/5/188 499/5/173 506/5/178
f 506/5/178 499/5/173 510/5/176 519/5/179
f 504/5/184 515/5/183 506/5/178 500/5/177
f 516/5/193 504/5/184 500/5/177 507/5/241
f 507/5/241 500/5/177 514/5/180 522/5/197
f 508/5/195 517/5/189 505/5/182 501/5/181
f 520/5/194 508/5/195 501/5/181 511/5/236
f 511/5/236 501/5/181 504/5/184 516/5/193
f 512/5/190 521/5/191 509/5/186 502/5/185
f 517/5/189 512/5/190 502/5/185 505/5/182
f 505/5/182 502/5/185 503/5/188 515/5/183
f 502/5/185 509/5/186 518/5/187 503/5/188
f 501/5/181 505/5/182 515/5/183 504/5/184
f 500/5/177 506/5/178 519/5/179 514/5/180
f 499/5/173 513/5/174 523/5/175 510/5/176
f 528/6/161 524/6/148 538/6/151 543/6/162
f 540/6/158 531/6/155 524/6/148 528/6/161
f 531/6/155 544/6/154 535/6/149 524/6/148
f 529/6/157 525/6/152 531/6/155 540/6/158
f 541/6/168 532/6/171 525/6/152 529/6/157
f 532/6/171 547/6/172 539/6/153 525/6/152
f 533/6/170 526/6/156 530/6/159 542/6/164
f 545/6/169 536/6/167 526/6/156 533/6/170
f 536/6/167 541/6/168 529/6/157 526/6/156
f 537/6/165 527/6/160 534/6/163 546/6/166
f 542/6/164 530/6/159 527/6/160 537/6/165
f 530/6/159 540/6/158 528/6/161 527/6/160
f 527/6/160 528/6/161 543/6/162 534/6/163
f 526/6/156 529/6/157 540/6/158 530/6/159
f 525/6/152 539/6/153 544/6/154 531/6/155
f 524/6/148 535/6/149 548/6/150 538/6/151
f 583/4/21 592/4/21 567/4/21 558/4/21
f 593/4/213 588/4/203 563/4/206 568/4/213
f 584/4/209 593/4/213 568/4/213 559/4/210
f 594/4/23 589/4/23 564/4/23 569/4/23
f 597/4/212 582/4/198 557/4/200 572/4/212
f 585/4/23 594/4/23 569/4/23 560/4/23
f 595/4/21 583/4/21 558/4/21 570/4/21
f 586/4/201 595/4/211 570/4/211 561/4/202
f 596/4/207 584/4/209 559/4/210 571/4/208
f 587/4/21 596/4/207 571/4/208 562/4/21
f 598/4/204 585/4/23 560/4/23 573/4/205
f 588/4/203 598/4/204 573/4/205 563/4/206
f 591/4/199 586/4/201 561/4/202 566/4/199
f 589/4/23 597/4/23 572/4/23 564/4/23
f 582/4/198 591/4/199 566/4/199 557/4/200
f 592/4/21 587/4/21 562/4/21 567/4/21
f 553/7/188 568/7/187 563/7/174 549/7/173
f 565/7/183 553/7/188 549/7/173 556/7/178
f 556/7/178 549/7/173 560/7/176 569/7/179
f 554/7/184 565/7/183 556/7/178 550/7/177
f 566/7/193 554/7/184 550/7/177 557/7/196
f 557/7/196 550/7/177 564/7/180 572/7/197
f 558/7/195 567/7/189 555/7/182 551/7/181
f 570/7/194 558/7/195 551/7/181 561/7/192
f 561/7/192 551/7/181 554/7/184 566/7/193
f 562/7/190 571/7/191 559/7/186 552/7/185
f 567/7/189 562/7/190 552/7/185 555/7/182
f 555/7/182 552/7/185 553/7/188 565/7/183
f 552/7/185 559/7/186 568/7/187 553/7/188
f 551/7/181 555/7/182 565/7/183 554/7/184
f 550/7/177 556/7/178 569/7/179 564/7/180
f 549/7/173 563/7/174 573/7/175 560/7/176
f 578/6/161 574/6/148 588/6/151 593/6/162
f 590/6/158 581/6/155 574/6/148 578/6/161
f 581/6/155 594/6/154 585/6/149 574/6/148
f 579/6/157 575/6/152 581/6/155 590/6/158
f 591/6/168 582/6/171 575/6/152 579/6/157
f 582/6/171 597/6/172 589/6/153 575/6/152
f 583/6/170 576/6/156 580/6/159 592/6/164
f 595/6/169 586/6/167 576/6/156 583/6/170
f 586/6/167 591/6/168 579/6/157 576/6/156
f 587/6/165 577/6/160 584/6/163 596/6/166
f 592/6/164 580/6/159 577/6/160 587/6/165
f 580/6/159 590/6/158 578/6/161 577/6/160
f 577/6/160 578/6/161 593/6/162 584/6/163
f 576/6/156 579/6/157 590/6/158 580/6/159
f 575/6/152 589/6/153 594/6/154 581/6/155
f 574/6/148 585/6/149 598/6/150 588/6/151
f 3/10/242 599/10/242 287/10/242 601/10/242
f 6/10/243 603/10/243 7/10/243 602/10/243
f 604/10/244 605/10/244 11/10/244 600/10/244
f 13/10/245 16/10/245 606/10/245 291/10/245
f 635/4/36 642/4/36 622/4/36 615/4/36
f 643/4/37 639/4/38 619/4/39 623/4/37
f 636/4/40 643/4/37 623/4/37 616/4/246
f 644/4/42 640/4/43 620/4/247 624/4/42
f 637/4/42 644/4/42 624/4/42 617/4/42
f 645/4/50 636/4/40 616/4/246 625/4/51
f 638/4/36 645/4/50 625/4/51 618/4/36
f 646/4/52 637/4/42 617/4/42 626/4/53
f 639/4/38 646/4/52 626/4/53 619/4/39
f 642/4/36 638/4/36 618/4/36 622/4/36
f 611/5/56 623/5/57 619/5/58 607/5/59
f 621/5/60 611/5/56 607/5/59 614/5/61
f 614/5/61 607/5/59 617/5/62 624/5/63
f 612/5/248 621/5/60 614/5/61 608/5/65
f 615/5/70 622/5/71 613/5/72 609/5/73
f 618/5/76 625/5/77 616/5/78 610/5/79
f 622/5/71 618/5/76 610/5/79 613/5/72
f 613/5/72 610/5/79 611/5/56 621/5/60
f 610/5/79 616/5/78 623/5/57 611/5/56
f 609/5/73 613/5/72 621/5/60 612/5/248
f 608/5/65 614/5/61 624/5/63 620/5/68
f 607/5/59 619/5/58 626/5/80 617/5/62
f 631/6/81 627/6/82 639/6/83 643/6/84
f 641/6/85 634/6/86 627/6/82 631/6/81
f 634/6/86 644/6/87 637/6/88 627/6/82
f 632/6/126 628/6/90 634/6/86 641/6/85
f 635/6/95 629/6/96 633/6/97 642/6/98
f 638/6/101 630/6/102 636/6/103 645/6/104
f 642/6/98 633/6/97 630/6/102 638/6/101
f 633/6/97 641/6/85 631/6/81 630/6/102
f 630/6/102 631/6/81 643/6/84 636/6/103
f 629/6/96 632/6/126 641/6/85 633/6/97
f 628/6/90 640/6/94 644/6/87 634/6/86
f 627/6/82 637/6/88 646/6/105 639/6/83
f 675/4/21 682/4/21 662/4/21 655/4/21
f 683/4/106 679/4/107 659/4/249 663/4/106
f 676/4/109 683/4/106 663/4/106 656/4/250
f 684/4/23 680/4/23 660/4/23 664/4/23
f 677/4/23 684/4/23 664/4/23 657/4/23
f 685/4/251 676/4/109 656/4/250 665/4/118
f 678/4/21 685/4/251 665/4/118 658/4/21
f 686/4/119 677/4/23 657/4/23 666/4/120
f 679/4/107 686/4/119 666/4/120 659/4/249
f 682/4/21 678/4/21 658/4/21 662/4/21
f 651/8/56 663/8/57 659/8/58 647/8/59
f 661/8/60 651/8/56 647/8/59 654/8/61
f 654/8/61 647/8/59 657/8/62 664/8/63
f 652/8/248 661/8/60 654/8/61 648/8/122
f 655/8/70 662/8/71 653/8/72 649/8/73
f 658/8/76 665/8/77 656/8/78 650/8/79
f 662/8/71 658/8/76 650/8/79 653/8/72
f 653/8/72 650/8/79 651/8/56 661/8/60
f 650/8/79 656/8/78 663/8/57 651/8/56
f 649/8/73 653/8/72 661/8/60 652/8/248
f 648/8/122 654/8/61 664/8/63 660/8/124
f 647/8/59 659/8/58 666/8/80 657/8/62
f 671/6/81 667/6/82 679/6/83 683/6/84
f 681/6/85 674/6/86 667/6/82 671/6/81
f 674/6/86 684/6/87 677/6/88 667/6/82
f 672/6/126 668/6/90 674/6/86 681/6/85
f 675/6/95 669/6/96 673/6/97 682/6/98
f 678/6/101 670/6/102 676/6/103 685/6/104
f 682/6/98 673/6/97 670/6/102 678/6/101
f 673/6/97 681/6/85 671/6/81 670/6/102
f 670/6/102 671/6/81 683/6/84 676/6/103
f 669/6/96 672/6/126 681/6/85 673/6/97
f 668/6/90 680/6/94 684/6/87 674/6/86
f 667/6/82 677/6/88 686/6/105 679/6/83
f 706/6/82 696/6/88 687/6/105 694/6/83
f 705/6/90 693/6/94 689/6/87 699/6/86
f 704/6/96 701/6/89 692/6/85 700/6/97
f 703/6/102 702/6/81 690/6/84 697/6/103
f 700/6/97 692/6/85 702/6/81 703/6/102
f 691/6/98 700/6/97 703/6/102 695/6/101
f 695/6/101 703/6/102 697/6/103 688/6/104
f 698/6/95 704/6/96 700/6/97 691/6/98
f 701/6/89 705/6/90 699/6/86 692/6/85
f 699/6/86 689/6/87 696/6/88 706/6/82
f 692/6/85 699/6/86 706/6/82 702/6/81
f 702/6/81 706/6/82 694/6/83 690/6/84
f 726/5/59 714/5/58 707/5/80 716/5/62
f 725/5/122 719/5/61 709/5/63 713/5/124
f 724/5/73 720/5/72 712/5/60 721/5/248
f 723/5/79 717/5/78 710/5/57 722/5/56
f 720/5/72 723/5/79 722/5/56 712/5/60
f 711/5/71 715/5/76 723/5/79 720/5/72
f 715/5/76 708/5/77 717/5/78 723/5/79
f 718/5/70 711/5/71 720/5/72 724/5/73
f 721/5/248 712/5/60 719/5/61 725/5/122
f 719/5/61 726/5/59 716/5/62 709/5/63
f 712/5/60 722/5/56 726/5/59 719/5/61
f 722/5/56 710/5/57 714/5/58 726/5/59
f 691/4/21 695/4/21 715/4/21 711/4/21
f 694/4/107 687/4/119 707/4/120 714/4/249
f 687/4/119 696/4/23 716/4/23 707/4/120
f 695/4/21 688/4/251 708/4/118 715/4/21
f 688/4/251 697/4/109 717/4/250 708/4/118
f 696/4/23 689/4/23 709/4/23 716/4/23
f 689/4/23 693/4/23 713/4/23 709/4/23
f 697/4/109 690/4/106 710/4/106 717/4/250
f 690/4/106 694/4/107 714/4/249 710/4/106
f 698/4/21 691/4/21 711/4/21 718/4/21
f 755/4/21 762/4/21 742/4/21 735/4/21
f 763/4/106 759/4/107 739/4/249 743/4/106
f 756/4/109 763/4/106 743/4/106 736/4/250
f 764/4/23 760/4/23 740/4/23 744/4/23
f 757/4/23 764/4/23 744/4/23 737/4/23
f 765/4/251 756/4/109 736/4/250 745/4/118
f 758/4/21 765/4/251 745/4/118 738/4/21
f 766/4/119 757/4/23 737/4/23 746/4/120
f 759/4/107 766/4/119 746/4/120 739/4/249
f 762/4/21 758/4/21 738/4/21 742/4/21
f 731/5/56 743/5/57 739/5/58 727/5/59
f 741/5/60 731/5/56 727/5/59 734/5/61
f 734/5/61 727/5/59 737/5/62 744/5/63
f 732/5/248 741/5/60 734/5/61 728/5/122
f 735/5/70 742/5/71 733/5/72 729/5/73
f 738/5/76 745/5/77 736/5/78 730/5/79
f 742/5/71 738/5/76 730/5/79 733/5/72
f 733/5/72 730/5/79 731/5/56 741/5/60
f 730/5/79 736/5/78 743/5/57 731/5/56
f 729/5/73 733/5/72 741/5/60 732/5/248
f 728/5/122 734/5/61 744/5/63 740/5/124
f 727/5/59 739/5/58 746/5/80 737/5/62
f 751/6/81 747/6/82 759/6/83 763/6/84
f 761/6/85 754/6/86 747/6/82 751/6/81
f 754/6/86 764/6/87 757/6/88 747/6/82
f 752/6/126 748/6/90 754/6/86 761/6/85
f 755/6/95 749/6/96 753/6/97 762/6/98
f 758/6/101 750/6/102 756/6/103 765/6/104
f 762/6/98 753/6/97 750/6/102 758/6/101
f 753/6/97 761/6/85 751/6/81 750/6/102
f 750/6/102 751/6/81 763/6/84 756/6/103
f 749/6/96 752/6/126 761/6/85 753/6/97
f 748/6/90 760/6/94 764/6/87 754/6/86
f 747/6/82 757/6/88 766/6/105 759/6/83
f 786/6/82 776/6/88 767/6/105 774/6/83
f 785/6/90 773/6/94 769/6/87 779/6/86
f 784/6/96 781/6/126 772/6/85 780/6/97
f 783/6/102 782/6/81 770/6/84 777/6/103
f 780/6/97 772/6/85 782/6/81 783/6/102
f 771/6/98 780/6/97 783/6/102 775/6/101
f 775/6/101 783/6/102 777/6/103 768/6/104
f 778/6/95 784/6/96 780/6/97 771/6/98
f 781/6/126 785/6/90 779/6/86 772/6/85
f 779/6/86 769/6/87 776/6/88 786/6/82
f 772/6/85 779/6/86 786/6/82 782/6/81
f 782/6/81 786/6/82 774/6/83 770/6/84
f 806/5/59 794/5/58 787/5/80 796/5/62
f 805/5/122 799/5/61 789/5/63 793/5/124
f 804/5/73 800/5/72 792/5/60 801/5/248
f 803/5/79 797/5/78 790/5/57 802/5/56
f 800/5/72 803/5/79 802/5/56 792/5/60
f 791/5/71 795/5/76 803/5/79 800/5/72
f 795/5/76 788/5/77 797/5/78 803/5/79
f 798/5/70 791/5/71 800/5/72 804/5/73
f 801/5/248 792/5/60 799/5/61 805/5/122
f 799/5/61 806/5/59 796/5/62 789/5/63
f 792/5/60 802/5/56 806/5/59 799/5/61
f 802/5/56 790/5/57 794/5/58 806/5/59
f 771/4/21 775/4/21 795/4/21 791/4/21
f 774/4/107 767/4/119 787/4/120 794/4/249
f 767/4/119 776/4/23 796/4/23 787/4/120
f 775/4/21 768/4/251 788/4/118 795/4/21
f 768/4/251 777/4/109 797/4/250 788/4/118
f 776/4/23 769/4/23 789/4/23 796/4/23
f 769/4/23 773/4/23 793/4/23 789/4/23
f 777/4/109 770/4/106 790/4/106 797/4/250
f 770/4/106 774/4/107 794/4/249 790/4/106
f 778/4/21 771/4/21 791/4/21 798/4/21
f 831/6/148 820/6/149 807/6/150 817/6/151
f 830/6/152 816/6/153 811/6/154 824/6/155
f 829/6/156 826/6/157 815/6/158 825/6/159
f 828/6/160 827/6/161 812/6/162 821/6/163
f 825/6/159 815/6/158 827/6/161 828/6/160
f 813/6/164 825/6/159 828/6/160 818/6/165
f 818/6/165 828/6/160 821/6/163 809/6/166
f 819/6/167 814/6/168 826/6/157 829/6/156
f 810/6/169 819/6/167 829/6/156 822/6/170
f 822/6/170 829/6/156 825/6/159 813/6/164
f 823/6/171 808/6/172 816/6/153 830/6/152
f 814/6/168 823/6/171 830/6/152 826/6/157
f 826/6/157 830/6/152 824/6/155 815/6/158
f 824/6/155 811/6/154 820/6/149 831/6/148
f 815/6/158 824/6/155 831/6/148 827/6/161
f 827/6/161 831/6/148 817/6/151 812/6/162
f 856/5/173 842/5/174 832/5/175 845/5/176
f 855/5/177 849/5/178 836/5/179 841/5/180
f 854/5/181 850/5/182 840/5/183 851/5/184
f 853/5/185 846/5/186 837/5/187 852/5/188
f 850/5/182 853/5/185 852/5/188 840/5/183
f 838/5/189 843/5/190 853/5/185 850/5/182
f 843/5/190 834/5/191 846/5/186 853/5/185
f 844/5/192 854/5/181 851/5/184 839/5/193
f 835/5/194 847/5/195 854/5/181 844/5/192
f 847/5/195 838/5/189 850/5/182 854/5/181
f 848/5/196 855/5/177 841/5/180 833/5/197
f 839/5/193 851/5/184 855/5/177 848/5/196
f 851/5/184 840/5/183 849/5/178 855/5/177
f 849/5/178 856/5/173 845/5/176 836/5/179
f 840/5/183 852/5/188 856/5/173 849/5/178
f 852/5/188 837/5/187 842/5/174 856/5/173
f 813/4/21 818/4/21 843/4/21 838/4/21
f 823/4/198 814/4/199 839/4/199 848/4/200
f 816/4/23 808/4/23 833/4/23 841/4/23
f 814/4/199 819/4/201 844/4/202 839/4/199
f 817/4/203 807/4/204 832/4/205 842/4/206
f 807/4/204 820/4/23 845/4/23 832/4/205
f 818/4/21 809/4/207 834/4/208 843/4/21
f 809/4/207 821/4/209 846/4/210 834/4/208
f 819/4/201 810/4/211 835/4/211 844/4/202
f 810/4/21 822/4/21 847/4/21 835/4/21
f 820/4/23 811/4/23 836/4/23 845/4/23
f 808/4/212 823/4/198 848/4/200 833/4/212
f 811/4/23 816/4/23 841/4/23 836/4/23
f 821/4/209 812/4/213 837/4/213 846/4/210
f 812/4/213 817/4/203 842/4/206 837/4/213
f 822/4/21 813/4/21 838/4/21 847/4/21
f 891/4/36 900/4/36 875/4/36 866/4/36
f 901/4/214 896/4/215 871/4/216 876/4/214
f 892/4/217 901/4/214 876/4/214 867/4/218
f 902/4/42 897/4/43 872/4/43 877/4/42
f 905/4/219 890/4/220 865/4/221 880/4/219
f 893/4/42 902/4/42 877/4/42 868/4/42
f 903/4/36 891/4/36 866/4/36 878/4/36
f 894/4/222 903/4/223 878/4/223 869/4/224
f 904/4/225 892/4/217 867/4/218 879/4/226
f 895/4/36 904/4/225 879/4/226 870/4/36
f 906/4/227 893/4/42 868/4/42 881/4/228
f 896/4/215 906/4/227 881/4/228 871/4/216
f 899/4/229 894/4/222 869/4/224 874/4/229
f 897/4/43 905/4/55 880/4/55 872/4/43
f 890/4/220 899/4/229 874/4/229 865/4/221
f 900/4/36 895/4/36 870/4/36 875/4/36
f 861/5/188 876/5/187 871/5/174 857/5/173
f 873/5/183 861/5/188 857/5/173 864/5/230
f 864/5/230 857/5/173 868/5/176 877/5/179
f 862/5/184 873/5/183 864/5/230 858/5/231
f 874/5/193 862/5/184 858/5/231 865/5/232
f 865/5/232 858/5/231 872/5/233 880/5/234
f 866/5/195 875/5/189 863/5/235 859/5/181
f 878/5/194 866/5/195 859/5/181 869/5/236
f 869/5/236 859/5/181 862/5/184 874/5/193
f 870/5/190 879/5/191 867/5/186 860/5/185
f 875/5/189 870/5/190 860/5/185 863/5/235
f 863/5/235 860/5/185 861/5/188 873/5/183
f 860/5/185 867/5/186 876/5/187 861/5/188
f 859/5/181 863/5/235 873/5/183 862/5/184
f 858/5/231 864/5/230 877/5/179 872/5/233
f 857/5/173 871/5/174 881/5/175 868/5/176
f 886/6/161 882/6/148 896/6/151 901/6/162
f 898/6/158 889/6/237 882/6/148 886/6/161
f 889/6/237 902/6/154 893/6/149 882/6/148
f 887/6/157 883/6/152 889/6/237 898/6/158
f 899/6/168 890/6/171 883/6/152 887/6/157
f 890/6/171 905/6/172 897/6/153 883/6/152
f 891/6/170 884/6/156 888/6/238 900/6/164
f 903/6/169 894/6/167 884/6/156 891/6/170
f 894/6/167 899/6/168 887/6/157 884/6/156
f 895/6/165 885/6/160 892/6/163 904/6/239
f 900/6/164 888/6/238 885/6/160 895/6/165
f 888/6/238 898/6/158 886/6/161 885/6/160
f 885/6/160 886/6/161 901/6/162 892/6/163
f 884/6/156 887/6/157 898/6/158 888/6/238
f 883/6/152 897/6/153 902/6/154 889/6/237
f 882/6/148 893/6/149 906/6/240 896/6/151
f 941/4/21 950/4/21 925/4/21 916/4/21
f 951/4/213 946/4/203 921/4/206 926/4/213
f 942/4/209 951/4/213 926/4/213 917/4/210
f 952/4/23 947/4/23 922/4/23 927/4/23
f 955/4/212 940/4/198 915/4/200 930/4/212
f 943/4/23 952/4/23 927/4/23 918/4/23
f 953/4/21 941/4/21 916/4/21 928/4/21
f 944/4/201 953/4/211 928/4/211 919/4/202
f 954/4/207 942/4/209 917/4/210 929/4/208
f 945/4/21 954/4/207 929/4/208 920/4/21
f 956/4/204 943/4/23 918/4/23 931/4/205
f 946/4/203 956/4/204 931/4/205 921/4/206
f 949/4/199 944/4/201 919/4/202 924/4/199
f 947/4/23 955/4/23 930/4/23 922/4/23
f 940/4/198 949/4/199 924/4/199 915/4/200
f 950/4/21 945/4/21 920/4/21 925/4/21
f 911/5/188 926/5/187 921/5/174 907/5/173
f 923/5/183 911/5/188 907/5/173 914/5/178
f 914/5/178 907/5/173 918/5/176 927/5/179
f 912/5/184 923/5/183 914/5/178 908/5/177
f 924/5/193 912/5/184 908/5/177 915/5/241
f 915/5/241 908/5/177 922/5/180 930/5/197
f 916/5/195 925/5/189 913/5/182 909/5/181
f 928/5/194 916/5/195 909/5/181 919/5/236
f 919/5/236 909/5/181 912/5/184 924/5/193
f 920/5/190 929/5/191 917/5/186 910/5/185
f 925/5/189 920/5/190 910/5/185 913/5/182
f 913/5/182 910/5/185 911/5/188 923/5/183
f 910/5/185 917/5/186 926/5/187 911/5/188
f 909/5/181 913/5/182 923/5/183 912/5/184
f 908/5/177 914/5/178 927/5/179 922/5/180
f 907/5/173 921/5/174 931/5/175 918/5/176
f 936/6/161 932/6/148 946/6/151 951/6/162
f 948/6/158 939/6/155 932/6/148 936/6/161
f 939/6/155 952/6/154 943/6/149 932/6/148
f 937/6/157 933/6/152 939/6/155 948/6/158
f 949/6/168 940/6/171 933/6/152 937/6/157
f 940/6/171 955/6/172 947/6/153 933/6/152
f 941/6/170 934/6/156 938/6/159 950/6/164
f 953/6/169 944/6/167 934/6/156 941/6/170
f 944/6/167 949/6/168 937/6/157 934/6/156
f 945/6/165 935/6/160 942/6/163 954/6/166
f 950/6/164 938/6/159 935/6/160 945/6/165
f 938/6/159 948/6/158 936/6/161 935/6/160
f 935/6/160 936/6/161 951/6/162 942/6/163
f 934/6/156 937/6/157 948/6/158 938/6/159
f 933/6/152 947/6/153 952/6/154 939/6/155
f 932/6/148 943/6/149 956/6/150 946/6/151
f 991/4/21 1000/4/21 975/4/21 966/4/21
f 1001/4/213 996/4/203 971/4/206 976/4/213
f 992/4/209 1001/4/213 976/4/213 967/4/210
f 1002/4/23 997/4/23 972/4/23 977/4/23
f 1005/4/212 990/4/198 965/4/200 980/4/212
f 993/4/23 1002/4/23 977/4/23 968/4/23
f 1003/4/21 991/4/21 966/4/21 978/4/21
f 994/4/201 1003/4/211 978/4/211 969/4/202
f 1004/4/207 992/4/209 967/4/210 979/4/208
f 995/4/21 1004/4/207 979/4/208 970/4/21
f 1006/4/204 993/4/23 968/4/23 981/4/205
f 996/4/203 1006/4/204 981/4/205 971/4/206
f 999/4/199 994/4/201 969/4/202 974/4/199
f 997/4/23 1005/4/23 980/4/23 972/4/23
f 990/4/198 999/4/199 974/4/199 965/4/200
f 1000/4/21 995/4/21 970/4/21 975/4/21
f 961/5/188 976/5/187 971/5/174 957/5/173
f 973/5/183 961/5/188 957/5/173 964/5/178
f 964/5/178 957/5/173 968/5/176 977/5/179
f 962/5/184 973/5/183 964/5/178 958/5/177
f 974/5/193 962/5/184 958/5/177 965/5/241
f 965/5/241 958/5/177 972/5/180 980/5/197
f 966/5/195 975/5/189 963/5/182 959/5/181
f 978/5/194 966/5/195 959/5/181 969/5/236
f 969/5/236 959/5/181 962/5/184 974/5/193
f 970/5/190 979/5/191 967/5/186 960/5/185
f 975/5/189 970/5/190 960/5/185 963/5/182
f 963/5/182 960/5/185 961/5/188 973/5/183
f 960/5/185 967/5/186 976/5/187 961/5/188
f 959/5/181 963/5/182 973/5/183 962/5/184
f 958/5/177 964/5/178 977/5/179 972/5/180
f 957/5/173 971/5/174 981/5/175 968/5/176
f 986/6/161 982/6/148 996/6/151 1001/6/162
f 998/6/158 989/6/155 982/6/148 986/6/161
f 989/6/155 1002/6/154 993/6/149 982/6/148
f 987/6/157 983/6/152 989/6/155 998/6/158
f 999/6/168 990/6/171 983/6/152 987/6/157
f 990/6/171 1005/6/172 997/6/153 983/6/152
f 991/6/170 984/6/156 988/6/159 1000/6/164
f 1003/6/169 994/6/167 984/6/156 991/6/170
f 994/6/167 999/6/168 987/6/157 984/6/156
f 995/6/165 985/6/160 992/6/163 1004/6/166
f 1000/6/164 988/6/159 985/6/160 995/6/165
f 988/6/159 998/6/158 986/6/161 985/6/160
f 985/6/160 986/6/161 1001/6/162 992/6/163
f 984/6/156 987/6/157 998/6/158 988/6/159
f 983/6/152 997/6/153 1002/6/154 989/6/155
f 982/6/148 993/6/149 1006/6/150 996/6/151
f 1041/4/21 1050/4/21 1025/4/21 1016/4/21
f 1051/4/213 1046/4/203 1021/4/206 1026/4/213
f 1042/4/209 1051/4/213 1026/4/213 1017/4/210
f 1052/4/23 1047/4/23 1022/4/23 1027/4/23
f 1055/4/212 1040/4/198 1015/4/200 1030/4/212
f 1043/4/23 1052/4/23 1027/4/23 1018/4/23
f 1053/4/21 1041/4/21 1016/4/21 1028/4/21
f 1044/4/201 1053/4/211 1028/4/211 1019/4/202
f 1054/4/207 1042/4/209 1017/4/210 1029/4/208
f 1045/4/21 1054/4/207 1029/4/208 1020/4/21
f 1056/4/204 1043/4/23 1018/4/23 1031/4/205
f 1046/4/203 1056/4/204 1031/4/205 1021/4/206
f 1049/4/199 1044/4/201 1019/4/202 1024/4/199
f 1047/4/23 1055/4/23 1030/4/23 1022/4/23
f 1040/4/198 1049/4/199 1024/4/199 1015/4/200
f 1050/4/21 1045/4/21 1020/4/21 1025/4/21
f 1011/7/188 1026/7/187 1021/7/174 1007/7/173
f 1023/7/183 1011/7/188 1007/7/173 1014/7/178
f 1014/7/178 1007/7/173 1018/7/176 1027/7/179
f 1012/7/184 1023/7/183 1014/7/178 1008/7/177
f 1024/7/193 1012/7/184 1008/7/177 1015/7/241
f 1015/7/241 1008/7/177 1022/7/180 1030/7/197
f 1016/7/195 1025/7/189 1013/7/182 1009/7/181
f 1028/7/194 1016/7/195 1009/7/181 1019/7/236
f 1019/7/236 1009/7/181 1012/7/184 1024/7/193
f 1020/7/190 1029/7/191 1017/7/186 1010/7/185
f 1025/7/189 1020/7/190 1010/7/185 1013/7/182
f 1013/7/182 1010/7/185 1011/7/188 1023/7/183
f 1010/7/185 1017/7/186 1026/7/187 1011/7/188
f 1009/7/181 1013/7/182 1023/7/183 1012/7/184
f 1008/7/177 1014/7/178 1027/7/179 1022/7/180
f 1007/7/173 1021/7/174 1031/7/175 1018/7/176
f 1036/6/161 1032/6/148 1046/6/151 1051/6/162
f 1048/6/158 1039/6/155 1032/6/148 1036/6/161
f 1039/6/155 1052/6/154 1043/6/149 1032/6/148
f 1037/6/157 1033/6/152 1039/6/155 1048/6/158
f 1049/6/168 1040/6/171 1033/6/152 1037/6/157
f 1040/6/171 1055/6/172 1047/6/153 1033/6/152
f 1041/6/170 1034/6/156 1038/6/159 1050/6/164
f 1053/6/169 1044/6/167 1034/6/156 1041/6/170
f 1044/6/167 1049/6/168 1037/6/157 1034/6/156
f 1045/6/165 1035/6/160 1042/6/163 1054/6/166
f 1050/6/164 1038/6/159 1035/6/160 1045/6/165
f 1038/6/159 1048/6/158 1036/6/161 1035/6/160
f 1035/6/160 1036/6/161 1051/6/162 1042/6/163
f 1034/6/156 1037/6/157 1048/6/158 1038/6/159
f 1033/6/152 1047/6/153 1052/6/154 1039/6/155
f 1032/6/148 1043/6/149 1056/6/240 1046/6/151
f 1091/4/21 1100/4/21 1075/4/21 1066/4/21
f 1101/4/213 1096/4/203 1071/4/206 1076/4/213
f 1092/4/209 1101/4/213 1076/4/213 1067/4/210
f 1102/4/23 1097/4/23 1072/4/23 1077/4/23
f 1105/4/212 1090/4/198 1065/4/200 1080/4/212
f 1093/4/23 1102/4/23 1077/4/23 1068/4/23
f 1103/4/21 1091/4/21 1066/4/21 1078/4/21
f 1094/4/201 1103/4/211 1078/4/211 1069/4/202
f 1104/4/207 1092/4/209 1067/4/210 1079/4/208
f 1095/4/21 1104/4/207 1079/4/208 1070/4/21
f 1106/4/204 1093/4/23 1068/4/23 1081/4/205
f 1096/4/203 1106/4/204 1081/4/205 1071/4/206
f 1099/4/199 1094/4/201 1069/4/202 1074/4/199
f 1097/4/23 1105/4/23 1080/4/23 1072/4/23
f 1090/4/198 1099/4/199 1074/4/199 1065/4/200
f 1100/4/21 1095/4/21 1070/4/21 1075/4/21
f 1061/5/188 1076/5/187 1071/5/174 1057/5/173
f 1073/5/183 1061/5/188 1057/5/173 1064/5/178
f 1064/5/178 1057/5/173 1068/5/176 1077/5/179
f 1062/5/184 1073/5/183 1064/5/178 1058/5/177
f 1074/5/193 1062/5/184 1058/5/177 1065/5/196
f 1065/5/196 1058/5/177 1072/5/180 1080/5/197
f 1066/5/195 1075/5/189 1063/5/182 1059/5/181
f 1078/5/194 1066/5/195 1059/5/181 1069/5/192
f 1069/5/192 1059/5/181 1062/5/184 1074/5/193
f 1070/5/190 1079/5/191 1067/5/186 1060/5/185
f 1075/5/189 1070/5/190 1060/5/185 1063/5/182
f 1063/5/182 1060/5/185 1061/5/188 1073/5/183
f 1060/5/185 1067/5/186 1076/5/187 1061/5/188
f 1059/5/181 1063/5/182 1073/5/183 1062/5/184
f 1058/5/177 1064/5/178 1077/5/179 1072/5/180
f 1057/5/173 1071/5/174 1081/5/175 1068/5/176
f 1086/6/161 1082/6/148 1096/6/151 1101/6/162
f 1098/6/158 1089/6/155 1082/6/148 1086/6/161
f 1089/6/155 1102/6/154 1093/6/149 1082/6/148
f 1087/6/157 1083/6/152 1089/6/155 1098/6/158
f 1099/6/168 1090/6/171 1083/6/152 1087/6/157
f 1090/6/171 1105/6/172 1097/6/153 1083/6/152
f 1091/6/170 1084/6/156 1088/6/159 1100/6/164
f 1103/6/169 1094/6/167 1084/6/156 1091/6/170
f 1094/6/167 1099/6/168 1087/6/157 1084/6/156
f 1095/6/165 1085/6/160 1092/6/163 1104/6/166
f 1100/6/164 1088/6/159 1085/6/160 1095/6/165
f 1088/6/159 1098/6/158 1086/6/161 1085/6/160
f 1085/6/160 1086/6/161 1101/6/162 1092/6/163
f 1084/6/156 1087/6/157 1098/6/158 1088/6/159
f 1083/6/152 1097/6/153 1102/6/154 1089/6/155
f 1082/6/148 1093/6/149 1106/6/150 1096/6/151
f 1141/4/252 1150/4/252 1125/4/252 1116/4/252
f 1151/4/253 1146/4/254 1121/4/255 1126/4/253
f 1142/4/256 1151/4/253 1126/4/253 1117/4/257
f 1152/4/258 1147/4/259 1122/4/259 1127/4/258
f 1155/4/260 1140/4/261 1115/4/262 1130/4/260
f 1143/4/258 1152/4/258 1127/4/258 1118/4/258
f 1153/4/252 1141/4/252 1116/4/252 1128/4/252
f 1144/4/263 1153/4/264 1128/4/264 1119/4/265
f 1154/4/266 1142/4/256 1117/4/257 1129/4/267
f 1145/4/252 1154/4/266 1129/4/267 1120/4/252
f 1156/4/268 1143/4/258 1118/4/258 1131/4/269
f 1146/4/254 1156/4/268 1131/4/269 1121/4/255
f 1149/4/270 1144/4/263 1119/4/265 1124/4/270
f 1147/4/259 1155/4/271 1130/4/271 1122/4/259
f 1140/4/261 1149/4/270 1124/4/270 1115/4/262
f 1150/4/252 1145/4/252 1120/4/252 1125/4/252
f 1111/7/272 1126/7/273 1121/7/274 1107/7/275
f 1123/7/276 1111/7/272 1107/7/275 1114/7/277
f 1114/7/277 1107/7/275 1118/7/278 1127/7/279
f 1112/7/280 1123/7/276 1114/7/277 1108/7/281
f 1124/7/282 1112/7/280 1108/7/281 1115/7/283
f 1115/7/283 1108/7/281 1122/7/284 1130/7/285
f 1116/7/286 1125/7/287 1113/7/288 1109/7/289
f 1128/7/290 1116/7/286 1109/7/289 1119/7/291
f 1119/7/291 1109/7/289 1112/7/280 1124/7/282
f 1120/7/292 1129/7/293 1117/7/294 1110/7/295
f 1125/7/287 1120/7/292 1110/7/295 1113/7/288
f 1113/7/288 1110/7/295 1111/7/272 1123/7/276
f 1110/7/295 1117/7/294 1126/7/273 1111/7/272
f 1109/7/289 1113/7/288 1123/7/276 1112/7/280
f 1108/7/281 1114/7/277 1127/7/279 1122/7/284
f 1107/7/275 1121/7/274 1131/7/296 1118/7/278
f 1136/6/297 1132/6/298 1146/6/299 1151/6/300
f 1148/6/301 1139/6/302 1132/6/298 1136/6/297
f 1139/6/302 1152/6/303 1143/6/304 1132/6/298
f 1137/6/305 1133/6/306 1139/6/302 1148/6/301
f 1149/6/307 1140/6/308 1133/6/306 1137/6/305
f 1140/6/308 1155/6/309 1147/6/310 1133/6/306
f 1141/6/311 1134/6/312 1138/6/313 1150/6/314
f 1153/6/315 1144/6/316 1134/6/312 1141/6/311
f 1144/6/316 1149/6/307 1137/6/305 1134/6/312
f 1145/6/317 1135/6/318 1142/6/319 1154/6/320
f 1150/6/314 1138/6/313 1135/6/318 1145/6/317
f 1138/6/313 1148/6/301 1136/6/297 1135/6/318
f 1135/6/318 1136/6/297 1151/6/300 1142/6/319
f 1134/6/312 1137/6/305 1148/6/301 1138/6/313
f 1133/6/306 1147/6/310 1152/6/303 1139/6/302
f 1132/6/298 1143/6/304 1156/6/321 1146/6/299
f 1191/4/23 1200/4/23 1175/4/23 1166/4/23
f 1201/4/322 1196/4/323 1171/4/324 1176/4/322
f 1192/4/325 1201/4/322 1176/4/322 1167/4/326
f 1202/4/21 1197/4/21 1172/4/21 1177/4/21
f 1205/4/327 1190/4/328 1165/4/329 1180/4/327
f 1193/4/21 1202/4/21 1177/4/21 1168/4/21
f 1203/4/23 1191/4/23 1166/4/23 1178/4/23
f 1194/4/330 1203/4/331 1178/4/331 1169/4/332
f 1204/4/333 1192/4/325 1167/4/326 1179/4/334
f 1195/4/23 1204/4/333 1179/4/334 1170/4/23
f 1206/4/335 1193/4/21 1168/4/21 1181/4/336
f 1196/4/323 1206/4/335 1181/4/336 1171/4/324
f 1199/4/337 1194/4/330 1169/4/332 1174/4/337
f 1197/4/21 1205/4/21 1180/4/21 1172/4/21
f 1190/4/328 1199/4/337 1174/4/337 1165/4/329
f 1200/4/23 1195/4/23 1170/4/23 1175/4/23
f 1161/5/272 1176/5/273 1171/5/274 1157/5/275
f 1173/5/276 1161/5/272 1157/5/275 1164/5/277
f 1164/5/277 1157/5/275 1168/5/278 1177/5/279
f 1162/5/280 1173/5/276 1164/5/277 1158/5/338
f 1174/5/282 1162/5/280 1158/5/338 1165/5/339
f 1165/5/339 1158/5/338 1172/5/340 1180/5/341
f 1166/5/286 1175/5/287 1163/5/288 1159/5/289
f 1178/5/290 1166/5/286 1159/5/289 1169/5/291
f 1169/5/291 1159/5/289 1162/5/280 1174/5/282
f 1170/5/292 1179/5/293 1167/5/294 1160/5/295
f 1175/5/287 1170/5/292 1160/5/295 1163/5/288
f 1163/5/288 1160/5/295 1161/5/272 1173/5/276
f 1160/5/295 1167/5/294 1176/5/273 1161/5/272
f 1159/5/289 1163/5/288 1173/5/276 1162/5/280
f 1158/5/338 1164/5/277 1177/5/279 1172/5/340
f 1157/5/275 1171/5/274 1181/5/296 1168/5/278
f 1186/6/297 1182/6/298 1196/6/299 1201/6/300
f 1198/6/301 1189/6/302 1182/6/298 1186/6/297
f 1189/6/302 1202/6/303 1193/6/304 1182/6/298
f 1187/6/342 1183/6/306 1189/6/302 1198/6/301
f 1199/6/307 1190/6/308 1183/6/306 1187/6/342
f 1190/6/308 1205/6/309 1197/6/310 1183/6/306
f 1191/6/311 1184/6/312 1188/6/313 1200/6/314
f 1203/6/315 1194/6/343 1184/6/312 1191/6/311
f 1194/6/343 1199/6/307 1187/6/342 1184/6/312
f 1195/6/317 1185/6/318 1192/6/319 1204/6/320
f 1200/6/314 1188/6/313 1185/6/318 1195/6/317
f 1188/6/313 1198/6/301 1186/6/297 1185/6/318
f 1185/6/318 1186/6/297 1201/6/300 1192/6/319
f 1184/6/312 1187/6/342 1198/6/301 1188/6/313
f 1183/6/306 1197/6/310 1202/6/303 1189/6/302
f 1182/6/298 1193/6/304 1206/6/321 1196/6/299
f 1231/6/298 1220/6/304 1207/6/321 1217/6/299
f 1230/6/306 1216/6/310 1211/6/303 1224/6/302
f 1229/6/312 1226/6/342 1215/6/301 1225/6/313
f 1228/6/318 1227/6/297 1212/6/300 1221/6/319
f 1225/6/313 1215/6/301 1227/6/297 1228/6/318
f 1213/6/314 1225/6/313 1228/6/318 1218/6/317
f 1218/6/317 1228/6/318 1221/6/319 1209/6/320
f 1219/6/343 1214/6/307 1226/6/342 1229/6/312
f 1210/6/315 1219/6/343 1229/6/312 1222/6/311
f 1222/6/311 1229/6/312 1225/6/313 1213/6/314
f 1223/6/308 1208/6/309 1216/6/310 1230/6/306
f 1214/6/307 1223/6/308 1230/6/306 1226/6/342
f 1226/6/342 1230/6/306 1224/6/302 1215/6/301
f 1224/6/302 1211/6/303 1220/6/304 1231/6/298
f 1215/6/301 1224/6/302 1231/6/298 1227/6/297
f 1227/6/297 1231/6/298 1217/6/299 1212/6/300
f 1256/5/275 1242/5/274 1232/5/296 1245/5/278
f 1255/5/338 1249/5/277 1236/5/279 1241/5/340
f 1254/5/289 1250/5/288 1240/5/276 1251/5/280
f 1253/5/295 1246/5/294 1237/5/273 1252/5/272
f 1250/5/288 1253/5/295 1252/5/272 1240/5/276
f 1238/5/287 1243/5/292 1253/5/295 1250/5/288
f 1243/5/292 1234/5/293 1246/5/294 1253/5/295
f 1244/5/291 1254/5/289 1251/5/280 1239/5/282
f 1235/5/290 1247/5/286 1254/5/289 1244/5/291
f 1247/5/286 1238/5/287 1250/5/288 1254/5/289
f 1248/5/339 1255/5/338 1241/5/340 1233/5/341
f 1239/5/282 1251/5/280 1255/5/338 1248/5/339
f 1251/5/280 1240/5/276 1249/5/277 1255/5/338
f 1249/5/277 1256/5/275 1245/5/278 1236/5/279
f 1240/5/276 1252/5/272 1256/5/275 1249/5/277
f 1252/5/272 1237/5/273 1242/5/274 1256/5/275
f 1213/4/23 1218/4/23 1243/4/23 1238/4/23
f 1223/4/328 1214/4/337 1239/4/337 1248/4/329
f 1216/4/21 1208/4/21 1233/4/21 1241/4/21
f 1214/4/337 1219/4/330 1244/4/332 1239/4/337
f 1217/4/323 1207/4/344 1232/4/336 1242/4/324
f 1207/4/344 1220/4/21 1245/4/21 1232/4/336
f 1218/4/23 1209/4/333 1234/4/334 1243/4/23
f 1209/4/333 1221/4/325 1246/4/326 1234/4/334
f 1219/4/330 1210/4/331 1235/4/331 1244/4/332
f 1210/4/23 1222/4/23 1247/4/23 1235/4/23
f 1220/4/21 1211/4/21 1236/4/21 1245/4/21
f 1208/4/327 1223/4/328 1248/4/329 1233/4/327
f 1211/4/21 1216/4/21 1241/4/21 1236/4/21
f 1221/4/325 1212/4/322 1237/4/322 1246/4/326
f 1212/4/322 1217/4/323 1242/4/324 1237/4/322
f 1222/4/23 1213/4/23 1238/4/23 1247/4/23
f 1291/4/23 1300/4/23 1275/4/23 1266/4/23
f 1301/4/322 1296/4/323 1271/4/324 1276/4/322
f 1292/4/325 1301/4/322 1276/4/322 1267/4/326
f 1302/4/21 1297/4/21 1272/4/21 1277/4/21
f 1305/4/327 1290/4/328 1265/4/329 1280/4/327
f 1293/4/21 1302/4/21 1277/4/21 1268/4/21
f 1303/4/23 1291/4/23 1266/4/23 1278/4/23
f 1294/4/330 1303/4/331 1278/4/331 1269/4/332
f 1304/4/333 1292/4/325 1267/4/326 1279/4/334
f 1295/4/23 1304/4/333 1279/4/334 1270/4/23
f 1306/4/344 1293/4/21 1268/4/21 1281/4/336
f 1296/4/323 1306/4/344 1281/4/336 1271/4/324
f 1299/4/337 1294/4/330 1269/4/332 1274/4/337
f 1297/4/21 1305/4/21 1280/4/21 1272/4/21
f 1290/4/328 1299/4/337 1274/4/337 1265/4/329
f 1300/4/23 1295/4/23 1270/4/23 1275/4/23
f 1261/8/272 1276/8/273 1271/8/274 1257/8/275
f 1273/8/276 1261/8/272 1257/8/275 1264/8/277
f 1264/8/277 1257/8/275 1268/8/278 1277/8/279
f 1262/8/280 1273/8/276 1264/8/277 1258/8/338
f 1274/8/282 1262/8/280 1258/8/338 1265/8/339
f 1265/8/339 1258/8/338 1272/8/340 1280/8/341
f 1266/8/286 1275/8/287 1263/8/288 1259/8/289
f 1278/8/290 1266/8/286 1259/8/289 1269/8/291
f 1269/8/291 1259/8/289 1262/8/280 1274/8/282
f 1270/8/292 1279/8/293 1267/8/294 1260/8/295
f 1275/8/287 1270/8/292 1260/8/295 1263/8/288
f 1263/8/288 1260/8/295 1261/8/272 1273/8/276
f 1260/8/295 1267/8/294 1276/8/273 1261/8/272
f 1259/8/289 1263/8/288 1273/8/276 1262/8/280
f 1258/8/338 1264/8/277 1277/8/279 1272/8/340
f 1257/8/275 1271/8/274 1281/8/296 1268/8/278
f 1286/6/297 1282/6/298 1296/6/299 1301/6/300
f 1298/6/301 1289/6/302 1282/6/298 1286/6/297
f 1289/6/302 1302/6/303 1293/6/304 1282/6/298
f 1287/6/342 1283/6/306 1289/6/302 1298/6/301
f 1299/6/307 1290/6/345 1283/6/306 1287/6/342
f 1290/6/345 1305/6/309 1297/6/310 1283/6/306
f 1291/6/311 1284/6/312 1288/6/313 1300/6/314
f 1303/6/315 1294/6/316 1284/6/312 1291/6/311
f 1294/6/316 1299/6/307 1287/6/342 1284/6/312
f 1295/6/317 1285/6/318 1292/6/319 1304/6/320
f 1300/6/314 1288/6/313 1285/6/318 1295/6/317
f 1288/6/313 1298/6/301 1286/6/297 1285/6/318
f 1285/6/318 1286/6/297 1301/6/300 1292/6/319
f 1284/6/312 1287/6/342 1298/6/301 1288/6/313
f 1283/6/306 1297/6/310 1302/6/303 1289/6/302
f 1282/6/298 1293/6/304 1306/6/321 1296/6/299
f 1331/6/298 1320/6/304 1307/6/321 1317/6/299
f 1330/6/306 1316/6/310 1311/6/303 1324/6/302
f 1329/6/312 1326/6/342 1315/6/301 1325/6/313
f 1328/6/318 1327/6/297 1312/6/300 1321/6/319
f 1325/6/313 1315/6/301 1327/6/297 1328/6/318
f 1313/6/314 1325/6/313 1328/6/318 1318/6/317
f 1318/6/317 1328/6/318 1321/6/319 1309/6/320
f 1319/6/343 1314/6/307 1326/6/342 1329/6/312
f 1310/6/315 1319/6/343 1329/6/312 1322/6/311
f 1322/6/311 1329/6/312 1325/6/313 1313/6/314
f 1323/6/308 1308/6/309 1316/6/310 1330/6/306
f 1314/6/307 1323/6/308 1330/6/306 1326/6/342
f 1326/6/342 1330/6/306 1324/6/302 1315/6/301
f 1324/6/302 1311/6/303 1320/6/304 1331/6/298
f 1315/6/301 1324/6/302 1331/6/298 1327/6/297
f 1327/6/297 1331/6/298 1317/6/299 1312/6/300
f 1356/5/275 1342/5/274 1332/5/296 1345/5/278
f 1355/5/338 1349/5/277 1336/5/279 1341/5/340
f 1354/5/289 1350/5/288 1340/5/276 1351/5/280
f 1353/5/295 1346/5/294 1337/5/273 1352/5/272
f 1350/5/288 1353/5/295 1352/5/272 1340/5/276
f 1338/5/287 1343/5/292 1353/5/295 1350/5/288
f 1343/5/292 1334/5/293 1346/5/294 1353/5/295
f 1344/5/291 1354/5/289 1351/5/280 1339/5/282
f 1335/5/290 1347/5/286 1354/5/289 1344/5/291
f 1347/5/286 1338/5/287 1350/5/288 1354/5/289
f 1348/5/339 1355/5/338 1341/5/340 1333/5/341
f 1339/5/282 1351/5/280 1355/5/338 1348/5/339
f 1351/5/280 1340/5/276 1349/5/277 1355/5/338
f 1349/5/277 1356/5/275 1345/5/278 1336/5/279
f 1340/5/276 1352/5/272 1356/5/275 1349/5/277
f 1352/5/272 1337/5/273 1342/5/274 1356/5/275
f 1313/4/23 1318/4/23 1343/4/23 1338/4/23
f 1323/4/328 1314/4/337 1339/4/337 1348/4/329
f 1316/4/21 1308/4/21 1333/4/21 1341/4/21
f 1314/4/337 1319/4/330 1344/4/332 1339/4/337
f 1317/4/323 1307/4/335 1332/4/336 1342/4/324
f 1307/4/335 1320/4/21 1345/4/21 1332/4/336
f 1318/4/23 1309/4/333 1334/4/334 1343/4/23
f 1309/4/333 1321/4/325 1346/4/326 1334/4/334
f 1319/4/330 1310/4/331 1335/4/331 1344/4/332
f 1310/4/23 1322/4/23 1347/4/23 1335/4/23
f 1320/4/21 1311/4/21 1336/4/21 1345/4/21
f 1308/4/327 1323/4/328 1348/4/329 1333/4/327
f 1311/4/21 1316/4/21 1341/4/21 1336/4/21
f 1321/4/325 1312/4/322 1337/4/322 1346/4/326
f 1312/4/322 1317/4/323 1342/4/324 1337/4/322
f 1322/4/23 1313/4/23 1338/4/23 1347/4/23
f 1381/6/346 1370/6/347 1357/6/348 1367/6/349
f 1380/6/350 1366/6/351 1361/6/352 1374/6/353
f 1379/6/354 1376/6/355 1365/6/356 1375/6/357
f 1378/6/358 1377/6/359 1362/6/360 1371/6/361
f 1375/6/357 1365/6/356 1377/6/359 1378/6/358
f 1363/6/362 1375/6/357 1378/6/358 1368/6/363
f 1368/6/363 1378/6/358 1371/6/361 1359/6/364
f 1369/6/365 1364/6/366 1376/6/355 1379/6/354
f 1360/6/367 1369/6/365 1379/6/354 1372/6/368
f 1372/6/368 1379/6/354 1375/6/357 1363/6/362
f 1373/6/369 1358/6/370 1366/6/351 1380/6/350
f 1364/6/366 1373/6/369 1380/6/350 1376/6/355
f 1376/6/355 1380/6/350 1374/6/353 1365/6/356
f 1374/6/353 1361/6/352 1370/6/347 1381/6/346
f 1365/6/356 1374/6/353 1381/6/346 1377/6/359
f 1377/6/359 1381/6/346 1367/6/349 1362/6/360
f 1406/5/371 1392/5/372 1382/5/373 1395/5/374
f 1405/5/375 1399/5/376 1386/5/377 1391/5/378
f 1404/5/379 1400/5/380 1390/5/381 1401/5/382
f 1403/5/383 1396/5/384 1387/5/385 1402/5/386
f 1400/5/380 1403/5/383 1402/5/386 1390/5/381
f 1388/5/387 1393/5/388 1403/5/383 1400/5/380
f 1393/5/388 1384/5/389 1396/5/384 1403/5/383
f 1394/5/390 1404/5/379 1401/5/382 1389/5/391
f 1385/5/392 1397/5/393 1404/5/379 1394/5/390
f 1397/5/393 1388/5/387 1400/5/380 1404/5/379
f 1398/5/394 1405/5/375 1391/5/378 1383/5/395
f 1389/5/391 1401/5/382 1405/5/375 1398/5/394
f 1401/5/382 1390/5/381 1399/5/376 1405/5/375
f 1399/5/376 1406/5/371 1395/5/374 1386/5/377
f 1390/5/381 1402/5/386 1406/5/371 1399/5/376
f 1402/5/386 1387/5/385 1392/5/372 1406/5/371
f 1363/4/23 1368/4/23 1393/4/23 1388/4/23
f 1373/4/396 1364/4/397 1389/4/397 1398/4/398
f 1366/4/21 1358/4/21 1383/4/21 1391/4/21
f 1364/4/397 1369/4/399 1394/4/400 1389/4/397
f 1367/4/401 1357/4/402 1382/4/403 1392/4/404
f 1357/4/402 1370/4/21 1395/4/21 1382/4/403
f 1368/4/23 1359/4/405 1384/4/406 1393/4/23
f 1359/4/405 1371/4/407 1396/4/408 1384/4/406
f 1369/4/399 1360/4/409 1385/4/409 1394/4/400
f 1360/4/23 1372/4/23 1397/4/23 1385/4/23
f 1370/4/21 1361/4/21 1386/4/21 1395/4/21
f 1358/4/410 1373/4/396 1398/4/398 1383/4/410
f 1361/4/21 1366/4/21 1391/4/21 1386/4/21
f 1371/4/407 1362/4/411 1387/4/411 1396/4/408
f 1362/4/411 1367/4/401 1392/4/404 1387/4/411
f 1372/4/23 1363/4/23 1388/4/23 1397/4/23
f 1441/4/252 1450/4/252 1425/4/252 1416/4/252
f 1451/4/412 1446/4/413 1421/4/414 1426/4/412
f 1442/4/415 1451/4/412 1426/4/412 1417/4/416
f 1452/4/258 1447/4/259 1422/4/259 1427/4/258
f 1455/4/417 1440/4/418 1415/4/419 1430/4/417
f 1443/4/258 1452/4/258 1427/4/258 1418/4/258
f 1453/4/252 1441/4/252 1416/4/252 1428/4/252
f 1444/4/420 1453/4/421 1428/4/421 1419/4/422
f 1454/4/423 1442/4/415 1417/4/416 1429/4/424
f 1445/4/252 1454/4/423 1429/4/424 1420/4/252
f 1456/4/425 1443/4/258 1418/4/258 1431/4/426
f 1446/4/413 1456/4/425 1431/4/426 1421/4/414
f 1449/4/427 1444/4/420 1419/4/422 1424/4/427
f 1447/4/259 1455/4/271 1430/4/271 1422/4/259
f 1440/4/418 1449/4/427 1424/4/427 1415/4/419
f 1450/4/252 1445/4/252 1420/4/252 1425/4/252
f 1411/5/386 1426/5/385 1421/5/372 1407/5/371
f 1423/5/381 1411/5/386 1407/5/371 1414/5/428
f 1414/5/428 1407/5/371 1418/5/374 1427/5/377
f 1412/5/382 1423/5/381 1414/5/428 1408/5/429
f 1424/5/391 1412/5/382 1408/5/429 1415/5/430
f 1415/5/430 1408/5/429 1422/5/431 1430/5/432
f 1416/5/393 1425/5/387 1413/5/433 1409/5/379
f 1428/5/392 1416/5/393 1409/5/379 1419/5/390
f 1419/5/390 1409/5/379 1412/5/382 1424/5/391
f 1420/5/388 1429/5/389 1417/5/384 1410/5/383
f 1425/5/387 1420/5/388 1410/5/383 1413/5/433
f 1413/5/433 1410/5/383 1411/5/386 1423/5/381
f 1410/5/383 1417/5/384 1426/5/385 1411/5/386
f 1409/5/379 1413/5/433 1423/5/381 1412/5/382
f 1408/5/429 1414/5/428 1427/5/377 1422/5/431
f 1407/5/371 1421/5/372 1431/5/373 1418/5/374
f 1436/6/359 1432/6/346 1446/6/349 1451/6/360
f 1448/6/356 1439/6/353 1432/6/346 1436/6/359
f 1439/6/353 1452/6/352 1443/6/347 1432/6/346
f 1437/6/355 1433/6/350 1439/6/353 1448/6/356
f 1449/6/366 1440/6/369 1433/6/350 1437/6/355
f 1440/6/369 1455/6/370 1447/6/351 1433/6/350
f 1441/6/368 1434/6/354 1438/6/434 1450/6/362
f 1453/6/367 1444/6/365 1434/6/354 1441/6/368
f 1444/6/365 1449/6/366 1437/6/355 1434/6/354
f 1445/6/363 1435/6/358 1442/6/361 1454/6/435
f 1450/6/362 1438/6/434 1435/6/358 1445/6/363
f 1438/6/434 1448/6/356 1436/6/359 1435/6/358
f 1435/6/358 1436/6/359 1451/6/360 1442/6/361
f 1434/6/354 1437/6/355 1448/6/356 1438/6/434
f 1433/6/350 1447/6/351 1452/6/352 1439/6/353
f 1432/6/346 1443/6/347 1456/6/436 1446/6/349
f 1491/4/23 1500/4/23 1475/4/23 1466/4/23
f 1501/4/411 1496/4/401 1471/4/404 1476/4/411
f 1492/4/407 1501/4/411 1476/4/411 1467/4/408
f 1502/4/21 1497/4/21 1472/4/21 1477/4/21
f 1505/4/410 1490/4/396 1465/4/398 1480/4/410
f 1493/4/21 1502/4/21 1477/4/21 1468/4/21
f 1503/4/23 1491/4/23 1466/4/23 1478/4/23
f 1494/4/399 1503/4/409 1478/4/409 1469/4/400
f 1504/4/405 1492/4/407 1467/4/408 1479/4/406
f 1495/4/23 1504/4/405 1479/4/406 1470/4/23
f 1506/4/402 1493/4/21 1468/4/21 1481/4/403
f 1496/4/401 1506/4/402 1481/4/403 1471/4/404
f 1499/4/397 1494/4/399 1469/4/400 1474/4/397
f 1497/4/21 1505/4/21 1480/4/21 1472/4/21
f 1490/4/396 1499/4/397 1474/4/397 1465/4/398
f 1500/4/23 1495/4/23 1470/4/23 1475/4/23
f 1461/5/386 1476/5/385 1471/5/372 1457/5/371
f 1473/5/381 1461/5/386 1457/5/371 1464/5/376
f 1464/5/376 1457/5/371 1468/5/374 1477/5/377
f 1462/5/382 1473/5/381 1464/5/376 1458/5/375
f 1474/5/391 1462/5/382 1458/5/375 1465/5/437
f 1465/5/437 1458/5/375 1472/5/378 1480/5/395
f 1466/5/393 1475/5/387 1463/5/380 1459/5/379
f 1478/5/392 1466/5/393 1459/5/379 1469/5/390
f 1469/5/390 1459/5/379 1462/5/382 1474/5/391
f 1470/5/388 1479/5/389 1467/5/384 1460/5/383
f 1475/5/387 1470/5/388 1460/5/383 1463/5/380
f 1463/5/380 1460/5/383 1461/5/386 1473/5/381
f 1460/5/383 1467/5/384 1476/5/385 1461/5/386
f 1459/5/379 1463/5/380 1473/5/381 1462/5/382
f 1458/5/375 1464/5/376 1477/5/377 1472/5/378
f 1457/5/371 1471/5/372 1481/5/373 1468/5/374
f 1486/6/359 1482/6/346 1496/6/349 1501/6/360
f 1498/6/356 1489/6/353 1482/6/346 1486/6/359
f 1489/6/353 1502/6/352 1493/6/347 1482/6/346
f 1487/6/355 1483/6/350 1489/6/353 1498/6/356
f 1499/6/366 1490/6/369 1483/6/350 1487/6/355
f 1490/6/369 1505/6/370 1497/6/351 1483/6/350
f 1491/6/368 1484/6/354 1488/6/357 1500/6/362
f 1503/6/367 1494/6/365 1484/6/354 1491/6/368
f 1494/6/365 1499/6/366 1487/6/355 1484/6/354
f 1495/6/363 1485/6/358 1492/6/361 1504/6/364
f 1500/6/362 1488/6/357 1485/6/358 1495/6/363
f 1488/6/357 1498/6/356 1486/6/359 1485/6/358
f 1485/6/358 1486/6/359 1501/6/360 1492/6/361
f 1484/6/354 1487/6/355 1498/6/356 1488/6/357
f 1483/6/350 1497/6/351 1502/6/352 1489/6/353
f 1482/6/346 1493/6/347 1506/6/348 1496/6/349
f 1541/4/23 1550/4/23 1525/4/23 1516/4/23
f 1551/4/411 1546/4/401 1521/4/404 1526/4/411
f 1542/4/407 1551/4/411 1526/4/411 1517/4/408
f 1552/4/21 1547/4/21 1522/4/21 1527/4/21
f 1555/4/410 1540/4/396 1515/4/398 1530/4/410
f 1543/4/21 1552/4/21 1527/4/21 1518/4/21
f 1553/4/23 1541/4/23 1516/4/23 1528/4/23
f 1544/4/399 1553/4/409 1528/4/409 1519/4/400
f 1554/4/405 1542/4/407 1517/4/408 1529/4/406
f 1545/4/23 1554/4/405 1529/4/406 1520/4/23
f 1556/4/402 1543/4/21 1518/4/21 1531/4/403
f 1546/4/401 1556/4/402 1531/4/403 1521/4/404
f 1549/4/397 1544/4/399 1519/4/400 1524/4/397
f 1547/4/21 1555/4/21 1530/4/21 1522/4/21
f 1540/4/396 1549/4/397 1524/4/397 1515/4/398
f 1550/4/23 1545/4/23 1520/4/23 1525/4/23
f 1511/8/386 1526/8/385 1521/8/372 1507/8/371
f 1523/8/381 1511/8/386 1507/8/371 1514/8/376
f 1514/8/376 1507/8/371 1518/8/374 1527/8/377
f 1512/8/382 1523/8/381 1514/8/376 1508/8/375
f 1524/8/391 1512/8/382 1508/8/375 1515/8/437
f 1515/8/437 1508/8/375 1522/8/378 1530/8/395
f 1516/8/393 1525/8/387 1513/8/380 1509/8/379
f 1528/8/392 1516/8/393 1509/8/379 1519/8/390
f 1519/8/390 1509/8/379 1512/8/382 1524/8/391
f 1520/8/388 1529/8/389 1517/8/384 1510/8/383
f 1525/8/387 1520/8/388 1510/8/383 1513/8/380
f 1513/8/380 1510/8/383 1511/8/386 1523/8/381
f 1510/8/383 1517/8/384 1526/8/385 1511/8/386
f 1509/8/379 1513/8/380 1523/8/381 1512/8/382
f 1508/8/375 1514/8/376 1527/8/377 1522/8/378
f 1507/8/371 1521/8/372 1531/8/373 1518/8/374
f 1536/6/359 1532/6/346 1546/6/349 1551/6/360
f 1548/6/356 1539/6/353 1532/6/346 1536/6/359
f 1539/6/353 1552/6/352 1543/6/347 1532/6/346
f 1537/6/355 1533/6/350 1539/6/353 1548/6/356
f 1549/6/366 1540/6/369 1533/6/350 1537/6/355
f 1540/6/369 1555/6/370 1547/6/351 1533/6/350
f 1541/6/368 1534/6/354 1538/6/357 1550/6/362
f 1553/6/367 1544/6/365 1534/6/354 1541/6/368
f 1544/6/365 1549/6/366 1537/6/355 1534/6/354
f 1545/6/363 1535/6/358 1542/6/361 1554/6/364
f 1550/6/362 1538/6/357 1535/6/358 1545/6/363
f 1538/6/357 1548/6/356 1536/6/359 1535/6/358
f 1535/6/358 1536/6/359 1551/6/360 1542/6/361
f 1534/6/354 1537/6/355 1548/6/356 1538/6/357
f 1533/6/350 1547/6/351 1552/6/352 1539/6/353
f 1532/6/346 1543/6/347 1556/6/348 1546/6/349
f 1591/4/23 1600/4/23 1575/4/23 1566/4/23
f 1601/4/411 1596/4/401 1571/4/404 1576/4/411
f 1592/4/407 1601/4/411 1576/4/411 1567/4/408
f 1602/4/21 1597/4/21 1572/4/21 1577/4/21
f 1605/4/410 1590/4/396 1565/4/398 1580/4/410
f 1593/4/21 1602/4/21 1577/4/21 1568/4/21
f 1603/4/23 1591/4/23 1566/4/23 1578/4/23
f 1594/4/399 1603/4/409 1578/4/409 1569/4/400
f 1604/4/405 1592/4/407 1567/4/408 1579/4/406
f 1595/4/23 1604/4/405 1579/4/406 1570/4/23
f 1606/4/402 1593/4/21 1568/4/21 1581/4/403
f 1596/4/401 1606/4/402 1581/4/403 1571/4/404
f 1599/4/397 1594/4/399 1569/4/400 1574/4/397
f 1597/4/21 1605/4/21 1580/4/21 1572/4/21
f 1590/4/396 1599/4/397 1574/4/397 1565/4/398
f 1600/4/23 1595/4/23 1570/4/23 1575/4/23
f 1561/5/386 1576/5/385 1571/5/372 1557/5/371
f 1573/5/381 1561/5/386 1557/5/371 1564/5/376
f 1564/5/376 1557/5/371 1568/5/374 1577/5/377
f 1562/5/382 1573/5/381 1564/5/376 1558/5/375
f 1574/5/391 1562/5/382 1558/5/375 1565/5/437
f 1565/5/437 1558/5/375 1572/5/378 1580/5/395
f 1566/5/393 1575/5/387 1563/5/380 1559/5/379
f 1578/5/392 1566/5/393 1559/5/379 1569/5/390
f 1569/5/390 1559/5/379 1562/5/382 1574/5/391
f 1570/5/388 1579/5/389 1567/5/384 1560/5/383
f 1575/5/387 1570/5/388 1560/5/383 1563/5/380
f 1563/5/380 1560/5/383 1561/5/386 1573/5/381
f 1560/5/383 1567/5/384 1576/5/385 1561/5/386
f 1559/5/379 1563/5/380 1573/5/381 1562/5/382
f 1558/5/375 1564/5/376 1577/5/377 1572/5/378
f 1557/5/371 1571/5/372 1581/5/373 1568/5/374
f 1586/6/359 1582/6/346 1596/6/349 1601/6/360
f 1598/6/356 1589/6/353 1582/6/346 1586/6/359
f 1589/6/353 1602/6/352 1593/6/347 1582/6/346
f 1587/6/355 1583/6/350 1589/6/353 1598/6/356
f 1599/6/366 1590/6/369 1583/6/350 1587/6/355
f 1590/6/369 1605/6/370 1597/6/351 1583/6/350
f 1591/6/368 1584/6/354 1588/6/357 1600/6/362
f 1603/6/367 1594/6/365 1584/6/354 1591/6/368
f 1594/6/365 1599/6/366 1587/6/355 1584/6/354
f 1595/6/363 1585/6/358 1592/6/361 1604/6/364
f 1600/6/362 1588/6/357 1585/6/358 1595/6/363
f 1588/6/357 1598/6/356 1586/6/359 1585/6/358
f 1585/6/358 1586/6/359 1601/6/360 1592/6/361
f 1584/6/354 1587/6/355 1598/6/356 1588/6/357
f 1583/6/350 1597/6/351 1602/6/352 1589/6/353
f 1582/6/346 1593/6/347 1606/6/348 1596/6/349
f 1641/4/23 1650/4/23 1625/4/23 1616/4/23
f 1651/4/411 1646/4/401 1621/4/404 1626/4/411
f 1642/4/407 1651/4/411 1626/4/411 1617/4/408
f 1652/4/21 1647/4/21 1622/4/21 1627/4/21
f 1655/4/410 1640/4/396 1615/4/398 1630/4/410
f 1643/4/21 1652/4/21 1627/4/21 1618/4/21
f 1653/4/23 1641/4/23 1616/4/23 1628/4/23
f 1644/4/399 1653/4/409 1628/4/409 1619/4/400
f 1654/4/405 1642/4/407 1617/4/408 1629/4/406
f 1645/4/23 1654/4/405 1629/4/406 1620/4/23
f 1656/4/402 1643/4/21 1618/4/21 1631/4/403
f 1646/4/401 1656/4/402 1631/4/403 1621/4/404
f 1649/4/397 1644/4/399 1619/4/400 1624/4/397
f 1647/4/21 1655/4/21 1630/4/21 1622/4/21
f 1640/4/396 1649/4/397 1624/4/397 1615/4/398
f 1650/4/23 1645/4/23 1620/4/23 1625/4/23
f 1611/7/386 1626/7/385 1621/7/372 1607/7/371
f 1623/7/381 1611/7/386 1607/7/371 1614/7/376
f 1614/7/376 1607/7/371 1618/7/374 1627/7/377
f 1612/7/382 1623/7/381 1614/7/376 1608/7/375
f 1624/7/391 1612/7/382 1608/7/375 1615/7/394
f 1615/7/394 1608/7/375 1622/7/378 1630/7/395
f 1616/7/393 1625/7/387 1613/7/380 1609/7/379
f 1628/7/392 1616/7/393 1609/7/379 1619/7/438
f 1619/7/438 1609/7/379 1612/7/382 1624/7/391
f 1620/7/388 1629/7/389 1617/7/384 1610/7/383
f 1625/7/387 1620/7/388 1610/7/383 1613/7/380
f 1613/7/380 1610/7/383 1611/7/386 1623/7/381
f 1610/7/383 1617/7/384 1626/7/385 1611/7/386
f 1609/7/379 1613/7/380 1623/7/381 1612/7/382
f 1608/7/375 1614/7/376 1627/7/377 1622/7/378
f 1607/7/371 1621/7/372 1631/7/373 1618/7/374
f 1636/6/359 1632/6/346 1646/6/349 1651/6/360
f 1648/6/356 1639/6/353 1632/6/346 1636/6/359
f 1639/6/353 1652/6/352 1643/6/347 1632/6/346
f 1637/6/355 1633/6/350 1639/6/353 1648/6/356
f 1649/6/366 1640/6/369 1633/6/350 1637/6/355
f 1640/6/369 1655/6/370 1647/6/351 1633/6/350
f 1641/6/368 1634/6/354 1638/6/357 1650/6/362
f 1653/6/367 1644/6/365 1634/6/354 1641/6/368
f 1644/6/365 1649/6/366 1637/6/355 1634/6/354
f 1645/6/363 1635/6/358 1642/6/361 1654/6/364
f 1650/6/362 1638/6/357 1635/6/358 1645/6/363
f 1638/6/357 1648/6/356 1636/6/359 1635/6/358
f 1635/6/358 1636/6/359 1651/6/360 1642/6/361
f 1634/6/354 1637/6/355 1648/6/356 1638/6/357
f 1633/6/350 1647/6/351 1652/6/352 1639/6/353
f 1632/6/346 1643/6/347 1656/6/348 1646/6/349
f 1685/4/252 1692/4/252 1672/4/252 1665/4/252
f 1693/4/253 1689/4/254 1669/4/255 1673/4/253
f 1686/4/256 1693/4/253 1673/4/253 1666/4/439
f 1694/4/258 1690/4/440 1670/4/440 1674/4/258
f 1687/4/258 1694/4/258 1674/4/258 1667/4/258
f 1695/4/266 1686/4/256 1666/4/439 1675/4/267
f 1688/4/252 1695/4/266 1675/4/267 1668/4/252
f 1696/4/268 1687/4/258 1667/4/258 1676/4/269
f 1689/4/254 1696/4/268 1676/4/269 1669/4/255
f 1692/4/252 1688/4/252 1668/4/252 1672/4/252
f 1661/5/272 1673/5/273 1669/5/274 1657/5/275
f 1671/5/276 1661/5/272 1657/5/275 1664/5/277
f 1664/5/277 1657/5/275 1667/5/278 1674/5/279
f 1662/5/441 1671/5/276 1664/5/277 1658/5/281
f 1665/5/286 1672/5/287 1663/5/288 1659/5/289
f 1668/5/292 1675/5/293 1666/5/294 1660/5/295
f 1672/5/287 1668/5/292 1660/5/295 1663/5/288
f 1663/5/288 1660/5/295 1661/5/272 1671/5/276
f 1660/5/295 1666/5/294 1673/5/273 1661/5/272
f 1659/5/289 1663/5/288 1671/5/276 1662/5/441
f 1658/5/281 1664/5/277 1674/5/279 1670/5/284
f 1657/5/275 1669/5/274 1676/5/296 1667/5/278
f 1681/6/297 1677/6/298 1689/6/299 1693/6/300
f 1691/6/301 1684/6/302 1677/6/298 1681/6/297
f 1684/6/302 1694/6/303 1687/6/304 1677/6/298
f 1682/6/342 1678/6/306 1684/6/302 1691/6/301
f 1685/6/311 1679/6/312 1683/6/313 1692/6/314
f 1688/6/317 1680/6/318 1686/6/319 1695/6/320
f 1692/6/314 1683/6/313 1680/6/318 1688/6/317
f 1683/6/313 1691/6/301 1681/6/297 1680/6/318
f 1680/6/318 1681/6/297 1693/6/300 1686/6/319
f 1679/6/312 1682/6/342 1691/6/301 1683/6/313
f 1678/6/306 1690/6/310 1694/6/303 1684/6/302
f 1677/6/298 1687/6/304 1696/6/321 1689/6/299
f 1725/4/23 1732/4/23 1712/4/23 1705/4/23
f 1733/4/322 1729/4/323 1709/4/442 1713/4/322
f 1726/4/325 1733/4/322 1713/4/322 1706/4/443
f 1734/4/21 1730/4/21 1710/4/21 1714/4/21
f 1727/4/21 1734/4/21 1714/4/21 1707/4/21
f 1735/4/444 1726/4/325 1706/4/443 1715/4/334
f 1728/4/23 1735/4/444 1715/4/334 1708/4/23
f 1736/4/335 1727/4/21 1707/4/21 1716/4/336
f 1729/4/323 1736/4/335 1716/4/336 1709/4/442
f 1732/4/23 1728/4/23 1708/4/23 1712/4/23
f 1701/8/272 1713/8/273 1709/8/274 1697/8/275
f 1711/8/276 1701/8/272 1697/8/275 1704/8/277
f 1704/8/277 1697/8/275 1707/8/278 1714/8/279
f 1702/8/441 1711/8/276 1704/8/277 1698/8/338
f 1705/8/286 1712/8/287 1703/8/288 1699/8/289
f 1708/8/292 1715/8/293 1706/8/294 1700/8/295
f 1712/8/287 1708/8/292 1700/8/295 1703/8/288
f 1703/8/288 1700/8/295 1701/8/272 1711/8/276
f 1700/8/295 1706/8/294 1713/8/273 1701/8/272
f 1699/8/289 1703/8/288 1711/8/276 1702/8/441
f 1698/8/338 1704/8/277 1714/8/279 1710/8/340
f 1697/8/275 1709/8/274 1716/8/296 1707/8/278
f 1721/6/297 1717/6/298 1729/6/299 1733/6/300
f 1731/6/301 1724/6/302 1717/6/298 1721/6/297
f 1724/6/302 1734/6/303 1727/6/304 1717/6/298
f 1722/6/342 1718/6/306 1724/6/302 1731/6/301
f 1725/6/311 1719/6/312 1723/6/313 1732/6/314
f 1728/6/317 1720/6/318 1726/6/319 1735/6/320
f 1732/6/314 1723/6/313 1720/6/318 1728/6/317
f 1723/6/313 1731/6/301 1721/6/297 1720/6/318
f 1720/6/318 1721/6/297 1733/6/300 1726/6/319
f 1719/6/312 1722/6/342 1731/6/301 1723/6/313
f 1718/6/306 1730/6/310 1734/6/303 1724/6/302
f 1717/6/298 1727/6/304 1736/6/321 1729/6/299
f 1756/6/298 1746/6/304 1737/6/321 1744/6/299
f 1755/6/306 1743/6/310 1739/6/303 1749/6/302
f 1754/6/312 1751/6/305 1742/6/301 1750/6/313
f 1753/6/318 1752/6/297 1740/6/300 1747/6/319
f 1750/6/313 1742/6/301 1752/6/297 1753/6/318
f 1741/6/314 1750/6/313 1753/6/318 1745/6/317
f 1745/6/317 1753/6/318 1747/6/319 1738/6/320
f 1748/6/311 1754/6/312 1750/6/313 1741/6/314
f 1751/6/305 1755/6/306 1749/6/302 1742/6/301
f 1749/6/302 1739/6/303 1746/6/304 1756/6/298
f 1742/6/301 1749/6/302 1756/6/298 1752/6/297
f 1752/6/297 1756/6/298 1744/6/299 1740/6/300
f 1776/5/275 1764/5/274 1757/5/296 1766/5/278
f 1775/5/338 1769/5/277 1759/5/279 1763/5/340
f 1774/5/289 1770/5/288 1762/5/276 1771/5/441
f 1773/5/295 1767/5/294 1760/5/273 1772/5/272
f 1770/5/288 1773/5/295 1772/5/272 1762/5/276
f 1761/5/287 1765/5/292 1773/5/295 1770/5/288
f 1765/5/292 1758/5/293 1767/5/294 1773/5/295
f 1768/5/286 1761/5/287 1770/5/288 1774/5/289
f 1771/5/441 1762/5/276 1769/5/277 1775/5/338
f 1769/5/277 1776/5/275 1766/5/278 1759/5/279
f 1762/5/276 1772/5/272 1776/5/275 1769/5/277
f 1772/5/272 1760/5/273 1764/5/274 1776/5/275
f 1741/4/23 1745/4/23 1765/4/23 1761/4/23
f 1744/4/323 1737/4/335 1757/4/336 1764/4/324
f 1737/4/335 1746/4/21 1766/4/21 1757/4/336
f 1745/4/23 1738/4/444 1758/4/334 1765/4/23
f 1738/4/444 1747/4/325 1767/4/443 1758/4/334
f 1746/4/21 1739/4/21 1759/4/21 1766/4/21
f 1739/4/21 1743/4/21 1763/4/21 1759/4/21
f 1747/4/325 1740/4/322 1760/4/322 1767/4/443
f 1740/4/322 1744/4/323 1764/4/324 1760/4/322
f 1748/4/23 1741/4/23 1761/4/23 1768/4/23
f 1805/4/23 1812/4/23 1792/4/23 1785/4/23
f 1813/4/322 1809/4/323 1789/4/442 1793/4/322
f 1806/4/325 1813/4/322 1793/4/322 1786/4/443
f 1814/4/21 1810/4/21 1790/4/21 1794/4/21
f 1807/4/21 1814/4/21 1794/4/21 1787/4/21
f 1815/4/444 1806/4/325 1786/4/443 1795/4/334
f 1808/4/23 1815/4/444 1795/4/334 1788/4/23
f 1816/4/335 1807/4/21 1787/4/21 1796/4/336
f 1809/4/323 1816/4/335 1796/4/336 1789/4/442
f 1812/4/23 1808/4/23 1788/4/23 1792/4/23
f 1781/5/272 1793/5/273 1789/5/274 1777/5/275
f 1791/5/276 1781/5/272 1777/5/275 1784/5/277
f 1784/5/277 1777/5/275 1787/5/278 1794/5/279
f 1782/5/441 1791/5/276 1784/5/277 1778/5/338
f 1785/5/286 1792/5/287 1783/5/288 1779/5/289
f 1788/5/292 1795/5/293 1786/5/294 1780/5/295
f 1792/5/287 1788/5/292 1780/5/295 1783/5/288
f 1783/5/288 1780/5/295 1781/5/272 1791/5/276
f 1780/5/295 1786/5/294 1793/5/273 1781/5/272
f 1779/5/289 1783/5/288 1791/5/276 1782/5/441
f 1778/5/338 1784/5/277 1794/5/279 1790/5/340
f 1777/5/275 1789/5/274 1796/5/296 1787/5/278
f 1801/6/297 1797/6/298 1809/6/299 1813/6/300
f 1811/6/301 1804/6/302 1797/6/298 1801/6/297
f 1804/6/302 1814/6/303 1807/6/304 1797/6/298
f 1802/6/342 1798/6/306 1804/6/302 1811/6/301
f 1805/6/311 1799/6/312 1803/6/313 1812/6/314
f 1808/6/317 1800/6/318 1806/6/319 1815/6/320
f 1812/6/314 1803/6/313 1800/6/318 1808/6/317
f 1803/6/313 1811/6/301 1801/6/297 1800/6/318
f 1800/6/318 1801/6/297 1813/6/300 1806/6/319
f 1799/6/312 1802/6/342 1811/6/301 1803/6/313
f 1798/6/306 1810/6/310 1814/6/303 1804/6/302
f 1797/6/298 1807/6/304 1816/6/321 1809/6/299
f 1836/6/298 1826/6/304 1817/6/321 1824/6/299
f 1835/6/306 1823/6/310 1819/6/303 1829/6/302
f 1834/6/312 1831/6/342 1822/6/301 1830/6/313
f 1833/6/318 1832/6/297 1820/6/300 1827/6/319
f 1830/6/313 1822/6/301 1832/6/297 1833/6/318
f 1821/6/314 1830/6/313 1833/6/318 1825/6/317
f 1825/6/317 1833/6/318 1827/6/319 1818/6/320
f 1828/6/311 1834/6/312 1830/6/313 1821/6/314
f 1831/6/342 1835/6/306 1829/6/302 1822/6/301
f 1829/6/302 1819/6/303 1826/6/304 1836/6/298
f 1822/6/301 1829/6/302 1836/6/298 1832/6/297
f 1832/6/297 1836/6/298 1824/6/299 1820/6/300
f 1856/5/275 1844/5/274 1837/5/296 1846/5/278
f 1855/5/338 1849/5/277 1839/5/279 1843/5/340
f 1854/5/289 1850/5/288 1842/5/276 1851/5/441
f 1853/5/295 1847/5/294 1840/5/273 1852/5/272
f 1850/5/288 1853/5/295 1852/5/272 1842/5/276
f 1841/5/287 1845/5/292 1853/5/295 1850/5/288
f 1845/5/292 1838/5/293 1847/5/294 1853/5/295
f 1848/5/286 1841/5/287 1850/5/288 1854/5/289
f 1851/5/441 1842/5/276 1849/5/277 1855/5/338
f 1849/5/277 1856/5/275 1846/5/278 1839/5/279
f 1842/5/276 1852/5/272 1856/5/275 1849/5/277
f 1852/5/272 1840/5/273 1844/5/274 1856/5/275
f 1821/4/23 1825/4/23 1845/4/23 1841/4/23
f 1824/4/323 1817/4/335 1837/4/336 1844/4/442
f 1817/4/335 1826/4/21 1846/4/21 1837/4/336
f 1825/4/23 1818/4/444 1838/4/334 1845/4/23
f 1818/4/444 1827/4/325 1847/4/443 1838/4/334
f 1826/4/21 1819/4/21 1839/4/21 1846/4/21
f 1819/4/21 1823/4/21 1843/4/21 1839/4/21
f 1827/4/325 1820/4/322 1840/4/322 1847/4/443
f 1820/4/322 1824/4/323 1844/4/442 1840/4/322
f 1828/4/23 1821/4/23 1841/4/23 1848/4/23
f 1881/6/346 1870/6/347 1857/6/348 1867/6/349
f 1880/6/350 1866/6/351 1861/6/352 1874/6/353
f 1879/6/354 1876/6/355 1865/6/356 1875/6/357
f 1878/6/358 1877/6/359 1862/6/360 1871/6/361
f 1875/6/357 1865/6/356 1877/6/359 1878/6/358
f 1863/6/362 1875/6/357 1878/6/358 1868/6/363
f 1868/6/363 1878/6/358 1871/6/361 1859/6/364
f 1869/6/365 1864/6/366 1876/6/355 1879/6/354
f 1860/6/367 1869/6/365 1879/6/354 1872/6/368
f 1872/6/368 1879/6/354 1875/6/357 1863/6/362
f 1873/6/369 1858/6/370 1866/6/351 1880/6/350
f 1864/6/366 1873/6/369 1880/6/350 1876/6/355
f 1876/6/355 1880/6/350 1874/6/353 1865/6/356
f 1874/6/353 1861/6/352 1870/6/347 1881/6/346
f 1865/6/356 1874/6/353 1881/6/346 1877/6/359
f 1877/6/359 1881/6/346 1867/6/349 1862/6/360
f 1906/5/371 1892/5/372 1882/5/373 1895/5/374
f 1905/5/375 1899/5/376 1886/5/377 1891/5/378
f 1904/5/379 1900/5/380 1890/5/381 1901/5/382
f 1903/5/383 1896/5/384 1887/5/385 1902/5/386
f 1900/5/380 1903/5/383 1902/5/386 1890/5/381
f 1888/5/387 1893/5/388 1903/5/383 1900/5/380
f 1893/5/388 1884/5/389 1896/5/384 1903/5/383
f 1894/5/438 1904/5/379 1901/5/382 1889/5/391
f 1885/5/392 1897/5/393 1904/5/379 1894/5/438
f 1897/5/393 1888/5/387 1900/5/380 1904/5/379
f 1898/5/394 1905/5/375 1891/5/378 1883/5/395
f 1889/5/391 1901/5/382 1905/5/375 1898/5/394
f 1901/5/382 1890/5/381 1899/5/376 1905/5/375
f 1899/5/376 1906/5/371 1895/5/374 1886/5/377
f 1890/5/381 1902/5/386 1906/5/371 1899/5/376
f 1902/5/386 1887/5/385 1892/5/372 1906/5/371
f 1863/4/23 1868/4/23 1893/4/23 1888/4/23
f 1873/4/396 1864/4/397 1889/4/397 1898/4/398
f 1866/4/21 1858/4/21 1883/4/21 1891/4/21
f 1864/4/397 1869/4/399 1894/4/400 1889/4/397
f 1867/4/401 1857/4/402 1882/4/403 1892/4/404
f 1857/4/402 1870/4/21 1895/4/21 1882/4/403
f 1868/4/23 1859/4/405 1884/4/406 1893/4/23
f 1859/4/405 1871/4/407 1896/4/408 1884/4/406
f 1869/4/399 1860/4/409 1885/4/409 1894/4/400
f 1860/4/23 1872/4/23 1897/4/23 1885/4/23
f 1870/4/21 1861/4/21 1886/4/21 1895/4/21
f 1858/4/410 1873/4/396 1898/4/398 1883/4/410
f 1861/4/21 1866/4/21 1891/4/21 1886/4/21
f 1871/4/407 1862/4/411 1887/4/411 1896/4/408
f 1862/4/411 1867/4/401 1892/4/404 1887/4/411
f 1872/4/23 1863/4/23 1888/4/23 1897/4/23
f 1941/4/252 1950/4/252 1925/4/252 1916/4/252
f 1951/4/412 1946/4/413 1921/4/414 1926/4/412
f 1942/4/415 1951/4/412 1926/4/412 1917/4/416
f 1952/4/258 1947/4/259 1922/4/259 1927/4/258
f 1955/4/417 1940/4/418 1915/4/419 1930/4/417
f 1943/4/258 1952/4/258 1927/4/258 1918/4/258
f 1953/4/252 1941/4/252 1916/4/252 1928/4/252
f 1944/4/420 1953/4/421 1928/4/421 1919/4/422
f 1954/4/423 1942/4/415 1917/4/416 1929/4/424
f 1945/4/252 1954/4/423 1929/4/424 1920/4/252
f 1956/4/425 1943/4/258 1918/4/258 1931/4/426
f 1946/4/413 1956/4/425 1931/4/426 1921/4/414
f 1949/4/427 1944/4/420 1919/4/422 1924/4/427
f 1947/4/259 1955/4/271 1930/4/271 1922/4/259
f 1940/4/418 1949/4/427 1924/4/427 1915/4/419
f 1950/4/252 1945/4/252 1920/4/252 1925/4/252
f 1911/5/386 1926/5/385 1921/5/372 1907/5/371
f 1923/5/381 1911/5/386 1907/5/371 1914/5/428
f 1914/5/428 1907/5/371 1918/5/374 1927/5/377
f 1912/5/382 1923/5/381 1914/5/428 1908/5/429
f 1924/5/391 1912/5/382 1908/5/429 1915/5/430
f 1915/5/430 1908/5/429 1922/5/431 1930/5/432
f 1916/5/393 1925/5/387 1913/5/433 1909/5/379
f 1928/5/392 1916/5/393 1909/5/379 1919/5/390
f 1919/5/390 1909/5/379 1912/5/382 1924/5/391
f 1920/5/388 1929/5/389 1917/5/384 1910/5/383
f 1925/5/387 1920/5/388 1910/5/383 1913/5/433
f 1913/5/433 1910/5/383 1911/5/386 1923/5/381
f 1910/5/383 1917/5/384 1926/5/385 1911/5/386
f 1909/5/379 1913/5/433 1923/5/381 1912/5/382
f 1908/5/429 1914/5/428 1927/5/377 1922/5/431
f 1907/5/371 1921/5/372 1931/5/373 1918/5/374
f 1936/6/359 1932/6/346 1946/6/349 1951/6/360
f 1948/6/356 1939/6/445 1932/6/346 1936/6/359
f 1939/6/445 1952/6/352 1943/6/347 1932/6/346
f 1937/6/355 1933/6/350 1939/6/445 1948/6/356
f 1949/6/366 1940/6/369 1933/6/350 1937/6/355
f 1940/6/369 1955/6/370 1947/6/351 1933/6/350
f 1941/6/368 1934/6/354 1938/6/434 1950/6/362
f 1953/6/367 1944/6/365 1934/6/354 1941/6/368
f 1944/6/365 1949/6/366 1937/6/355 1934/6/354
f 1945/6/363 1935/6/358 1942/6/361 1954/6/435
f 1950/6/362 1938/6/434 1935/6/358 1945/6/363
f 1938/6/434 1948/6/356 1936/6/359 1935/6/358
f 1935/6/358 1936/6/359 1951/6/360 1942/6/361
f 1934/6/354 1937/6/355 1948/6/356 1938/6/434
f 1933/6/350 1947/6/351 1952/6/352 1939/6/445
f 1932/6/346 1943/6/347 1956/6/436 1946/6/349
f 1991/4/23 2000/4/23 1975/4/23 1966/4/23
f 2001/4/411 1996/4/401 1971/4/404 1976/4/411
f 1992/4/407 2001/4/411 1976/4/411 1967/4/408
f 2002/4/21 1997/4/21 1972/4/21 1977/4/21
f 2005/4/410 1990/4/396 1965/4/398 1980/4/410
f 1993/4/21 2002/4/21 1977/4/21 1968/4/21
f 2003/4/23 1991/4/23 1966/4/23 1978/4/23
f 1994/4/399 2003/4/409 1978/4/409 1969/4/400
f 2004/4/405 1992/4/407 1967/4/408 1979/4/406
f 1995/4/23 2004/4/405 1979/4/406 1970/4/23
f 2006/4/402 1993/4/21 1968/4/21 1981/4/403
f 1996/4/401 2006/4/402 1981/4/403 1971/4/404
f 1999/4/397 1994/4/399 1969/4/400 1974/4/397
f 1997/4/21 2005/4/21 1980/4/21 1972/4/21
f 1990/4/396 1999/4/397 1974/4/397 1965/4/398
f 2000/4/23 1995/4/23 1970/4/23 1975/4/23
f 1961/5/386 1976/5/385 1971/5/372 1957/5/371
f 1973/5/381 1961/5/386 1957/5/371 1964/5/376
f 1964/5/376 1957/5/371 1968/5/374 1977/5/377
f 1962/5/382 1973/5/381 1964/5/376 1958/5/375
f 1974/5/391 1962/5/382 1958/5/375 1965/5/437
f 1965/5/437 1958/5/375 1972/5/378 1980/5/395
f 1966/5/393 1975/5/387 1963/5/380 1959/5/379
f 1978/5/392 1966/5/393 1959/5/379 1969/5/390
f 1969/5/390 1959/5/379 1962/5/382 1974/5/391
f 1970/5/388 1979/5/389 1967/5/384 1960/5/383
f 1975/5/387 1970/5/388 1960/5/383 1963/5/380
f 1963/5/380 1960/5/383 1961/5/386 1973/5/381
f 1960/5/383 1967/5/384 1976/5/385 1961/5/386
f 1959/5/379 1963/5/380 1973/5/381 1962/5/382
f 1958/5/375 1964/5/376 1977/5/377 1972/5/378
f 1957/5/371 1971/5/372 1981/5/373 1968/5/374
f 1986/6/359 1982/6/346 1996/6/349 2001/6/360
f 1998/6/356 1989/6/353 1982/6/346 1986/6/359
f 1989/6/353 2002/6/352 1993/6/347 1982/6/346
f 1987/6/355 1983/6/350 1989/6/353 1998/6/356
f 1999/6/366 1990/6/369 1983/6/350 1987/6/355
f 1990/6/369 2005/6/370 1997/6/351 1983/6/350
f 1991/6/368 1984/6/354 1988/6/357 2000/6/362
f 2003/6/367 1994/6/365 1984/6/354 1991/6/368
f 1994/6/365 1999/6/366 1987/6/355 1984/6/354
f 1995/6/363 1985/6/358 1992/6/361 2004/6/364
f 2000/6/362 1988/6/357 1985/6/358 1995/6/363
f 1988/6/357 1998/6/356 1986/6/359 1985/6/358
f 1985/6/358 1986/6/359 2001/6/360 1992/6/361
f 1984/6/354 1987/6/355 1998/6/356 1988/6/357
f 1983/6/350 1997/6/351 2002/6/352 1989/6/353
f 1982/6/346 1993/6/347 2006/6/348 1996/6/349
f 2041/4/23 2050/4/23 2025/4/23 2016/4/23
f 2051/4/411 2046/4/401 2021/4/404 2026/4/411
f 2042/4/407 2051/4/411 2026/4/411 2017/4/408
f 2052/4/21 2047/4/21 2022/4/21 2027/4/21
f 2055/4/410 2040/4/396 2015/4/398 2030/4/410
f 2043/4/21 2052/4/21 2027/4/21 2018/4/21
f 2053/4/23 2041/4/23 2016/4/23 2028/4/23
f 2044/4/399 2053/4/409 2028/4/409 2019/4/400
f 2054/4/405 2042/4/407 2017/4/408 2029/4/406
f 2045/4/23 2054/4/405 2029/4/406 2020/4/23
f 2056/4/402 2043/4/21 2018/4/21 2031/4/403
f 2046/4/401 2056/4/402 2031/4/403 2021/4/404
f 2049/4/397 2044/4/399 2019/4/400 2024/4/397
f 2047/4/21 2055/4/21 2030/4/21 2022/4/21
f 2040/4/396 2049/4/397 2024/4/397 2015/4/398
f 2050/4/23 2045/4/23 2020/4/23 2025/4/23
f 2011/5/386 2026/5/385 2021/5/372 2007/5/371
f 2023/5/381 2011/5/386 2007/5/371 2014/5/376
f 2014/5/376 2007/5/371 2018/5/374 2027/5/377
f 2012/5/382 2023/5/381 2014/5/376 2008/5/375
f 2024/5/391 2012/5/382 2008/5/375 2015/5/437
f 2015/5/437 2008/5/375 2022/5/378 2030/5/395
f 2016/5/393 2025/5/387 2013/5/380 2009/5/379
f 2028/5/392 2016/5/393 2009/5/379 2019/5/390
f 2019/5/390 2009/5/379 2012/5/382 2024/5/391
f 2020/5/388 2029/5/389 2017/5/384 2010/5/383
f 2025/5/387 2020/5/388 2010/5/383 2013/5/380
f 2013/5/380 2010/5/383 2011/5/386 2023/5/381
f 2010/5/383 2017/5/384 2026/5/385 2011/5/386
f 2009/5/379 2013/5/380 2023/5/381 2012/5/382
f 2008/5/375 2014/5/376 2027/5/377 2022/5/378
f 2007/5/371 2021/5/372 2031/5/373 2018/5/374
f 2036/6/359 2032/6/346 2046/6/349 2051/6/360
f 2048/6/356 2039/6/353 2032/6/346 2036/6/359
f 2039/6/353 2052/6/352 2043/6/347 2032/6/346
f 2037/6/355 2033/6/350 2039/6/353 2048/6/356
f 2049/6/366 2040/6/369 2033/6/350 2037/6/355
f 2040/6/369 2055/6/370 2047/6/351 2033/6/350
f 2041/6/368 2034/6/354 2038/6/357 2050/6/362
f 2053/6/367 2044/6/365 2034/6/354 2041/6/368
f 2044/6/365 2049/6/366 2037/6/355 2034/6/354
f 2045/6/363 2035/6/358 2042/6/361 2054/6/435
f 2050/6/362 2038/6/357 2035/6/358 2045/6/363
f 2038/6/357 2048/6/356 2036/6/359 2035/6/358
f 2035/6/358 2036/6/359 2051/6/360 2042/6/361
f 2034/6/354 2037/6/355 2048/6/356 2038/6/357
f 2033/6/350 2047/6/351 2052/6/352 2039/6/353
f 2032/6/346 2043/6/347 2056/6/348 2046/6/349
f 2091/4/23 2100/4/23 2075/4/23 2066/4/23
f 2101/4/411 2096/4/401 2071/4/404 2076/4/411
f 2092/4/407 2101/4/411 2076/4/411 2067/4/408
f 2102/4/21 2097/4/21 2072/4/21 2077/4/21
f 2105/4/410 2090/4/396 2065/4/398 2080/4/410
f 2093/4/21 2102/4/21 2077/4/21 2068/4/21
f 2103/4/23 2091/4/23 2066/4/23 2078/4/23
f 2094/4/399 2103/4/409 2078/4/409 2069/4/400
f 2104/4/405 2092/4/407 2067/4/408 2079/4/406
f 2095/4/23 2104/4/405 2079/4/406 2070/4/23
f 2106/4/402 2093/4/21 2068/4/21 2081/4/403
f 2096/4/401 2106/4/402 2081/4/403 2071/4/404
f 2099/4/397 2094/4/399 2069/4/400 2074/4/397
f 2097/4/21 2105/4/21 2080/4/21 2072/4/21
f 2090/4/396 2099/4/397 2074/4/397 2065/4/398
f 2100/4/23 2095/4/23 2070/4/23 2075/4/23
f 2061/7/386 2076/7/385 2071/7/372 2057/7/371
f 2073/7/381 2061/7/386 2057/7/371 2064/7/376
f 2064/7/376 2057/7/371 2068/7/374 2077/7/377
f 2062/7/382 2073/7/381 2064/7/376 2058/7/375
f 2074/7/391 2062/7/382 2058/7/375 2065/7/437
f 2065/7/437 2058/7/375 2072/7/378 2080/7/395
f 2066/7/393 2075/7/387 2063/7/380 2059/7/379
f 2078/7/392 2066/7/393 2059/7/379 2069/7/390
f 2069/7/390 2059/7/379 2062/7/382 2074/7/391
f 2070/7/388 2079/7/389 2067/7/384 2060/7/383
f 2075/7/387 2070/7/388 2060/7/383 2063/7/380
f 2063/7/380 2060/7/383 2061/7/386 2073/7/381
f 2060/7/383 2067/7/384 2076/7/385 2061/7/386
f 2059/7/379 2063/7/380 2073/7/381 2062/7/382
f 2058/7/375 2064/7/376 2077/7/377 2072/7/378
f 2057/7/371 2071/7/372 2081/7/373 2068/7/374
f 2086/6/359 2082/6/346 2096/6/349 2101/6/360
f 2098/6/356 2089/6/353 2082/6/346 2086/6/359
f 2089/6/353 2102/6/352 2093/6/347 2082/6/346
f 2087/6/355 2083/6/350 2089/6/353 2098/6/356
f 2099/6/366 2090/6/369 2083/6/350 2087/6/355
f 2090/6/369 2105/6/370 2097/6/351 2083/6/350
f 2091/6/368 2084/6/354 2088/6/357 2100/6/362
f 2103/6/367 2094/6/365 2084/6/354 2091/6/368
f 2094/6/365 2099/6/366 2087/6/355 2084/6/354
f 2095/6/363 2085/6/358 2092/6/361 2104/6/364
f 2100/6/362 2088/6/357 2085/6/358 2095/6/363
f 2088/6/357 2098/6/356 2086/6/359 2085/6/358
f 2085/6/358 2086/6/359 2101/6/360 2092/6/361
f 2084/6/354 2087/6/355 2098/6/356 2088/6/357
f 2083/6/350 2097/6/351 2102/6/352 2089/6/353
f 2082/6/346 2093/6/347 2106/6/348 2096/6/349
f 2141/4/23 2150/4/23 2125/4/23 2116/4/23
f 2151/4/411 2146/4/401 2121/4/404 2126/4/411
f 2142/4/407 2151/4/411 2126/4/411 2117/4/408
f 2152/4/21 2147/4/21 2122/4/21 2127/4/21
f 2155/4/410 2140/4/396 2115/4/398 2130/4/410
f 2143/4/21 2152/4/21 2127/4/21 2118/4/21
f 2153/4/23 2141/4/23 2116/4/23 2128/4/23
f 2144/4/399 2153/4/409 2128/4/409 2119/4/400
f 2154/4/405 2142/4/407 2117/4/408 2129/4/406
f 2145/4/23 2154/4/405 2129/4/406 2120/4/23
f 2156/4/402 2143/4/21 2118/4/21 2131/4/403
f 2146/4/401 2156/4/402 2131/4/403 2121/4/404
f 2149/4/397 2144/4/399 2119/4/400 2124/4/397
f 2147/4/21 2155/4/21 2130/4/21 2122/4/21
f 2140/4/396 2149/4/397 2124/4/397 2115/4/398
f 2150/4/23 2145/4/23 2120/4/23 2125/4/23
f 2111/5/386 2126/5/385 2121/5/372 2107/5/371
f 2123/5/381 2111/5/386 2107/5/371 2114/5/376
f 2114/5/376 2107/5/371 2118/5/374 2127/5/377
f 2112/5/382 2123/5/381 2114/5/376 2108/5/375
f 2124/5/391 2112/5/382 2108/5/375 2115/5/394
f 2115/5/394 2108/5/375 2122/5/378 2130/5/395
f 2116/5/393 2125/5/387 2113/5/380 2109/5/379
f 2128/5/392 2116/5/393 2109/5/379 2119/5/438
f 2119/5/438 2109/5/379 2112/5/382 2124/5/391
f 2120/5/388 2129/5/389 2117/5/384 2110/5/383
f 2125/5/387 2120/5/388 2110/5/383 2113/5/380
f 2113/5/380 2110/5/383 2111/5/386 2123/5/381
f 2110/5/383 2117/5/384 2126/5/385 2111/5/386
f 2109/5/379 2113/5/380 2123/5/381 2112/5/382
f 2108/5/375 2114/5/376 2127/5/377 2122/5/378
f 2107/5/371 2121/5/372 2131/5/373 2118/5/374
f 2136/6/359 2132/6/346 2146/6/349 2151/6/360
f 2148/6/356 2139/6/353 2132/6/346 2136/6/359
f 2139/6/353 2152/6/352 2143/6/347 2132/6/346
f 2137/6/355 2133/6/350 2139/6/353 2148/6/356
f 2149/6/366 2140/6/369 2133/6/350 2137/6/355
f 2140/6/369 2155/6/370 2147/6/351 2133/6/350
f 2141/6/368 2134/6/354 2138/6/357 2150/6/362
f 2153/6/367 2144/6/365 2134/6/354 2141/6/368
f 2144/6/365 2149/6/366 2137/6/355 2134/6/354
f 2145/6/363 2135/6/358 2142/6/361 2154/6/364
f 2150/6/362 2138/6/357 2135/6/358 2145/6/363
f 2138/6/357 2148/6/356 2136/6/359 2135/6/358
f 2135/6/358 2136/6/359 2151/6/360 2142/6/361
f 2134/6/354 2137/6/355 2148/6/356 2138/6/357
f 2133/6/350 2147/6/351 2152/6/352 2139/6/353
f 2132/6/346 2143/6/347 2156/6/348 2146/6/349
s 0
f 2157/6/446 2158/6/446 2160/6/446 2159/6/446
f 2161/6/447 2162/6/447 2164/6/447 2163/6/447
