# Blender 4.3.0
# www.blender.org
mtllib Roof01_Black_White.mtl
o Roof01_Black_White
v 0.145455 2.503864 -1.194578
v -0.056245 2.634597 1.166601
v 0.989054 1.467908 0.844660
v 0.150550 2.786164 1.166601
v -0.056245 2.634597 -0.857285
v 1.011975 1.447910 -1.179226
v 1.195849 1.619475 -0.857285
v 0.150550 2.786164 -0.857285
v 0.150550 2.786164 -1.179226
v 0.036182 2.634597 -0.857285
v -1.187319 1.652850 -1.179226
v -0.170613 2.786164 -1.179226
v -1.021872 1.449564 1.166601
v 0.036181 2.634597 1.166601
v -0.170613 2.786164 0.844660
v -1.215913 1.619475 1.166601
v -0.784770 1.951267 0.753495
v -0.600651 2.136743 0.753495
v -0.600651 2.136743 0.586632
v -0.784770 1.951267 0.586632
v -0.793600 1.942635 0.670063
v -0.598372 2.138834 0.670063
v -0.680915 2.055170 0.586632
v -0.680915 2.055170 0.753495
v -0.517286 2.207319 0.753495
v -0.605724 2.132113 0.503200
v -0.890779 1.868431 0.586632
v -0.764277 1.969610 0.836927
v -0.517286 2.207319 0.586632
v -0.764277 1.969610 0.503200
v -0.890779 1.868431 0.753495
v -0.605725 2.132113 0.836927
v -0.682651 2.053298 0.670063
v -0.513667 2.210381 0.670063
v -0.679202 2.057252 0.503200
v -0.905676 1.856594 0.670063
v -0.679202 2.057252 0.836927
v -0.524901 2.200876 0.503200
v -0.859443 1.893333 0.503200
v -0.528451 2.203092 0.836849
v -0.859443 1.893333 0.836927
v -0.734227 1.906003 0.753502
v -0.550108 2.091479 0.753502
v -0.550108 2.091479 0.586638
v -0.734227 1.906003 0.586638
v -0.743057 1.897371 0.670070
v -0.547830 2.093569 0.670070
v -0.630372 2.009906 0.586638
v -0.630372 2.009906 0.753502
v -0.466743 2.162055 0.753502
v -0.555182 2.086849 0.503206
v -0.840237 1.823167 0.586638
v -0.713735 1.924347 0.836934
v -0.466743 2.162055 0.586638
v -0.713735 1.924347 0.503206
v -0.840237 1.823167 0.753502
v -0.555182 2.086849 0.836934
v -0.632107 2.008034 0.670070
v -0.463123 2.165117 0.670070
v -0.628659 2.011988 0.503206
v -0.855132 1.811330 0.670070
v -0.628659 2.011988 0.836934
v -0.474359 2.155613 0.503206
v -0.808900 1.848069 0.503206
v -0.474359 2.155613 0.836934
v -0.808900 1.848069 0.836934
v -0.784715 1.951343 0.412979
v -0.600595 2.136820 0.412979
v -0.600595 2.136820 0.246115
v -0.784715 1.951343 0.246115
v -0.793545 1.942712 0.329547
v -0.598317 2.138910 0.329547
v -0.680860 2.055247 0.246115
v -0.680860 2.055247 0.412979
v -0.517231 2.207396 0.412979
v -0.605669 2.132190 0.162683
v -0.890724 1.868508 0.246115
v -0.764222 1.969687 0.496411
v -0.517231 2.207396 0.246115
v -0.764222 1.969687 0.162683
v -0.890724 1.868508 0.412979
v -0.605669 2.132190 0.496411
v -0.682594 2.053375 0.329547
v -0.513611 2.210458 0.329547
v -0.679146 2.057330 0.162683
v -0.905620 1.856671 0.329547
v -0.679147 2.057330 0.496411
v -0.524846 2.200954 0.162683
v -0.859387 1.893411 0.162683
v -0.524846 2.200954 0.496411
v -0.859387 1.893411 0.496411
v -0.734241 1.906017 0.412979
v -0.550122 2.091494 0.412979
v -0.550122 2.091494 0.246115
v -0.734241 1.906017 0.246115
v -0.743072 1.897386 0.329547
v -0.547844 2.093584 0.329547
v -0.630385 2.009920 0.246115
v -0.630385 2.009920 0.412979
v -0.466758 2.162069 0.412979
v -0.555196 2.086864 0.162683
v -0.840250 1.823181 0.246115
v -0.713749 1.924360 0.496411
v -0.466758 2.162069 0.246115
v -0.713749 1.924360 0.162683
v -0.840250 1.823181 0.412979
v -0.555196 2.086864 0.496411
v -0.632121 2.008049 0.329547
v -0.463138 2.165131 0.329547
v -0.628673 2.012003 0.162683
v -0.855146 1.811344 0.329547
v -0.628673 2.012003 0.496411
v -0.474373 2.155627 0.162683
v -0.808913 1.848083 0.162683
v -0.474373 2.155627 0.496411
v -0.808913 1.848083 0.496411
v -0.808913 1.848083 0.154467
v -0.474373 2.155627 0.154467
v -0.808913 1.848083 -0.179261
v -0.474373 2.155627 -0.179261
v -0.628673 2.012003 0.154467
v -0.855146 1.811344 -0.012397
v -0.628673 2.012003 -0.179261
v -0.463138 2.165131 -0.012397
v -0.632121 2.008049 -0.012397
v -0.555196 2.086864 0.154467
v -0.840250 1.823181 0.071035
v -0.713749 1.924360 -0.179261
v -0.466758 2.162069 -0.095829
v -0.713749 1.924360 0.154467
v -0.840250 1.823181 -0.095829
v -0.555196 2.086864 -0.179261
v -0.466758 2.162069 0.071035
v -0.630385 2.009920 0.071035
v -0.630385 2.009920 -0.095829
v -0.547844 2.093584 -0.012397
v -0.743072 1.897386 -0.012397
v -0.734241 1.906017 -0.095829
v -0.550122 2.091494 -0.095829
v -0.550122 2.091494 0.071035
v -0.734241 1.906017 0.071035
v -0.859387 1.893411 0.154467
v -0.524846 2.200954 0.154467
v -0.859387 1.893411 -0.179261
v -0.524846 2.200954 -0.179261
v -0.679147 2.057330 0.154467
v -0.905620 1.856671 -0.012397
v -0.679146 2.057330 -0.179261
v -0.513611 2.210458 -0.012397
v -0.682594 2.053375 -0.012397
v -0.605669 2.132190 0.154467
v -0.890724 1.868508 0.071035
v -0.764222 1.969687 -0.179261
v -0.517231 2.207396 -0.095829
v -0.764222 1.969687 0.154467
v -0.890724 1.868508 -0.095829
v -0.605669 2.132190 -0.179261
v -0.517231 2.207396 0.071035
v -0.680860 2.055247 0.071035
v -0.680860 2.055247 -0.095829
v -0.598317 2.138910 -0.012397
v -0.793545 1.942712 -0.012397
v -0.784715 1.951343 -0.095829
v -0.600595 2.136820 -0.095829
v -0.600595 2.136820 0.071035
v -0.784715 1.951343 0.071035
v -0.784715 1.951343 -0.270273
v -0.600595 2.136820 -0.270273
v -0.600595 2.136820 -0.437137
v -0.784715 1.951343 -0.437137
v -0.793545 1.942712 -0.353705
v -0.598317 2.138910 -0.353705
v -0.680860 2.055247 -0.437137
v -0.680860 2.055247 -0.270273
v -0.517231 2.207396 -0.270273
v -0.605669 2.132190 -0.520569
v -0.890724 1.868508 -0.437137
v -0.764222 1.969687 -0.186841
v -0.517231 2.207396 -0.437137
v -0.764222 1.969687 -0.520569
v -0.890724 1.868508 -0.270273
v -0.605669 2.132190 -0.186842
v -0.682594 2.053375 -0.353705
v -0.513611 2.210458 -0.353705
v -0.679146 2.057330 -0.520569
v -0.905620 1.856671 -0.353705
v -0.679147 2.057330 -0.186841
v -0.524846 2.200954 -0.520569
v -0.859387 1.893411 -0.520569
v -0.524846 2.200954 -0.186842
v -0.859387 1.893411 -0.186841
v -0.734241 1.906017 -0.270273
v -0.550122 2.091494 -0.270273
v -0.550122 2.091494 -0.437137
v -0.734241 1.906017 -0.437137
v -0.743072 1.897386 -0.353705
v -0.547844 2.093584 -0.353705
v -0.630385 2.009920 -0.437137
v -0.630385 2.009920 -0.270273
v -0.466758 2.162069 -0.270273
v -0.555196 2.086864 -0.520569
v -0.840250 1.823181 -0.437137
v -0.713749 1.924360 -0.186841
v -0.466758 2.162069 -0.437137
v -0.713749 1.924360 -0.520569
v -0.840250 1.823181 -0.270273
v -0.555196 2.086864 -0.186842
v -0.632121 2.008049 -0.353705
v -0.463138 2.165131 -0.353705
v -0.628673 2.012003 -0.520569
v -0.855146 1.811344 -0.353705
v -0.628673 2.012003 -0.186841
v -0.474373 2.155627 -0.520569
v -0.808913 1.848083 -0.520569
v -0.474373 2.155627 -0.186842
v -0.808913 1.848083 -0.186841
v -0.808913 1.848083 -0.527225
v -0.474373 2.155627 -0.527225
v -0.808913 1.848083 -0.860953
v -0.474373 2.155627 -0.860953
v -0.628673 2.012003 -0.527225
v -0.855146 1.811344 -0.694089
v -0.628673 2.012003 -0.860953
v -0.463138 2.165131 -0.694089
v -0.632121 2.008049 -0.694089
v -0.555196 2.086864 -0.527225
v -0.840250 1.823181 -0.610657
v -0.713749 1.924360 -0.860953
v -0.466758 2.162069 -0.777521
v -0.713749 1.924360 -0.527225
v -0.840250 1.823181 -0.777521
v -0.555196 2.086864 -0.860953
v -0.466758 2.162069 -0.610657
v -0.630385 2.009920 -0.610657
v -0.630385 2.009920 -0.777521
v -0.547844 2.093584 -0.694089
v -0.743072 1.897386 -0.694089
v -0.734241 1.906017 -0.777521
v -0.550122 2.091494 -0.777521
v -0.550122 2.091494 -0.610657
v -0.734241 1.906017 -0.610657
v -0.859387 1.893411 -0.527225
v -0.524846 2.200954 -0.527225
v -0.859387 1.893411 -0.860953
v -0.524846 2.200954 -0.860953
v -0.679147 2.057330 -0.527225
v -0.905620 1.856671 -0.694089
v -0.679146 2.057330 -0.860953
v -0.513611 2.210458 -0.694089
v -0.682594 2.053375 -0.694089
v -0.605669 2.132190 -0.527225
v -0.890724 1.868508 -0.610657
v -0.764222 1.969687 -0.860953
v -0.517231 2.207396 -0.777521
v -0.764222 1.969687 -0.527225
v -0.890724 1.868508 -0.777521
v -0.605669 2.132190 -0.860953
v -0.517231 2.207396 -0.610657
v -0.680860 2.055247 -0.610657
v -0.680860 2.055247 -0.777521
v -0.598317 2.138910 -0.694089
v -0.793545 1.942712 -0.694089
v -0.784715 1.951343 -0.777521
v -0.600595 2.136820 -0.777521
v -0.600595 2.136820 -0.610657
v -0.784715 1.951343 -0.610657
v -0.282212 2.260381 0.828792
v -0.282212 2.260381 1.182469
v -0.509393 2.426889 1.182469
v -1.038979 1.813053 1.163315
v -1.038979 1.813053 0.847946
v 0.156462 2.410788 -0.001353
v -0.216032 2.804749 0.000250
v 0.180465 2.804749 0.000250
v -0.192028 2.410788 -0.001353
v -0.181023 2.503864 -1.194578
v 0.145455 2.503864 1.191974
v -0.181023 2.503864 1.191974
v -0.203510 2.872942 -1.230203
v 0.167943 2.872942 -1.230203
v 0.167943 2.872942 1.230601
v -0.203510 2.872942 1.230601
v 0.470254 2.032166 1.160474
v 0.470254 2.032167 0.850787
v 0.669178 2.177965 0.850787
v 0.669178 2.177965 1.160474
v 1.129744 1.619475 1.144216
v -0.056245 2.634597 -1.179226
v 0.036182 2.634597 -1.179226
v -0.170613 2.786164 -0.857285
v -1.021872 1.449563 0.844660
v 0.036182 2.634597 0.844660
v -0.836405 1.664580 1.163315
v -0.056245 2.634597 0.844660
v 0.150550 2.786164 0.844660
v -0.836405 1.664580 0.847946
v -0.170613 2.786164 1.166601
v -0.509393 2.426889 0.828792
v -1.030137 1.596768 -0.688273
v -0.682694 1.889659 -0.688273
v -1.030137 1.596768 -1.022000
v -0.682694 1.889659 -1.022000
v -0.843021 1.752795 -0.688273
v -1.077905 1.562049 -0.855137
v -0.843021 1.752795 -1.022000
v -0.671062 1.898672 -0.855137
v -0.846637 1.748993 -0.855137
v -0.766397 1.824431 -0.688273
v -1.062514 1.573235 -0.771705
v -0.931784 1.668887 -1.022000
v -0.674809 1.895768 -0.938569
v -0.931784 1.668887 -0.688273
v -1.062514 1.573235 -0.938569
v -0.766397 1.824431 -1.022000
v -0.674809 1.895768 -0.771705
v -0.844822 1.750788 -0.771705
v -0.844822 1.750788 -0.938569
v -0.758763 1.830829 -0.855137
v -0.962237 1.643197 -0.855137
v -0.953045 1.651441 -0.938569
v -0.761129 1.828838 -0.938569
v -0.761129 1.828838 -0.771705
v -0.953045 1.651441 -0.771705
v -1.078617 1.644221 -0.688273
v -0.731175 1.937112 -0.688273
v -1.078617 1.644221 -1.022000
v -0.731175 1.937112 -1.022000
v -0.891501 1.800248 -0.688273
v -1.126385 1.609502 -0.855137
v -0.891501 1.800248 -1.022000
v -0.719542 1.946124 -0.855137
v -0.895117 1.796445 -0.855137
v -0.814877 1.871883 -0.688273
v -1.110994 1.620688 -0.771705
v -0.980264 1.716340 -1.022000
v -0.723290 1.943221 -0.938569
v -0.980264 1.716340 -0.688273
v -1.110994 1.620688 -0.938569
v -0.814877 1.871883 -1.022000
v -0.723290 1.943221 -0.771705
v -0.893302 1.798240 -0.771705
v -0.893302 1.798240 -0.938569
v -0.807243 1.878281 -0.855137
v -1.010717 1.690649 -0.855137
v -1.001525 1.698894 -0.938569
v -0.809609 1.876291 -0.938569
v -0.809609 1.876291 -0.771705
v -1.001525 1.698894 -0.771705
v -1.001584 1.698820 0.941533
v -0.809668 1.876216 0.941533
v -0.809668 1.876216 0.774669
v -1.001584 1.698820 0.774669
v -1.010777 1.690575 0.858101
v -0.807302 1.878207 0.858101
v -0.893361 1.798166 0.774669
v -0.893361 1.798166 0.941533
v -0.723349 1.943146 0.941533
v -0.814936 1.871809 0.691237
v -1.111053 1.620614 0.774669
v -0.980323 1.716265 1.024965
v -0.723349 1.943146 0.774669
v -0.980323 1.716265 0.691237
v -1.111053 1.620614 0.941533
v -0.814936 1.871809 1.024965
v -0.895176 1.796370 0.858101
v -0.719601 1.946050 0.858101
v -0.891561 1.800173 0.691237
v -1.126444 1.609427 0.858101
v -0.891561 1.800173 1.024965
v -0.731234 1.937037 0.691237
v -1.078675 1.644147 0.691237
v -0.734684 1.939402 1.024887
v -1.078675 1.644147 1.024965
v -0.953032 1.651426 0.941539
v -0.761116 1.828824 0.941539
v -0.761116 1.828824 0.774675
v -0.953032 1.651426 0.774675
v -0.962225 1.643182 0.858107
v -0.758750 1.830813 0.858107
v -0.844810 1.750773 0.774675
v -0.844810 1.750773 0.941539
v -0.674797 1.895753 0.941539
v -0.766384 1.824416 0.691244
v -1.062501 1.573220 0.774675
v -0.931770 1.668873 1.024971
v -0.674797 1.895753 0.774675
v -0.931770 1.668873 0.691244
v -1.062501 1.573220 0.941539
v -0.766384 1.824416 1.024971
v -0.846623 1.748978 0.858107
v -0.671049 1.898657 0.858107
v -0.843009 1.752780 0.691244
v -1.077891 1.562034 0.858107
v -0.843009 1.752780 1.024971
v -0.682682 1.889644 0.691244
v -1.030124 1.596754 0.691244
v -0.682682 1.889644 1.024971
v -1.030124 1.596754 1.024971
v -1.001525 1.698894 0.598888
v -0.809609 1.876291 0.598888
v -0.809609 1.876291 0.432024
v -1.001525 1.698894 0.432024
v -1.010717 1.690649 0.515456
v -0.807243 1.878281 0.515456
v -0.893302 1.798240 0.432024
v -0.893302 1.798240 0.598888
v -0.723290 1.943221 0.598888
v -0.814877 1.871883 0.348592
v -1.110994 1.620688 0.432024
v -0.980264 1.716340 0.682320
v -0.723290 1.943221 0.432024
v -0.980264 1.716340 0.348592
v -1.110994 1.620688 0.598888
v -0.814877 1.871883 0.682320
v -0.895117 1.796445 0.515456
v -0.719543 1.946125 0.515456
v -0.891501 1.800248 0.348592
v -1.126385 1.609502 0.515456
v -0.891502 1.800248 0.682320
v -0.731175 1.937112 0.348592
v -1.078617 1.644221 0.348592
v -0.731175 1.937112 0.682320
v -1.078617 1.644221 0.682320
v -0.953045 1.651441 0.598888
v -0.761129 1.828838 0.598888
v -0.761129 1.828838 0.432024
v -0.953045 1.651441 0.432024
v -0.962237 1.643197 0.515456
v -0.758763 1.830829 0.515456
v -0.844823 1.750788 0.432024
v -0.844823 1.750788 0.598888
v -0.674810 1.895768 0.598888
v -0.766397 1.824431 0.348592
v -1.062514 1.573235 0.432024
v -0.931784 1.668887 0.682320
v -0.674810 1.895768 0.432024
v -0.931784 1.668887 0.348592
v -1.062514 1.573235 0.598888
v -0.766397 1.824431 0.682320
v -0.846637 1.748993 0.515456
v -0.671062 1.898672 0.515456
v -0.843021 1.752795 0.348592
v -1.077905 1.562049 0.515456
v -0.843021 1.752795 0.682320
v -0.682694 1.889659 0.348592
v -1.030137 1.596768 0.348592
v -0.682695 1.889659 0.682320
v -1.030137 1.596768 0.682320
v -1.001525 1.698894 0.257558
v -0.809609 1.876291 0.257558
v -0.809609 1.876291 0.090694
v -1.001525 1.698894 0.090694
v -1.010717 1.690649 0.174126
v -0.807243 1.878281 0.174126
v -0.893302 1.798240 0.090694
v -0.893302 1.798240 0.257558
v -0.723290 1.943221 0.257558
v -0.814877 1.871883 0.007262
v -1.110994 1.620688 0.090694
v -0.980264 1.716340 0.340990
v -0.723290 1.943221 0.090694
v -0.980264 1.716340 0.007262
v -1.110994 1.620688 0.257558
v -0.814877 1.871883 0.340989
v -0.895117 1.796445 0.174126
v -0.719543 1.946125 0.174126
v -0.891501 1.800248 0.007262
v -1.126385 1.609502 0.174126
v -0.891501 1.800248 0.340990
v -0.731175 1.937112 0.007262
v -1.078617 1.644221 0.007262
v -0.731175 1.937112 0.340989
v -1.078617 1.644221 0.340990
v -0.953045 1.651441 0.257558
v -0.761129 1.828838 0.257558
v -0.761129 1.828838 0.090694
v -0.953045 1.651441 0.090694
v -0.962237 1.643197 0.174126
v -0.758763 1.830829 0.174126
v -0.844823 1.750788 0.090694
v -0.844823 1.750788 0.257558
v -0.674810 1.895768 0.257558
v -0.766397 1.824431 0.007262
v -1.062514 1.573235 0.090694
v -0.931784 1.668887 0.340990
v -0.674810 1.895768 0.090694
v -0.931784 1.668887 0.007262
v -1.062514 1.573235 0.257558
v -0.766397 1.824431 0.340989
v -0.846637 1.748993 0.174126
v -0.671062 1.898672 0.174126
v -0.843021 1.752795 0.007262
v -1.077905 1.562049 0.174126
v -0.843021 1.752795 0.340990
v -0.682694 1.889659 0.007262
v -1.030137 1.596768 0.007262
v -0.682694 1.889659 0.340989
v -1.030137 1.596768 0.340990
v -1.001525 1.698894 -0.084067
v -0.809609 1.876291 -0.084067
v -0.809609 1.876291 -0.250930
v -1.001525 1.698894 -0.250930
v -1.010717 1.690649 -0.167499
v -0.807243 1.878281 -0.167499
v -0.893302 1.798240 -0.250930
v -0.893302 1.798240 -0.084067
v -0.723290 1.943221 -0.084067
v -0.814877 1.871883 -0.334362
v -1.110994 1.620688 -0.250930
v -0.980264 1.716340 -0.000635
v -0.723290 1.943221 -0.250930
v -0.980264 1.716340 -0.334362
v -1.110994 1.620688 -0.084067
v -0.814877 1.871883 -0.000635
v -0.895117 1.796445 -0.167499
v -0.719543 1.946125 -0.167499
v -0.891501 1.800248 -0.334362
v -1.126385 1.609502 -0.167499
v -0.891501 1.800248 -0.000635
v -0.731175 1.937112 -0.334362
v -1.078617 1.644221 -0.334362
v -0.731175 1.937112 -0.000635
v -1.078617 1.644221 -0.000635
v -0.953045 1.651441 -0.084067
v -0.761129 1.828838 -0.084067
v -0.761129 1.828838 -0.250930
v -0.953045 1.651441 -0.250930
v -0.962237 1.643197 -0.167499
v -0.758763 1.830829 -0.167499
v -0.844823 1.750788 -0.250930
v -0.844823 1.750788 -0.084067
v -0.674810 1.895768 -0.084067
v -0.766397 1.824431 -0.334362
v -1.062514 1.573235 -0.250930
v -0.931784 1.668887 -0.000635
v -0.674810 1.895768 -0.250930
v -0.931784 1.668887 -0.334362
v -1.062514 1.573235 -0.084067
v -0.766397 1.824431 -0.000635
v -0.846637 1.748993 -0.167499
v -0.671062 1.898672 -0.167499
v -0.843021 1.752795 -0.334362
v -1.077905 1.562049 -0.167499
v -0.843021 1.752795 -0.000635
v -0.682694 1.889659 -0.334362
v -1.030137 1.596768 -0.334362
v -0.682694 1.889659 -0.000635
v -1.030137 1.596768 -0.000635
v -1.001525 1.698894 -0.424512
v -0.809609 1.876291 -0.424512
v -0.809609 1.876291 -0.591376
v -1.001525 1.698894 -0.591376
v -1.010717 1.690649 -0.507944
v -0.807243 1.878281 -0.507944
v -0.893302 1.798240 -0.591376
v -0.893302 1.798240 -0.424512
v -0.723290 1.943221 -0.424512
v -0.814877 1.871883 -0.674808
v -1.110994 1.620688 -0.591376
v -0.980264 1.716340 -0.341080
v -0.723290 1.943221 -0.591376
v -0.980264 1.716340 -0.674808
v -1.110994 1.620688 -0.424512
v -0.814877 1.871883 -0.341080
v -0.895117 1.796445 -0.507944
v -0.719542 1.946124 -0.507944
v -0.891501 1.800248 -0.674808
v -1.126385 1.609502 -0.507944
v -0.891501 1.800248 -0.341080
v -0.731175 1.937112 -0.674808
v -1.078617 1.644221 -0.674808
v -0.731175 1.937112 -0.341080
v -1.078617 1.644221 -0.341080
v -0.953045 1.651441 -0.424512
v -0.761129 1.828838 -0.424512
v -0.761129 1.828838 -0.591376
v -0.953045 1.651441 -0.591376
v -0.962237 1.643197 -0.507944
v -0.758763 1.830829 -0.507944
v -0.844822 1.750788 -0.591376
v -0.844822 1.750788 -0.424512
v -0.674809 1.895768 -0.424512
v -0.766397 1.824431 -0.674808
v -1.062514 1.573235 -0.591376
v -0.931784 1.668887 -0.341080
v -0.674809 1.895768 -0.591376
v -0.931784 1.668887 -0.674808
v -1.062514 1.573235 -0.424512
v -0.766397 1.824431 -0.341080
v -0.846637 1.748993 -0.507944
v -0.671062 1.898672 -0.507944
v -0.843021 1.752795 -0.674808
v -1.077905 1.562049 -0.507944
v -0.843021 1.752795 -0.341080
v -0.682694 1.889659 -0.674808
v -1.030137 1.596768 -0.674808
v -0.682694 1.889659 -0.341080
v -1.030137 1.596768 -0.341080
v 1.129744 1.619475 0.822275
v -1.009117 1.467908 -1.179226
v 0.989054 1.467908 1.166601
v 1.011975 1.447910 -0.857285
v 1.195849 1.619475 -1.179226
v -1.009117 1.467908 -0.857285
v -1.187319 1.652850 -0.857285
v -1.215913 1.619475 0.844660
v -0.363021 2.500048 0.738792
v -0.178902 2.685524 0.738792
v -0.178902 2.685524 0.571929
v -0.363021 2.500048 0.571929
v -0.371851 2.491416 0.655361
v -0.176623 2.687615 0.655361
v -0.259166 2.603951 0.571929
v -0.259166 2.603951 0.738792
v -0.183975 2.680894 0.488497
v -0.469030 2.417213 0.571929
v -0.342528 2.518391 0.822224
v -0.342528 2.518391 0.488497
v -0.469030 2.417213 0.738792
v -0.183976 2.680894 0.822224
v -0.260902 2.602080 0.655361
v -0.257453 2.606034 0.488497
v -0.483927 2.405376 0.655361
v -0.257453 2.606034 0.822224
v -0.437694 2.442115 0.488497
v -0.437694 2.442115 0.822224
v -0.312478 2.454784 0.738799
v -0.128359 2.640261 0.738799
v -0.128359 2.640261 0.571935
v -0.312478 2.454784 0.571935
v -0.321308 2.446152 0.655367
v -0.126081 2.642351 0.655367
v -0.208623 2.558688 0.571935
v -0.208623 2.558688 0.738799
v -0.133433 2.635630 0.488503
v -0.418488 2.371948 0.571935
v -0.291986 2.473128 0.822231
v -0.291986 2.473128 0.488503
v -0.418488 2.371948 0.738799
v -0.133432 2.635630 0.822231
v -0.210358 2.556816 0.655367
v -0.206910 2.560770 0.488503
v -0.433383 2.360111 0.655367
v -0.206910 2.560769 0.822231
v -0.387151 2.396851 0.488503
v -0.387151 2.396851 0.822231
v -0.362966 2.500125 0.398276
v -0.178846 2.685602 0.398276
v -0.178846 2.685602 0.231412
v -0.362966 2.500125 0.231412
v -0.371796 2.491493 0.314844
v -0.176568 2.687692 0.314844
v -0.259111 2.604028 0.231412
v -0.259111 2.604028 0.398276
v -0.183920 2.680971 0.147980
v -0.468975 2.417289 0.231412
v -0.342473 2.518468 0.481708
v -0.342473 2.518468 0.147980
v -0.468975 2.417289 0.398276
v -0.183920 2.680971 0.481708
v -0.260845 2.602157 0.314844
v -0.257397 2.606111 0.147980
v -0.483871 2.405452 0.314844
v -0.257398 2.606111 0.481708
v -0.437638 2.442192 0.147980
v -0.437638 2.442192 0.481708
v -0.312492 2.454798 0.398276
v -0.128373 2.640275 0.398276
v -0.128373 2.640275 0.231412
v -0.312492 2.454798 0.231412
v -0.321323 2.446167 0.314844
v -0.126095 2.642365 0.314844
v -0.208636 2.558701 0.231412
v -0.208636 2.558701 0.398276
v -0.133447 2.635645 0.147980
v -0.418501 2.371962 0.231412
v -0.292000 2.473141 0.481708
v -0.292000 2.473141 0.147980
v -0.418501 2.371962 0.398276
v -0.133447 2.635645 0.481708
v -0.210372 2.556830 0.314844
v -0.206924 2.560784 0.147980
v -0.433397 2.360125 0.314844
v -0.206924 2.560784 0.481708
v -0.387164 2.396865 0.147980
v -0.387164 2.396865 0.481708
v -0.387164 2.396865 0.139764
v -0.387164 2.396865 -0.193964
v -0.206924 2.560784 0.139764
v -0.433397 2.360125 -0.027100
v -0.206924 2.560784 -0.193964
v -0.210372 2.556830 -0.027100
v -0.133447 2.635645 0.139764
v -0.418501 2.371962 0.056332
v -0.292000 2.473141 -0.193964
v -0.292000 2.473141 0.139764
v -0.418501 2.371962 -0.110532
v -0.133447 2.635645 -0.193964
v -0.208636 2.558701 0.056332
v -0.208636 2.558701 -0.110532
v -0.126095 2.642365 -0.027100
v -0.321323 2.446167 -0.027100
v -0.312492 2.454798 -0.110532
v -0.128373 2.640275 -0.110532
v -0.128373 2.640275 0.056332
v -0.312492 2.454798 0.056332
v -0.437638 2.442192 0.139764
v -0.437638 2.442192 -0.193964
v -0.257398 2.606111 0.139764
v -0.483871 2.405452 -0.027100
v -0.257397 2.606111 -0.193964
v -0.260845 2.602157 -0.027100
v -0.183920 2.680971 0.139764
v -0.468975 2.417289 0.056332
v -0.342473 2.518468 -0.193964
v -0.342473 2.518468 0.139764
v -0.468975 2.417289 -0.110532
v -0.183920 2.680971 -0.193964
v -0.259111 2.604028 0.056332
v -0.259111 2.604028 -0.110532
v -0.176568 2.687692 -0.027100
v -0.371796 2.491493 -0.027100
v -0.362966 2.500125 -0.110532
v -0.178846 2.685602 -0.110532
v -0.178846 2.685602 0.056332
v -0.362966 2.500125 0.056332
v -0.362966 2.500125 -0.284976
v -0.178846 2.685602 -0.284976
v -0.178846 2.685602 -0.451840
v -0.362966 2.500125 -0.451840
v -0.371796 2.491493 -0.368408
v -0.176568 2.687692 -0.368408
v -0.259111 2.604028 -0.451840
v -0.259111 2.604028 -0.284976
v -0.183920 2.680971 -0.535272
v -0.468975 2.417289 -0.451840
v -0.342473 2.518468 -0.201544
v -0.342473 2.518468 -0.535272
v -0.468975 2.417289 -0.284976
v -0.183920 2.680971 -0.201544
v -0.260845 2.602157 -0.368408
v -0.257397 2.606111 -0.535272
v -0.483871 2.405452 -0.368408
v -0.257398 2.606111 -0.201544
v -0.437638 2.442192 -0.535272
v -0.437638 2.442192 -0.201544
v -0.312492 2.454798 -0.284976
v -0.128373 2.640275 -0.284976
v -0.128373 2.640275 -0.451840
v -0.312492 2.454798 -0.451840
v -0.321323 2.446167 -0.368408
v -0.126095 2.642365 -0.368408
v -0.208636 2.558701 -0.451840
v -0.208636 2.558701 -0.284976
v -0.133447 2.635645 -0.535272
v -0.418501 2.371962 -0.451840
v -0.292000 2.473141 -0.201544
v -0.292000 2.473141 -0.535272
v -0.418501 2.371962 -0.284976
v -0.133447 2.635645 -0.201544
v -0.210372 2.556830 -0.368408
v -0.206924 2.560784 -0.535272
v -0.433397 2.360125 -0.368408
v -0.206924 2.560784 -0.201544
v -0.387164 2.396865 -0.535272
v -0.387164 2.396865 -0.201544
v -0.387164 2.396865 -0.541928
v -0.387164 2.396865 -0.875656
v -0.206924 2.560784 -0.541928
v -0.433397 2.360125 -0.708792
v -0.206924 2.560784 -0.875656
v -0.210372 2.556830 -0.708792
v -0.133447 2.635645 -0.541928
v -0.418501 2.371962 -0.625360
v -0.292000 2.473141 -0.875656
v -0.292000 2.473141 -0.541928
v -0.418501 2.371962 -0.792224
v -0.133447 2.635645 -0.875656
v -0.208636 2.558701 -0.625360
v -0.208636 2.558701 -0.792224
v -0.126095 2.642365 -0.708792
v -0.321323 2.446167 -0.708792
v -0.312492 2.454798 -0.792224
v -0.128373 2.640275 -0.792224
v -0.128373 2.640275 -0.625360
v -0.312492 2.454798 -0.625360
v -0.437638 2.442192 -0.541928
v -0.437638 2.442192 -0.875656
v -0.257398 2.606111 -0.541928
v -0.483871 2.405452 -0.708792
v -0.257397 2.606111 -0.875656
v -0.260845 2.602157 -0.708792
v -0.183920 2.680971 -0.541928
v -0.468975 2.417289 -0.625360
v -0.342473 2.518468 -0.875656
v -0.342473 2.518468 -0.541928
v -0.468975 2.417289 -0.792224
v -0.183920 2.680971 -0.875656
v -0.259111 2.604028 -0.625360
v -0.259111 2.604028 -0.792224
v -0.176568 2.687692 -0.708792
v -0.371796 2.491493 -0.708792
v -0.362966 2.500125 -0.792224
v -0.178846 2.685602 -0.792224
v -0.178846 2.685602 -0.625360
v -0.362966 2.500125 -0.625360
v -0.608388 2.145550 -0.702976
v -0.260945 2.438440 -0.702976
v -0.608388 2.145550 -1.036703
v -0.260945 2.438440 -1.036703
v -0.421272 2.301576 -0.702976
v -0.656156 2.110831 -0.869840
v -0.421272 2.301576 -1.036703
v -0.249312 2.447453 -0.869840
v -0.424888 2.297774 -0.869840
v -0.344647 2.373212 -0.702976
v -0.640765 2.122016 -0.786408
v -0.510035 2.217669 -1.036703
v -0.253060 2.444549 -0.953271
v -0.510035 2.217669 -0.702976
v -0.640765 2.122016 -0.953272
v -0.344648 2.373212 -1.036703
v -0.253060 2.444549 -0.786408
v -0.423073 2.299569 -0.786408
v -0.423073 2.299569 -0.953271
v -0.337014 2.379610 -0.869840
v -0.540488 2.191978 -0.869840
v -0.531296 2.200222 -0.953272
v -0.339380 2.377620 -0.953271
v -0.339380 2.377620 -0.786408
v -0.531296 2.200222 -0.786408
v -0.656868 2.193003 -0.702976
v -0.309426 2.485893 -0.702976
v -0.656868 2.193003 -1.036703
v -0.309426 2.485893 -1.036703
v -0.469752 2.349029 -0.702976
v -0.704636 2.158283 -0.869840
v -0.469752 2.349029 -1.036703
v -0.297793 2.494906 -0.869840
v -0.473368 2.345227 -0.869840
v -0.393128 2.420665 -0.702976
v -0.689245 2.169470 -0.786408
v -0.558515 2.265122 -1.036703
v -0.301541 2.492003 -0.953271
v -0.558515 2.265122 -0.702976
v -0.689245 2.169470 -0.953272
v -0.393128 2.420665 -1.036703
v -0.301541 2.492003 -0.786408
v -0.471553 2.347022 -0.786408
v -0.471553 2.347022 -0.953272
v -0.385494 2.427063 -0.869840
v -0.588968 2.239431 -0.869840
v -0.579776 2.247676 -0.953272
v -0.387860 2.425073 -0.953271
v -0.387860 2.425073 -0.786408
v -0.579776 2.247676 -0.786408
v -0.579835 2.247601 0.926830
v -0.387919 2.424998 0.926830
v -0.387919 2.424998 0.759966
v -0.579835 2.247601 0.759966
v -0.589028 2.239356 0.843398
v -0.385552 2.426988 0.843398
v -0.471612 2.346947 0.759966
v -0.471612 2.346947 0.926830
v -0.301600 2.491928 0.926830
v -0.393187 2.420590 0.676534
v -0.689304 2.169396 0.759966
v -0.558574 2.265046 1.010262
v -0.301600 2.491928 0.759966
v -0.558574 2.265046 0.676534
v -0.689304 2.169396 0.926830
v -0.393187 2.420590 1.010262
v -0.473427 2.345152 0.843398
v -0.297852 2.494832 0.843398
v -0.469812 2.348954 0.676534
v -0.704695 2.158209 0.843398
v -0.469812 2.348954 1.010262
v -0.309485 2.485819 0.676534
v -0.656926 2.192929 0.676534
v -0.312935 2.488184 1.010184
v -0.656926 2.192929 1.010262
v -0.531283 2.200208 0.926836
v -0.339367 2.377605 0.926836
v -0.339367 2.377605 0.759973
v -0.531283 2.200208 0.759972
v -0.540476 2.191964 0.843404
v -0.337001 2.379595 0.843404
v -0.423061 2.299555 0.759972
v -0.423061 2.299555 0.926836
v -0.253048 2.444535 0.926836
v -0.344635 2.373197 0.676541
v -0.640752 2.122001 0.759972
v -0.510021 2.217654 1.010268
v -0.253048 2.444535 0.759973
v -0.510021 2.217654 0.676541
v -0.640752 2.122001 0.926836
v -0.344635 2.373197 1.010268
v -0.424874 2.297759 0.843404
v -0.249300 2.447438 0.843404
v -0.421260 2.301561 0.676541
v -0.656142 2.110816 0.843404
v -0.421260 2.301561 1.010268
v -0.260933 2.438425 0.676541
v -0.608375 2.145535 0.676541
v -0.260933 2.438425 1.010268
v -0.608375 2.145535 1.010268
v -0.579776 2.247676 0.584185
v -0.387860 2.425073 0.584185
v -0.387860 2.425073 0.417321
v -0.579776 2.247676 0.417321
v -0.588968 2.239431 0.500753
v -0.385494 2.427063 0.500753
v -0.471553 2.347022 0.417321
v -0.471553 2.347022 0.584185
v -0.301541 2.492003 0.584185
v -0.393128 2.420665 0.333889
v -0.689245 2.169470 0.417321
v -0.558515 2.265122 0.667617
v -0.301541 2.492003 0.417321
v -0.558515 2.265122 0.333889
v -0.689245 2.169470 0.584185
v -0.393128 2.420665 0.667617
v -0.473368 2.345227 0.500753
v -0.297793 2.494906 0.500753
v -0.469752 2.349029 0.333889
v -0.704636 2.158283 0.500753
v -0.469753 2.349029 0.667617
v -0.309426 2.485893 0.333889
v -0.656868 2.193003 0.333889
v -0.309426 2.485893 0.667617
v -0.656868 2.193003 0.667617
v -0.531296 2.200222 0.584185
v -0.339380 2.377620 0.584185
v -0.339380 2.377620 0.417321
v -0.531296 2.200222 0.417321
v -0.540488 2.191978 0.500753
v -0.337014 2.379610 0.500753
v -0.423074 2.299569 0.417321
v -0.423074 2.299569 0.584185
v -0.253061 2.444549 0.584185
v -0.344648 2.373212 0.333889
v -0.640765 2.122016 0.417321
v -0.510035 2.217669 0.667617
v -0.253061 2.444549 0.417321
v -0.510035 2.217669 0.333889
v -0.640765 2.122016 0.584185
v -0.344647 2.373212 0.667617
v -0.424888 2.297774 0.500753
v -0.249312 2.447453 0.500753
v -0.421272 2.301576 0.333889
v -0.656156 2.110831 0.500753
v -0.421272 2.301576 0.667617
v -0.260945 2.438440 0.333889
v -0.608388 2.145550 0.333889
v -0.260946 2.438440 0.667617
v -0.608388 2.145550 0.667617
v -0.579776 2.247676 0.242855
v -0.387860 2.425073 0.242855
v -0.387860 2.425073 0.075991
v -0.579776 2.247676 0.075991
v -0.588968 2.239431 0.159423
v -0.385494 2.427063 0.159423
v -0.471553 2.347022 0.075991
v -0.471553 2.347022 0.242855
v -0.301541 2.492003 0.242855
v -0.393128 2.420665 -0.007441
v -0.689245 2.169470 0.075991
v -0.558515 2.265122 0.326287
v -0.301541 2.492003 0.075991
v -0.558515 2.265122 -0.007441
v -0.689245 2.169470 0.242855
v -0.393128 2.420665 0.326287
v -0.473368 2.345227 0.159423
v -0.297793 2.494906 0.159423
v -0.469752 2.349029 -0.007441
v -0.704636 2.158283 0.159423
v -0.469752 2.349029 0.326287
v -0.309426 2.485893 -0.007441
v -0.656868 2.193003 -0.007441
v -0.309426 2.485893 0.326287
v -0.656868 2.193003 0.326287
v -0.531296 2.200222 0.242855
v -0.339380 2.377620 0.242855
v -0.339380 2.377620 0.075991
v -0.531296 2.200222 0.075991
v -0.540488 2.191978 0.159423
v -0.337014 2.379610 0.159423
v -0.423074 2.299569 0.075991
v -0.423074 2.299569 0.242855
v -0.253061 2.444549 0.242855
v -0.344648 2.373212 -0.007441
v -0.640765 2.122016 0.075991
v -0.510035 2.217669 0.326287
v -0.253061 2.444549 0.075991
v -0.510035 2.217669 -0.007441
v -0.640765 2.122016 0.242855
v -0.344647 2.373212 0.326287
v -0.424888 2.297774 0.159423
v -0.249312 2.447453 0.159423
v -0.421272 2.301576 -0.007441
v -0.656156 2.110831 0.159423
v -0.421272 2.301576 0.326287
v -0.260945 2.438440 -0.007441
v -0.608388 2.145550 -0.007441
v -0.260945 2.438440 0.326287
v -0.608388 2.145550 0.326287
v -0.579776 2.247676 -0.098770
v -0.387860 2.425073 -0.098770
v -0.387860 2.425073 -0.265633
v -0.579776 2.247676 -0.265633
v -0.588968 2.239431 -0.182202
v -0.385494 2.427063 -0.182202
v -0.471553 2.347022 -0.265633
v -0.471553 2.347022 -0.098770
v -0.301541 2.492003 -0.098770
v -0.393128 2.420665 -0.349065
v -0.689245 2.169470 -0.265633
v -0.558515 2.265122 -0.015338
v -0.301541 2.492003 -0.265633
v -0.558515 2.265122 -0.349065
v -0.689245 2.169470 -0.098770
v -0.393128 2.420665 -0.015338
v -0.473368 2.345227 -0.182202
v -0.297793 2.494906 -0.182202
v -0.469752 2.349029 -0.349065
v -0.704636 2.158283 -0.182202
v -0.469752 2.349029 -0.015338
v -0.309426 2.485893 -0.349065
v -0.656868 2.193003 -0.349065
v -0.309426 2.485893 -0.015338
v -0.656868 2.193003 -0.015338
v -0.531296 2.200222 -0.098770
v -0.339380 2.377620 -0.098770
v -0.339380 2.377620 -0.265633
v -0.531296 2.200222 -0.265633
v -0.540488 2.191978 -0.182202
v -0.337014 2.379610 -0.182202
v -0.423074 2.299569 -0.265633
v -0.423074 2.299569 -0.098770
v -0.253061 2.444549 -0.098770
v -0.344648 2.373212 -0.349065
v -0.640765 2.122016 -0.265633
v -0.510035 2.217669 -0.015338
v -0.253061 2.444549 -0.265633
v -0.510035 2.217669 -0.349065
v -0.640765 2.122016 -0.098770
v -0.344647 2.373212 -0.015338
v -0.424888 2.297774 -0.182202
v -0.249312 2.447453 -0.182202
v -0.421272 2.301576 -0.349065
v -0.656156 2.110831 -0.182202
v -0.421272 2.301576 -0.015338
v -0.260945 2.438440 -0.349065
v -0.608388 2.145550 -0.349065
v -0.260945 2.438440 -0.015338
v -0.608388 2.145550 -0.015338
v -0.579776 2.247676 -0.439215
v -0.387860 2.425073 -0.439215
v -0.387860 2.425073 -0.606079
v -0.579776 2.247676 -0.606079
v -0.588968 2.239431 -0.522647
v -0.385494 2.427063 -0.522647
v -0.471553 2.347022 -0.606079
v -0.471553 2.347022 -0.439215
v -0.301541 2.492003 -0.439215
v -0.393128 2.420665 -0.689511
v -0.689245 2.169470 -0.606079
v -0.558515 2.265122 -0.355783
v -0.301541 2.492003 -0.606079
v -0.558515 2.265122 -0.689511
v -0.689245 2.169470 -0.439215
v -0.393128 2.420665 -0.355783
v -0.473368 2.345227 -0.522647
v -0.297793 2.494906 -0.522647
v -0.469752 2.349029 -0.689511
v -0.704636 2.158283 -0.522647
v -0.469752 2.349029 -0.355783
v -0.309426 2.485893 -0.689511
v -0.656868 2.193003 -0.689511
v -0.309426 2.485893 -0.355783
v -0.656868 2.193003 -0.355783
v -0.531296 2.200222 -0.439215
v -0.339380 2.377620 -0.439215
v -0.339380 2.377620 -0.606079
v -0.531296 2.200222 -0.606079
v -0.540488 2.191978 -0.522647
v -0.337014 2.379610 -0.522647
v -0.423073 2.299569 -0.606079
v -0.423073 2.299569 -0.439215
v -0.253060 2.444549 -0.439215
v -0.344648 2.373212 -0.689511
v -0.640765 2.122016 -0.606079
v -0.510035 2.217669 -0.355783
v -0.253060 2.444549 -0.606079
v -0.510035 2.217669 -0.689511
v -0.640765 2.122016 -0.439215
v -0.344647 2.373212 -0.355783
v -0.424888 2.297774 -0.522647
v -0.249312 2.447453 -0.522647
v -0.421272 2.301576 -0.689511
v -0.656156 2.110831 -0.522647
v -0.421272 2.301576 -0.355783
v -0.260945 2.438440 -0.689511
v -0.608388 2.145550 -0.689511
v -0.260945 2.438440 -0.355783
v -0.608388 2.145550 -0.355783
v 0.744439 1.951267 -0.776107
v 0.560320 2.136743 -0.776107
v 0.560320 2.136743 -0.609244
v 0.744439 1.951267 -0.609244
v 0.753269 1.942635 -0.692675
v 0.558042 2.138834 -0.692675
v 0.640584 2.055170 -0.609244
v 0.640584 2.055170 -0.776107
v 0.476955 2.207319 -0.776107
v 0.565394 2.132113 -0.525812
v 0.850449 1.868431 -0.609244
v 0.723947 1.969610 -0.859539
v 0.476955 2.207319 -0.609244
v 0.723947 1.969610 -0.525812
v 0.850449 1.868431 -0.776107
v 0.565394 2.132113 -0.859539
v 0.642320 2.053298 -0.692675
v 0.473336 2.210381 -0.692675
v 0.638871 2.057252 -0.525812
v 0.865345 1.856594 -0.692675
v 0.638871 2.057252 -0.859539
v 0.484571 2.200876 -0.525812
v 0.819112 1.893333 -0.525812
v 0.488120 2.203092 -0.859461
v 0.819112 1.893333 -0.859539
v 0.693896 1.906003 -0.776114
v 0.509777 2.091479 -0.776114
v 0.509777 2.091479 -0.609250
v 0.693896 1.906003 -0.609250
v 0.702726 1.897371 -0.692682
v 0.507499 2.093569 -0.692682
v 0.590041 2.009906 -0.609250
v 0.590041 2.009906 -0.776114
v 0.426413 2.162055 -0.776114
v 0.514852 2.086849 -0.525818
v 0.799906 1.823167 -0.609250
v 0.673404 1.924347 -0.859546
v 0.426413 2.162055 -0.609250
v 0.673404 1.924347 -0.525818
v 0.799906 1.823167 -0.776114
v 0.514851 2.086849 -0.859546
v 0.591776 2.008034 -0.692682
v 0.422792 2.165117 -0.692682
v 0.588328 2.011988 -0.525818
v 0.814801 1.811330 -0.692682
v 0.588328 2.011988 -0.859546
v 0.434028 2.155613 -0.525818
v 0.768569 1.848069 -0.525818
v 0.434028 2.155613 -0.859546
v 0.768569 1.848069 -0.859546
v 0.744384 1.951343 -0.435591
v 0.560265 2.136820 -0.435591
v 0.560265 2.136820 -0.268727
v 0.744384 1.951343 -0.268727
v 0.753214 1.942712 -0.352159
v 0.557986 2.138910 -0.352159
v 0.640529 2.055247 -0.268727
v 0.640529 2.055247 -0.435591
v 0.476900 2.207396 -0.435591
v 0.565338 2.132190 -0.185295
v 0.850393 1.868508 -0.268727
v 0.723891 1.969687 -0.519023
v 0.476900 2.207396 -0.268727
v 0.723891 1.969687 -0.185295
v 0.850393 1.868508 -0.435591
v 0.565338 2.132190 -0.519023
v 0.642263 2.053375 -0.352159
v 0.473280 2.210458 -0.352159
v 0.638815 2.057330 -0.185295
v 0.865289 1.856671 -0.352159
v 0.638816 2.057330 -0.519023
v 0.484515 2.200954 -0.185295
v 0.819057 1.893411 -0.185295
v 0.484515 2.200954 -0.519023
v 0.819057 1.893411 -0.519023
v 0.693911 1.906017 -0.435591
v 0.509791 2.091494 -0.435591
v 0.509791 2.091494 -0.268727
v 0.693911 1.906017 -0.268727
v 0.702741 1.897386 -0.352159
v 0.507513 2.093584 -0.352159
v 0.590055 2.009920 -0.268727
v 0.590055 2.009920 -0.435591
v 0.426427 2.162069 -0.435591
v 0.514865 2.086864 -0.185295
v 0.799919 1.823181 -0.268727
v 0.673418 1.924360 -0.519023
v 0.426427 2.162069 -0.268727
v 0.673418 1.924360 -0.185295
v 0.799919 1.823181 -0.435591
v 0.514865 2.086864 -0.519023
v 0.591790 2.008049 -0.352159
v 0.422807 2.165131 -0.352159
v 0.588342 2.012003 -0.185295
v 0.814816 1.811344 -0.352159
v 0.588342 2.012003 -0.519023
v 0.434042 2.155627 -0.185295
v 0.768582 1.848083 -0.185295
v 0.434042 2.155627 -0.519023
v 0.768582 1.848083 -0.519023
v 0.768582 1.848083 -0.177079
v 0.434042 2.155627 -0.177079
v 0.768582 1.848083 0.156649
v 0.434042 2.155627 0.156649
v 0.588342 2.012003 -0.177079
v 0.814816 1.811344 -0.010215
v 0.588342 2.012003 0.156649
v 0.422807 2.165131 -0.010215
v 0.591790 2.008049 -0.010215
v 0.514865 2.086864 -0.177079
v 0.799919 1.823181 -0.093647
v 0.673418 1.924360 0.156649
v 0.426427 2.162069 0.073217
v 0.673418 1.924360 -0.177079
v 0.799919 1.823181 0.073217
v 0.514865 2.086864 0.156649
v 0.426427 2.162069 -0.093647
v 0.590055 2.009920 -0.093647
v 0.590055 2.009920 0.073217
v 0.507513 2.093584 -0.010215
v 0.702741 1.897386 -0.010215
v 0.693911 1.906017 0.073217
v 0.509791 2.091494 0.073217
v 0.509791 2.091494 -0.093647
v 0.693911 1.906017 -0.093647
v 0.819057 1.893411 -0.177079
v 0.484515 2.200954 -0.177079
v 0.819057 1.893411 0.156649
v 0.484515 2.200954 0.156649
v 0.638816 2.057330 -0.177079
v 0.865289 1.856671 -0.010215
v 0.638815 2.057330 0.156649
v 0.473280 2.210458 -0.010215
v 0.642263 2.053375 -0.010215
v 0.565338 2.132190 -0.177079
v 0.850393 1.868508 -0.093647
v 0.723891 1.969687 0.156649
v 0.476900 2.207396 0.073217
v 0.723891 1.969687 -0.177079
v 0.850393 1.868508 0.073217
v 0.565338 2.132190 0.156649
v 0.476900 2.207396 -0.093647
v 0.640529 2.055247 -0.093647
v 0.640529 2.055247 0.073217
v 0.557986 2.138910 -0.010215
v 0.753214 1.942712 -0.010215
v 0.744384 1.951343 0.073217
v 0.560265 2.136820 0.073217
v 0.560265 2.136820 -0.093647
v 0.744384 1.951343 -0.093647
v 0.744384 1.951343 0.247661
v 0.560265 2.136820 0.247661
v 0.560265 2.136820 0.414525
v 0.744384 1.951343 0.414525
v 0.753214 1.942712 0.331093
v 0.557986 2.138910 0.331093
v 0.640529 2.055247 0.414525
v 0.640529 2.055247 0.247661
v 0.476900 2.207396 0.247661
v 0.565338 2.132190 0.497957
v 0.850393 1.868508 0.414525
v 0.723891 1.969687 0.164229
v 0.476900 2.207396 0.414525
v 0.723891 1.969687 0.497957
v 0.850393 1.868508 0.247661
v 0.565338 2.132190 0.164229
v 0.642263 2.053375 0.331093
v 0.473280 2.210458 0.331093
v 0.638815 2.057330 0.497957
v 0.865289 1.856671 0.331093
v 0.638816 2.057330 0.164229
v 0.484515 2.200954 0.497957
v 0.819057 1.893411 0.497957
v 0.484515 2.200954 0.164229
v 0.819057 1.893411 0.164229
v 0.693911 1.906017 0.247661
v 0.509791 2.091494 0.247661
v 0.509791 2.091494 0.414525
v 0.693911 1.906017 0.414525
v 0.702741 1.897386 0.331093
v 0.507513 2.093584 0.331093
v 0.590054 2.009920 0.414525
v 0.590055 2.009920 0.247661
v 0.426427 2.162069 0.247661
v 0.514865 2.086864 0.497957
v 0.799919 1.823181 0.414525
v 0.673418 1.924360 0.164229
v 0.426427 2.162069 0.414525
v 0.673418 1.924360 0.497957
v 0.799919 1.823181 0.247661
v 0.514865 2.086864 0.164229
v 0.591790 2.008049 0.331093
v 0.422807 2.165131 0.331093
v 0.588342 2.012003 0.497957
v 0.814816 1.811344 0.331093
v 0.588342 2.012003 0.164229
v 0.434042 2.155627 0.497957
v 0.768582 1.848083 0.497957
v 0.434042 2.155627 0.164229
v 0.768582 1.848083 0.164229
v 0.768582 1.848083 0.504613
v 0.434042 2.155627 0.504613
v 0.768582 1.848083 0.838341
v 0.434042 2.155627 0.838341
v 0.588342 2.012003 0.504613
v 0.814815 1.811344 0.671477
v 0.588342 2.012003 0.838341
v 0.422807 2.165131 0.671477
v 0.591790 2.008049 0.671477
v 0.514865 2.086864 0.504613
v 0.799919 1.823181 0.588045
v 0.673418 1.924360 0.838341
v 0.426427 2.162069 0.754909
v 0.673418 1.924360 0.504613
v 0.799919 1.823181 0.754909
v 0.514865 2.086864 0.838341
v 0.426427 2.162069 0.588045
v 0.590054 2.009920 0.588045
v 0.590054 2.009920 0.754909
v 0.507513 2.093584 0.671477
v 0.702741 1.897386 0.671477
v 0.693911 1.906017 0.754909
v 0.509791 2.091494 0.754909
v 0.509791 2.091494 0.588045
v 0.693911 1.906017 0.588045
v 0.819056 1.893411 0.504613
v 0.484515 2.200954 0.504613
v 0.819056 1.893411 0.838341
v 0.484515 2.200954 0.838341
v 0.638816 2.057330 0.504613
v 0.865289 1.856671 0.671477
v 0.638815 2.057330 0.838341
v 0.473280 2.210458 0.671477
v 0.642263 2.053375 0.671477
v 0.565338 2.132190 0.504613
v 0.850393 1.868508 0.588045
v 0.723891 1.969687 0.838341
v 0.476900 2.207396 0.754909
v 0.723891 1.969687 0.504613
v 0.850393 1.868508 0.754909
v 0.565338 2.132190 0.838341
v 0.476900 2.207396 0.588045
v 0.640529 2.055247 0.588045
v 0.640529 2.055247 0.754909
v 0.557986 2.138910 0.671477
v 0.753214 1.942712 0.671477
v 0.744384 1.951343 0.754909
v 0.560265 2.136820 0.754909
v 0.560265 2.136820 0.588045
v 0.744384 1.951343 0.588045
v 0.989806 1.596768 0.665661
v 0.642363 1.889659 0.665661
v 0.989806 1.596768 0.999389
v 0.642363 1.889659 0.999389
v 0.802690 1.752795 0.665661
v 1.037574 1.562049 0.832525
v 0.802690 1.752795 0.999389
v 0.630731 1.898672 0.832525
v 0.806306 1.748993 0.832525
v 0.726066 1.824431 0.665661
v 1.022183 1.573235 0.749093
v 0.891453 1.668887 0.999389
v 0.634478 1.895768 0.915957
v 0.891453 1.668887 0.665661
v 1.022183 1.573235 0.915957
v 0.726066 1.824431 0.999389
v 0.634479 1.895768 0.749093
v 0.804491 1.750788 0.749093
v 0.804491 1.750788 0.915957
v 0.718432 1.830829 0.832525
v 0.921906 1.643197 0.832525
v 0.912714 1.651441 0.915957
v 0.720798 1.828838 0.915957
v 0.720798 1.828838 0.749093
v 0.912714 1.651441 0.749093
v 1.038286 1.644221 0.665661
v 0.690844 1.937112 0.665661
v 1.038286 1.644221 0.999389
v 0.690844 1.937112 0.999389
v 0.851170 1.800248 0.665661
v 1.086054 1.609502 0.832525
v 0.851170 1.800248 0.999389
v 0.679211 1.946124 0.832525
v 0.854786 1.796445 0.832525
v 0.774546 1.871883 0.665661
v 1.070663 1.620688 0.749093
v 0.939933 1.716340 0.999389
v 0.682959 1.943221 0.915957
v 0.939933 1.716340 0.665661
v 1.070663 1.620688 0.915957
v 0.774546 1.871883 0.999389
v 0.682959 1.943221 0.749093
v 0.852971 1.798240 0.749093
v 0.852971 1.798240 0.915957
v 0.766912 1.878281 0.832525
v 0.970386 1.690649 0.832525
v 0.961194 1.698894 0.915957
v 0.769278 1.876291 0.915957
v 0.769278 1.876291 0.749093
v 0.961194 1.698894 0.749093
v 0.961253 1.698820 -0.964145
v 0.769337 1.876216 -0.964145
v 0.769337 1.876216 -0.797281
v 0.961253 1.698820 -0.797281
v 0.970446 1.690575 -0.880713
v 0.766971 1.878207 -0.880713
v 0.853030 1.798166 -0.797281
v 0.853030 1.798166 -0.964145
v 0.683018 1.943146 -0.964145
v 0.774605 1.871809 -0.713849
v 1.070723 1.620614 -0.797281
v 0.939992 1.716265 -1.047576
v 0.683018 1.943146 -0.797281
v 0.939992 1.716265 -0.713849
v 1.070723 1.620614 -0.964145
v 0.774605 1.871809 -1.047576
v 0.854845 1.796370 -0.880713
v 0.679270 1.946050 -0.880713
v 0.851230 1.800173 -0.713849
v 1.086113 1.609427 -0.880713
v 0.851230 1.800173 -1.047576
v 0.690903 1.937037 -0.713849
v 1.038344 1.644147 -0.713849
v 0.694353 1.939402 -1.047498
v 1.038345 1.644147 -1.047576
v 0.912702 1.651426 -0.964151
v 0.720785 1.828824 -0.964151
v 0.720785 1.828824 -0.797287
v 0.912702 1.651426 -0.797287
v 0.921894 1.643182 -0.880719
v 0.718419 1.830813 -0.880719
v 0.804479 1.750773 -0.797287
v 0.804479 1.750773 -0.964151
v 0.634466 1.895753 -0.964151
v 0.726053 1.824416 -0.713856
v 1.022170 1.573220 -0.797287
v 0.891440 1.668873 -1.047583
v 0.634466 1.895753 -0.797287
v 0.891439 1.668873 -0.713856
v 1.022170 1.573220 -0.964151
v 0.726053 1.824416 -1.047583
v 0.806293 1.748978 -0.880719
v 0.630718 1.898657 -0.880719
v 0.802678 1.752780 -0.713856
v 1.037560 1.562034 -0.880719
v 0.802678 1.752780 -1.047583
v 0.642351 1.889644 -0.713856
v 0.989793 1.596754 -0.713856
v 0.642351 1.889644 -1.047583
v 0.989793 1.596754 -1.047583
v 0.961194 1.698894 -0.621500
v 0.769279 1.876291 -0.621500
v 0.769279 1.876291 -0.454636
v 0.961194 1.698894 -0.454636
v 0.970387 1.690649 -0.538068
v 0.766913 1.878281 -0.538068
v 0.852971 1.798240 -0.454636
v 0.852971 1.798240 -0.621500
v 0.682960 1.943221 -0.621500
v 0.774546 1.871883 -0.371204
v 1.070663 1.620688 -0.454636
v 0.939933 1.716340 -0.704931
v 0.682960 1.943221 -0.454636
v 0.939933 1.716340 -0.371204
v 1.070663 1.620688 -0.621499
v 0.774546 1.871883 -0.704932
v 0.854786 1.796445 -0.538068
v 0.679212 1.946125 -0.538068
v 0.851171 1.800248 -0.371204
v 1.086054 1.609502 -0.538068
v 0.851172 1.800248 -0.704932
v 0.690845 1.937112 -0.371204
v 1.038286 1.644221 -0.371204
v 0.690845 1.937112 -0.704932
v 1.038286 1.644221 -0.704931
v 0.912714 1.651441 -0.621500
v 0.720799 1.828838 -0.621500
v 0.720799 1.828838 -0.454636
v 0.912714 1.651441 -0.454636
v 0.921907 1.643197 -0.538068
v 0.718432 1.830829 -0.538068
v 0.804492 1.750788 -0.454636
v 0.804492 1.750788 -0.621500
v 0.634480 1.895768 -0.621500
v 0.726067 1.824431 -0.371204
v 1.022183 1.573235 -0.454636
v 0.891453 1.668887 -0.704931
v 0.634480 1.895768 -0.454636
v 0.891453 1.668887 -0.371204
v 1.022183 1.573235 -0.621499
v 0.726066 1.824431 -0.704932
v 0.806306 1.748993 -0.538068
v 0.630731 1.898672 -0.538068
v 0.802691 1.752795 -0.371204
v 1.037574 1.562049 -0.538068
v 0.802691 1.752795 -0.704932
v 0.642364 1.889659 -0.371204
v 0.989806 1.596768 -0.371204
v 0.642365 1.889659 -0.704932
v 0.989806 1.596768 -0.704931
v 0.961194 1.698894 -0.280170
v 0.769279 1.876291 -0.280170
v 0.769279 1.876291 -0.113306
v 0.961194 1.698894 -0.113306
v 0.970387 1.690649 -0.196738
v 0.766912 1.878281 -0.196738
v 0.852971 1.798240 -0.113306
v 0.852971 1.798240 -0.280170
v 0.682960 1.943221 -0.280170
v 0.774546 1.871883 -0.029874
v 1.070663 1.620688 -0.113306
v 0.939933 1.716340 -0.363602
v 0.682960 1.943221 -0.113306
v 0.939933 1.716340 -0.029874
v 1.070663 1.620688 -0.280170
v 0.774546 1.871883 -0.363601
v 0.854786 1.796445 -0.196738
v 0.679212 1.946125 -0.196738
v 0.851171 1.800248 -0.029874
v 1.086054 1.609502 -0.196738
v 0.851171 1.800248 -0.363602
v 0.690845 1.937112 -0.029874
v 1.038286 1.644221 -0.029874
v 0.690845 1.937112 -0.363602
v 1.038286 1.644221 -0.363602
v 0.912714 1.651441 -0.280170
v 0.720798 1.828838 -0.280170
v 0.720798 1.828838 -0.113306
v 0.912714 1.651441 -0.113306
v 0.921906 1.643197 -0.196738
v 0.718432 1.830829 -0.196738
v 0.804492 1.750788 -0.113306
v 0.804492 1.750788 -0.280170
v 0.634480 1.895768 -0.280170
v 0.726067 1.824431 -0.029874
v 1.022183 1.573235 -0.113306
v 0.891453 1.668887 -0.363602
v 0.634480 1.895768 -0.113306
v 0.891453 1.668887 -0.029874
v 1.022183 1.573235 -0.280170
v 0.726066 1.824431 -0.363601
v 0.806306 1.748993 -0.196738
v 0.630731 1.898672 -0.196738
v 0.802691 1.752795 -0.029874
v 1.037574 1.562049 -0.196738
v 0.802691 1.752795 -0.363602
v 0.642364 1.889659 -0.029874
v 0.989806 1.596768 -0.029874
v 0.642364 1.889659 -0.363602
v 0.989806 1.596768 -0.363602
v 0.961194 1.698894 0.061455
v 0.769279 1.876291 0.061455
v 0.769279 1.876291 0.228318
v 0.961194 1.698894 0.228318
v 0.970387 1.690649 0.144887
v 0.766912 1.878281 0.144887
v 0.852971 1.798240 0.228319
v 0.852971 1.798240 0.061455
v 0.682960 1.943221 0.061455
v 0.774546 1.871883 0.311750
v 1.070663 1.620688 0.228319
v 0.939933 1.716340 -0.021977
v 0.682960 1.943221 0.228318
v 0.939933 1.716340 0.311750
v 1.070663 1.620688 0.061455
v 0.774546 1.871883 -0.021977
v 0.854786 1.796445 0.144887
v 0.679212 1.946125 0.144887
v 0.851171 1.800248 0.311750
v 1.086054 1.609502 0.144887
v 0.851171 1.800248 -0.021977
v 0.690845 1.937112 0.311750
v 1.038286 1.644221 0.311750
v 0.690845 1.937112 -0.021977
v 1.038286 1.644221 -0.021977
v 0.912714 1.651441 0.061455
v 0.720798 1.828838 0.061455
v 0.720798 1.828838 0.228318
v 0.912714 1.651441 0.228318
v 0.921906 1.643197 0.144887
v 0.718432 1.830829 0.144887
v 0.804492 1.750788 0.228319
v 0.804492 1.750788 0.061455
v 0.634480 1.895768 0.061455
v 0.726067 1.824431 0.311750
v 1.022183 1.573235 0.228319
v 0.891453 1.668887 -0.021977
v 0.634480 1.895768 0.228318
v 0.891453 1.668887 0.311750
v 1.022183 1.573235 0.061455
v 0.726066 1.824431 -0.021977
v 0.806306 1.748993 0.144887
v 0.630731 1.898672 0.144887
v 0.802691 1.752795 0.311750
v 1.037574 1.562049 0.144887
v 0.802691 1.752795 -0.021977
v 0.642364 1.889659 0.311750
v 0.989806 1.596768 0.311750
v 0.642364 1.889659 -0.021977
v 0.989806 1.596768 -0.021977
v 0.961194 1.698894 0.401900
v 0.769279 1.876291 0.401900
v 0.769278 1.876291 0.568764
v 0.961194 1.698894 0.568764
v 0.970387 1.690649 0.485332
v 0.766912 1.878281 0.485332
v 0.852971 1.798240 0.568764
v 0.852971 1.798240 0.401900
v 0.682960 1.943221 0.401900
v 0.774546 1.871883 0.652196
v 1.070663 1.620688 0.568764
v 0.939933 1.716340 0.318468
v 0.682959 1.943221 0.568764
v 0.939933 1.716340 0.652196
v 1.070663 1.620688 0.401900
v 0.774546 1.871883 0.318468
v 0.854786 1.796445 0.485332
v 0.679211 1.946124 0.485332
v 0.851170 1.800248 0.652196
v 1.086054 1.609502 0.485332
v 0.851171 1.800248 0.318468
v 0.690844 1.937112 0.652196
v 1.038286 1.644221 0.652196
v 0.690845 1.937112 0.318468
v 1.038286 1.644221 0.318468
v 0.912714 1.651441 0.401900
v 0.720798 1.828838 0.401900
v 0.720798 1.828838 0.568764
v 0.912714 1.651441 0.568764
v 0.921906 1.643197 0.485332
v 0.718432 1.830829 0.485332
v 0.804491 1.750788 0.568764
v 0.804491 1.750788 0.401900
v 0.634479 1.895768 0.401900
v 0.726067 1.824431 0.652196
v 1.022183 1.573235 0.568764
v 0.891453 1.668887 0.318468
v 0.634479 1.895768 0.568764
v 0.891453 1.668887 0.652196
v 1.022183 1.573235 0.401900
v 0.726066 1.824431 0.318468
v 0.806306 1.748993 0.485332
v 0.630731 1.898672 0.485332
v 0.802690 1.752795 0.652196
v 1.037574 1.562049 0.485332
v 0.802691 1.752795 0.318468
v 0.642363 1.889659 0.652196
v 0.989806 1.596768 0.652196
v 0.642364 1.889659 0.318468
v 0.989806 1.596768 0.318468
v 0.322690 2.500048 -0.761404
v 0.138571 2.685524 -0.761404
v 0.138571 2.685524 -0.594541
v 0.322690 2.500048 -0.594541
v 0.331520 2.491416 -0.677972
v 0.136293 2.687615 -0.677972
v 0.218835 2.603951 -0.594541
v 0.218835 2.603951 -0.761404
v 0.143644 2.680894 -0.511109
v 0.428700 2.417213 -0.594541
v 0.302198 2.518391 -0.844836
v 0.302198 2.518391 -0.511109
v 0.428700 2.417213 -0.761404
v 0.143645 2.680894 -0.844836
v 0.220571 2.602080 -0.677972
v 0.217122 2.606034 -0.511109
v 0.443596 2.405376 -0.677972
v 0.217122 2.606034 -0.844836
v 0.397363 2.442115 -0.511109
v 0.397363 2.442115 -0.844836
v 0.272147 2.454784 -0.761411
v 0.088028 2.640261 -0.761411
v 0.088028 2.640261 -0.594547
v 0.272147 2.454784 -0.594547
v 0.280977 2.446152 -0.677979
v 0.085750 2.642351 -0.677979
v 0.168292 2.558688 -0.594547
v 0.168292 2.558688 -0.761411
v 0.093103 2.635630 -0.511115
v 0.378157 2.371948 -0.594547
v 0.251655 2.473128 -0.844843
v 0.251655 2.473128 -0.511115
v 0.378157 2.371948 -0.761411
v 0.093102 2.635630 -0.844843
v 0.170027 2.556816 -0.677979
v 0.166579 2.560770 -0.511115
v 0.393052 2.360111 -0.677979
v 0.166579 2.560769 -0.844843
v 0.346820 2.396851 -0.511115
v 0.346820 2.396851 -0.844843
v 0.322635 2.500125 -0.420888
v 0.138516 2.685602 -0.420888
v 0.138516 2.685602 -0.254024
v 0.322635 2.500125 -0.254024
v 0.331465 2.491493 -0.337456
v 0.136237 2.687692 -0.337456
v 0.218780 2.604028 -0.254024
v 0.218780 2.604028 -0.420888
v 0.143589 2.680971 -0.170592
v 0.428644 2.417289 -0.254024
v 0.302142 2.518468 -0.504320
v 0.302142 2.518468 -0.170593
v 0.428644 2.417289 -0.420888
v 0.143589 2.680971 -0.504320
v 0.220514 2.602157 -0.337456
v 0.217066 2.606111 -0.170592
v 0.443540 2.405452 -0.337456
v 0.217067 2.606111 -0.504320
v 0.397308 2.442192 -0.170593
v 0.397308 2.442192 -0.504320
v 0.272162 2.454798 -0.420888
v 0.088042 2.640275 -0.420888
v 0.088042 2.640275 -0.254024
v 0.272162 2.454798 -0.254024
v 0.280992 2.446167 -0.337456
v 0.085764 2.642365 -0.337456
v 0.168306 2.558701 -0.254024
v 0.168306 2.558701 -0.420888
v 0.093116 2.635645 -0.170592
v 0.378170 2.371962 -0.254024
v 0.251669 2.473141 -0.504320
v 0.251669 2.473141 -0.170593
v 0.378170 2.371962 -0.420888
v 0.093116 2.635645 -0.504320
v 0.170041 2.556830 -0.337456
v 0.166593 2.560784 -0.170592
v 0.393067 2.360125 -0.337456
v 0.166593 2.560784 -0.504320
v 0.346833 2.396865 -0.170593
v 0.346833 2.396865 -0.504320
v 0.346833 2.396865 -0.162376
v 0.346833 2.396865 0.171351
v 0.166593 2.560784 -0.162376
v 0.393067 2.360125 0.004488
v 0.166593 2.560784 0.171351
v 0.170041 2.556830 0.004488
v 0.093116 2.635645 -0.162376
v 0.378170 2.371962 -0.078944
v 0.251669 2.473141 0.171351
v 0.251669 2.473141 -0.162376
v 0.378170 2.371962 0.087920
v 0.093116 2.635645 0.171351
v 0.168306 2.558701 -0.078944
v 0.168306 2.558701 0.087920
v 0.085764 2.642365 0.004488
v 0.280992 2.446167 0.004488
v 0.272162 2.454798 0.087920
v 0.088042 2.640275 0.087920
v 0.088042 2.640275 -0.078944
v 0.272162 2.454798 -0.078944
v 0.397308 2.442192 -0.162376
v 0.397307 2.442192 0.171351
v 0.217067 2.606111 -0.162376
v 0.443540 2.405452 0.004488
v 0.217066 2.606111 0.171351
v 0.220514 2.602157 0.004488
v 0.143589 2.680971 -0.162376
v 0.428644 2.417289 -0.078944
v 0.302142 2.518468 0.171351
v 0.302142 2.518468 -0.162376
v 0.428644 2.417289 0.087920
v 0.143589 2.680971 0.171351
v 0.218780 2.604028 -0.078944
v 0.218780 2.604028 0.087920
v 0.136237 2.687692 0.004488
v 0.331465 2.491493 0.004488
v 0.322635 2.500125 0.087920
v 0.138516 2.685602 0.087920
v 0.138516 2.685602 -0.078944
v 0.322635 2.500125 -0.078944
v 0.322635 2.500125 0.262364
v 0.138515 2.685602 0.262364
v 0.138515 2.685602 0.429228
v 0.322635 2.500125 0.429228
v 0.331465 2.491493 0.345796
v 0.136237 2.687692 0.345796
v 0.218780 2.604028 0.429228
v 0.218780 2.604028 0.262364
v 0.143589 2.680971 0.512660
v 0.428644 2.417289 0.429228
v 0.302142 2.518468 0.178932
v 0.302142 2.518468 0.512660
v 0.428644 2.417289 0.262364
v 0.143589 2.680971 0.178932
v 0.220514 2.602157 0.345796
v 0.217066 2.606111 0.512660
v 0.443540 2.405452 0.345796
v 0.217067 2.606111 0.178932
v 0.397307 2.442192 0.512660
v 0.397307 2.442192 0.178932
v 0.272161 2.454798 0.262364
v 0.088042 2.640275 0.262364
v 0.088042 2.640275 0.429228
v 0.272161 2.454798 0.429228
v 0.280992 2.446167 0.345796
v 0.085764 2.642365 0.345796
v 0.168305 2.558701 0.429228
v 0.168305 2.558701 0.262364
v 0.093116 2.635645 0.512660
v 0.378170 2.371962 0.429228
v 0.251669 2.473141 0.178932
v 0.251669 2.473141 0.512660
v 0.378170 2.371962 0.262364
v 0.093116 2.635645 0.178932
v 0.170041 2.556830 0.345796
v 0.166593 2.560784 0.512660
v 0.393066 2.360125 0.345796
v 0.166593 2.560784 0.178932
v 0.346833 2.396865 0.512660
v 0.346833 2.396865 0.178932
v 0.346833 2.396865 0.519316
v 0.346833 2.396865 0.853044
v 0.166593 2.560784 0.519316
v 0.393066 2.360125 0.686180
v 0.166593 2.560784 0.853044
v 0.170041 2.556830 0.686180
v 0.093116 2.635645 0.519316
v 0.378170 2.371962 0.602748
v 0.251669 2.473141 0.853044
v 0.251669 2.473141 0.519316
v 0.378170 2.371962 0.769612
v 0.093116 2.635645 0.853044
v 0.168305 2.558701 0.602748
v 0.168305 2.558701 0.769612
v 0.085764 2.642365 0.686180
v 0.280992 2.446167 0.686180
v 0.272161 2.454798 0.769612
v 0.088042 2.640275 0.769612
v 0.088042 2.640275 0.602748
v 0.272161 2.454798 0.602748
v 0.397307 2.442192 0.519316
v 0.397307 2.442192 0.853044
v 0.217067 2.606111 0.519316
v 0.443540 2.405452 0.686180
v 0.217066 2.606111 0.853044
v 0.220514 2.602157 0.686180
v 0.143589 2.680971 0.519316
v 0.428644 2.417289 0.602748
v 0.302142 2.518468 0.853044
v 0.302142 2.518468 0.519316
v 0.428644 2.417289 0.769612
v 0.143589 2.680971 0.853044
v 0.218780 2.604028 0.602748
v 0.218780 2.604028 0.769612
v 0.136237 2.687692 0.686180
v 0.331465 2.491493 0.686180
v 0.322635 2.500125 0.769612
v 0.138515 2.685602 0.769612
v 0.138515 2.685602 0.602748
v 0.322635 2.500125 0.602748
v 0.568057 2.145550 0.680364
v 0.220614 2.438440 0.680364
v 0.568057 2.145550 1.014091
v 0.220614 2.438440 1.014091
v 0.380941 2.301576 0.680364
v 0.615825 2.110831 0.847228
v 0.380941 2.301576 1.014091
v 0.208982 2.447453 0.847228
v 0.384557 2.297774 0.847228
v 0.304317 2.373212 0.680364
v 0.600434 2.122016 0.763796
v 0.469704 2.217669 1.014091
v 0.212729 2.444549 0.930659
v 0.469704 2.217669 0.680364
v 0.600434 2.122016 0.930660
v 0.304317 2.373212 1.014091
v 0.212729 2.444549 0.763796
v 0.382742 2.299569 0.763796
v 0.382742 2.299569 0.930659
v 0.296683 2.379610 0.847228
v 0.500157 2.191978 0.847228
v 0.490965 2.200222 0.930660
v 0.299049 2.377620 0.930659
v 0.299049 2.377620 0.763796
v 0.490965 2.200222 0.763796
v 0.616537 2.193003 0.680364
v 0.269095 2.485893 0.680364
v 0.616537 2.193003 1.014091
v 0.269095 2.485893 1.014091
v 0.429421 2.349029 0.680364
v 0.664305 2.158283 0.847228
v 0.429421 2.349029 1.014091
v 0.257462 2.494906 0.847228
v 0.433037 2.345227 0.847228
v 0.352797 2.420665 0.680364
v 0.648914 2.169470 0.763796
v 0.518184 2.265122 1.014091
v 0.261210 2.492003 0.930659
v 0.518184 2.265122 0.680364
v 0.648914 2.169470 0.930660
v 0.352797 2.420665 1.014091
v 0.261210 2.492003 0.763796
v 0.431222 2.347022 0.763796
v 0.431222 2.347022 0.930660
v 0.345163 2.427063 0.847228
v 0.548637 2.239431 0.847228
v 0.539445 2.247676 0.930660
v 0.347529 2.425073 0.930659
v 0.347529 2.425073 0.763796
v 0.539445 2.247676 0.763796
v 0.539504 2.247601 -0.949442
v 0.347588 2.424998 -0.949442
v 0.347588 2.424998 -0.782578
v 0.539504 2.247601 -0.782578
v 0.548697 2.239356 -0.866010
v 0.345222 2.426988 -0.866010
v 0.431281 2.346947 -0.782578
v 0.431281 2.346947 -0.949442
v 0.261269 2.491928 -0.949442
v 0.352856 2.420590 -0.699146
v 0.648974 2.169396 -0.782578
v 0.518243 2.265046 -1.032874
v 0.261269 2.491928 -0.782578
v 0.518243 2.265046 -0.699146
v 0.648974 2.169396 -0.949442
v 0.352856 2.420590 -1.032874
v 0.433096 2.345152 -0.866010
v 0.257521 2.494832 -0.866010
v 0.429481 2.348954 -0.699146
v 0.664364 2.158209 -0.866010
v 0.429481 2.348954 -1.032874
v 0.269154 2.485819 -0.699146
v 0.616595 2.192929 -0.699146
v 0.272604 2.488184 -1.032796
v 0.616596 2.192929 -1.032874
v 0.490953 2.200208 -0.949448
v 0.299036 2.377605 -0.949448
v 0.299036 2.377605 -0.782585
v 0.490953 2.200208 -0.782584
v 0.500145 2.191964 -0.866016
v 0.296670 2.379595 -0.866016
v 0.382730 2.299555 -0.782584
v 0.382730 2.299555 -0.949448
v 0.212717 2.444535 -0.949448
v 0.304304 2.373197 -0.699153
v 0.600421 2.122001 -0.782584
v 0.469691 2.217654 -1.032880
v 0.212717 2.444535 -0.782585
v 0.469691 2.217654 -0.699153
v 0.600421 2.122001 -0.949448
v 0.304304 2.373197 -1.032880
v 0.384544 2.297759 -0.866016
v 0.208969 2.447438 -0.866016
v 0.380929 2.301561 -0.699153
v 0.615812 2.110816 -0.866016
v 0.380929 2.301561 -1.032880
v 0.220602 2.438425 -0.699153
v 0.568044 2.145535 -0.699153
v 0.220602 2.438425 -1.032880
v 0.568044 2.145535 -1.032880
v 0.539445 2.247676 -0.606797
v 0.347530 2.425073 -0.606797
v 0.347530 2.425073 -0.439933
v 0.539445 2.247676 -0.439933
v 0.548638 2.239431 -0.523365
v 0.345163 2.427063 -0.523365
v 0.431222 2.347022 -0.439933
v 0.431222 2.347022 -0.606797
v 0.261211 2.492003 -0.606797
v 0.352797 2.420665 -0.356501
v 0.648914 2.169470 -0.439933
v 0.518184 2.265122 -0.690229
v 0.261211 2.492003 -0.439933
v 0.518184 2.265122 -0.356501
v 0.648915 2.169470 -0.606797
v 0.352797 2.420665 -0.690229
v 0.433037 2.345227 -0.523365
v 0.257463 2.494906 -0.523365
v 0.429422 2.349029 -0.356501
v 0.664305 2.158283 -0.523365
v 0.429422 2.349029 -0.690229
v 0.269096 2.485893 -0.356501
v 0.616537 2.193003 -0.356501
v 0.269096 2.485893 -0.690229
v 0.616537 2.193003 -0.690229
v 0.490965 2.200222 -0.606797
v 0.299049 2.377620 -0.606797
v 0.299049 2.377620 -0.439933
v 0.490965 2.200222 -0.439933
v 0.500158 2.191978 -0.523365
v 0.296683 2.379610 -0.523365
v 0.382743 2.299569 -0.439933
v 0.382743 2.299569 -0.606797
v 0.212731 2.444549 -0.606797
v 0.304318 2.373212 -0.356501
v 0.600434 2.122016 -0.439933
v 0.469704 2.217669 -0.690229
v 0.212731 2.444549 -0.439933
v 0.469704 2.217669 -0.356501
v 0.600434 2.122016 -0.606797
v 0.304317 2.373212 -0.690229
v 0.384557 2.297774 -0.523365
v 0.208982 2.447453 -0.523365
v 0.380942 2.301576 -0.356501
v 0.615825 2.110831 -0.523365
v 0.380942 2.301576 -0.690229
v 0.220615 2.438440 -0.356501
v 0.568057 2.145550 -0.356501
v 0.220616 2.438440 -0.690229
v 0.568057 2.145550 -0.690229
v 0.539445 2.247676 -0.265467
v 0.347530 2.425073 -0.265467
v 0.347530 2.425073 -0.098603
v 0.539445 2.247676 -0.098603
v 0.548638 2.239431 -0.182035
v 0.345163 2.427063 -0.182035
v 0.431222 2.347022 -0.098603
v 0.431222 2.347022 -0.265467
v 0.261211 2.492003 -0.265467
v 0.352797 2.420665 -0.015171
v 0.648914 2.169470 -0.098603
v 0.518184 2.265122 -0.348899
v 0.261211 2.492003 -0.098603
v 0.518184 2.265122 -0.015171
v 0.648914 2.169470 -0.265467
v 0.352797 2.420665 -0.348899
v 0.433037 2.345227 -0.182035
v 0.257463 2.494906 -0.182035
v 0.429422 2.349029 -0.015171
v 0.664305 2.158283 -0.182035
v 0.429422 2.349029 -0.348899
v 0.269096 2.485893 -0.015171
v 0.616537 2.193003 -0.015171
v 0.269096 2.485893 -0.348899
v 0.616537 2.193003 -0.348899
v 0.490965 2.200222 -0.265467
v 0.299049 2.377620 -0.265467
v 0.299049 2.377620 -0.098603
v 0.490965 2.200222 -0.098603
v 0.500157 2.191978 -0.182035
v 0.296683 2.379610 -0.182035
v 0.382743 2.299569 -0.098603
v 0.382743 2.299569 -0.265467
v 0.212731 2.444549 -0.265467
v 0.304318 2.373212 -0.015171
v 0.600434 2.122016 -0.098603
v 0.469704 2.217669 -0.348899
v 0.212731 2.444549 -0.098603
v 0.469704 2.217669 -0.015171
v 0.600434 2.122016 -0.265467
v 0.304317 2.373212 -0.348899
v 0.384557 2.297774 -0.182035
v 0.208982 2.447453 -0.182035
v 0.380942 2.301576 -0.015171
v 0.615825 2.110831 -0.182035
v 0.380942 2.301576 -0.348899
v 0.220615 2.438440 -0.015171
v 0.568057 2.145550 -0.015171
v 0.220615 2.438440 -0.348899
v 0.568057 2.145550 -0.348899
v 0.539445 2.247676 0.076158
v 0.347529 2.425073 0.076158
v 0.347529 2.425073 0.243021
v 0.539445 2.247676 0.243021
v 0.548638 2.239431 0.159590
v 0.345163 2.427063 0.159590
v 0.431222 2.347022 0.243021
v 0.431222 2.347022 0.076158
v 0.261211 2.492003 0.076158
v 0.352797 2.420665 0.326453
v 0.648914 2.169470 0.243021
v 0.518184 2.265122 -0.007274
v 0.261210 2.492003 0.243021
v 0.518184 2.265122 0.326453
v 0.648914 2.169470 0.076158
v 0.352797 2.420665 -0.007274
v 0.433037 2.345227 0.159589
v 0.257463 2.494906 0.159590
v 0.429421 2.349029 0.326453
v 0.664305 2.158283 0.159590
v 0.429422 2.349029 -0.007274
v 0.269095 2.485893 0.326453
v 0.616537 2.193003 0.326453
v 0.269096 2.485893 -0.007274
v 0.616537 2.193003 -0.007274
v 0.490965 2.200222 0.076158
v 0.299049 2.377620 0.076158
v 0.299049 2.377620 0.243021
v 0.490965 2.200222 0.243021
v 0.500157 2.191978 0.159590
v 0.296683 2.379610 0.159590
v 0.382743 2.299569 0.243021
v 0.382743 2.299569 0.076158
v 0.212731 2.444549 0.076158
v 0.304318 2.373212 0.326453
v 0.600434 2.122016 0.243021
v 0.469704 2.217669 -0.007274
v 0.212730 2.444549 0.243021
v 0.469704 2.217669 0.326453
v 0.600434 2.122016 0.076158
v 0.304317 2.373212 -0.007274
v 0.384557 2.297774 0.159589
v 0.208982 2.447453 0.159589
v 0.380941 2.301576 0.326453
v 0.615825 2.110831 0.159590
v 0.380942 2.301576 -0.007274
v 0.220614 2.438440 0.326453
v 0.568057 2.145550 0.326453
v 0.220615 2.438440 -0.007274
v 0.568057 2.145550 -0.007274
v 0.539445 2.247676 0.416603
v 0.347529 2.425073 0.416603
v 0.347529 2.425073 0.583467
v 0.539445 2.247676 0.583467
v 0.548637 2.239431 0.500035
v 0.345163 2.427063 0.500035
v 0.431222 2.347022 0.583467
v 0.431222 2.347022 0.416603
v 0.261210 2.492003 0.416603
v 0.352797 2.420665 0.666899
v 0.648914 2.169470 0.583467
v 0.518184 2.265122 0.333171
v 0.261210 2.492003 0.583467
v 0.518184 2.265122 0.666899
v 0.648914 2.169470 0.416603
v 0.352797 2.420665 0.333171
v 0.433037 2.345227 0.500035
v 0.257462 2.494906 0.500035
v 0.429421 2.349029 0.666899
v 0.664305 2.158283 0.500035
v 0.429421 2.349029 0.333171
v 0.269095 2.485893 0.666899
v 0.616537 2.193003 0.666899
v 0.269095 2.485893 0.333171
v 0.616537 2.193003 0.333171
v 0.490965 2.200222 0.416603
v 0.299049 2.377620 0.416603
v 0.299049 2.377620 0.583467
v 0.490965 2.200222 0.583467
v 0.500157 2.191978 0.500035
v 0.296683 2.379610 0.500035
v 0.382742 2.299569 0.583467
v 0.382742 2.299569 0.416603
v 0.212729 2.444549 0.416603
v 0.304317 2.373212 0.666899
v 0.600434 2.122016 0.583467
v 0.469704 2.217669 0.333171
v 0.212729 2.444549 0.583467
v 0.469704 2.217669 0.666899
v 0.600434 2.122016 0.416603
v 0.304317 2.373212 0.333171
v 0.384557 2.297774 0.500035
v 0.208982 2.447453 0.500035
v 0.380941 2.301576 0.666899
v 0.615825 2.110831 0.500035
v 0.380941 2.301576 0.333171
v 0.220614 2.438440 0.666899
v 0.568057 2.145550 0.666899
v 0.220614 2.438440 0.333171
v 0.568057 2.145550 0.333171
v -0.862397 1.683567 0.903332
v -0.156691 2.476994 0.903333
v -0.862397 1.683567 -0.910736
v -0.156691 2.476994 -0.910736
v 0.822626 1.683567 -0.936265
v 0.116920 2.476994 -0.936266
v 0.822626 1.683567 0.877804
v 0.116920 2.476994 0.877803
vn -0.0000 -1.0000 -0.0000
vn -0.0000 -0.9970 0.0778
vn -0.0000 1.0000 -0.0000
vn -0.0000 0.9985 -0.0553
vn 0.9981 -0.0615 -0.0000
vn 0.9980 -0.0614 -0.0138
vn -0.9981 -0.0615 -0.0000
vn -0.9980 -0.0615 0.0138
vn -0.7446 -0.6675 -0.0000
vn -0.7530 -0.6581 -0.0000
vn -0.0222 -0.0104 -0.9997
vn 0.0045 -0.0062 -1.0000
vn -0.0252 -0.0108 -0.9996
vn 0.7663 0.6425 -0.0000
vn 0.7609 0.6489 -0.0000
vn 0.7662 0.6426 -0.0000
vn 0.0240 0.0113 0.9996
vn 0.0045 -0.0062 1.0000
vn 0.0220 0.0096 0.9997
vn -0.7432 -0.6690 -0.0000
vn -0.0000 -0.0000 -1.0000
vn 0.7448 0.6673 -0.0000
vn -0.0000 -0.0000 1.0000
vn 0.7448 -0.6673 -0.0000
vn -0.7444 0.6678 -0.0000
vn 0.7471 -0.6648 -0.0000
vn 0.7616 -0.6480 -0.0000
vn 0.0036 0.0049 1.0000
vn 0.0191 0.0261 0.9995
vn 0.0015 0.0020 1.0000
vn -0.7426 0.6698 -0.0000
vn -0.7276 0.6861 -0.0000
vn 0.0015 0.0020 -1.0000
vn 0.0191 0.0261 -0.9995
vn 0.0036 0.0049 -1.0000
vn 0.0001 -0.0001 -1.0000
vn -0.6671 -0.7449 -0.0000
vn -0.6300 -0.7034 0.3290
vn -0.6317 -0.7053 0.3217
vn -0.6300 -0.7035 -0.3290
vn -0.6317 -0.7054 -0.3217
vn -0.0001 0.0001 1.0000
vn -0.0001 0.0004 1.0000
vn 0.6583 0.7428 0.1216
vn 0.6626 0.7437 0.0887
vn 0.6625 0.7437 0.0897
vn 0.6646 0.7421 -0.0867
vn 0.6625 0.7398 -0.1176
vn 0.6646 0.7421 -0.0872
vn -0.3303 -0.3690 -0.8688
vn -0.3842 -0.4291 -0.8175
vn -0.3304 -0.3688 0.8688
vn -0.3843 -0.4290 0.8175
vn 0.6671 0.7449 -0.0000
vn -0.0002 0.0008 1.0000
vn -0.6564 0.7544 -0.0000
vn -0.6123 0.7907 -0.0000
vn -0.6153 0.7882 -0.0102
vn -0.6616 0.7498 -0.0036
vn -0.7096 0.7046 -0.0000
vn -0.7111 0.7031 0.0010
vn -0.6766 0.7363 0.0011
vn -0.7126 0.7016 0.0024
vn -0.6790 0.7341 -0.0000
vn -0.6834 0.7300 -0.0075
vn -0.6457 0.7636 -0.0000
vn -0.6529 0.7573 -0.0111
vn -0.6889 0.7247 -0.0136
vn -0.6609 0.7500 -0.0245
vn -0.6826 0.7308 0.0013
vn -0.7126 0.7016 -0.0024
vn -0.7111 0.7031 -0.0010
vn -0.6799 0.7333 0.0007
vn -0.6471 0.7624 -0.0014
vn -0.6463 0.7630 -0.0011
vn -0.6766 0.7363 -0.0011
vn -0.6203 0.7843 0.0106
vn -0.6153 0.7882 0.0102
vn -0.6616 0.7498 0.0036
vn -0.6203 0.7843 -0.0106
vn 0.6564 -0.7544 -0.0000
vn 0.6616 -0.7498 0.0036
vn 0.6153 -0.7882 0.0102
vn 0.6123 -0.7907 -0.0000
vn 0.7096 -0.7046 -0.0000
vn 0.7111 -0.7031 -0.0010
vn 0.7126 -0.7016 -0.0024
vn 0.6766 -0.7363 -0.0011
vn 0.6790 -0.7341 -0.0000
vn 0.6799 -0.7333 0.0007
vn 0.6457 -0.7636 -0.0000
vn 0.6463 -0.7630 -0.0011
vn 0.6471 -0.7624 -0.0014
vn 0.6826 -0.7308 0.0013
vn 0.6826 -0.7308 -0.0013
vn 0.6799 -0.7333 -0.0007
vn 0.7111 -0.7031 0.0010
vn 0.7126 -0.7016 0.0024
vn 0.6471 -0.7624 0.0014
vn 0.6463 -0.7631 0.0011
vn 0.6766 -0.7363 0.0011
vn 0.6616 -0.7498 -0.0036
vn 0.6153 -0.7882 -0.0102
vn 0.6203 -0.7843 -0.0106
vn 0.6203 -0.7843 0.0106
vn -0.6682 -0.7440 -0.0000
vn -0.6309 -0.7026 0.3291
vn -0.6326 -0.7045 0.3218
vn -0.6309 -0.7026 -0.3291
vn -0.6326 -0.7045 -0.3218
vn 0.6635 0.7389 0.1176
vn 0.6656 0.7412 0.0867
vn 0.6656 0.7412 0.0872
vn 0.6656 0.7412 -0.0867
vn 0.6635 0.7389 -0.1176
vn 0.6656 0.7412 -0.0872
vn -0.3310 -0.3686 -0.8686
vn -0.3846 -0.4283 -0.8177
vn -0.3311 -0.3686 0.8686
vn -0.3846 -0.4283 0.8177
vn 0.6682 0.7440 -0.0000
vn -0.6799 0.7333 -0.0007
vn -0.6463 0.7630 0.0011
vn -0.6826 0.7308 -0.0013
vn -0.6471 0.7624 0.0014
vn 0.6791 -0.7341 -0.0000
vn 0.6463 -0.7630 0.0011
vn -0.3310 -0.3686 0.8686
vn 0.0418 0.0274 0.9987
vn 0.7715 0.6362 -0.0000
vn -0.0526 -0.0151 -0.9985
vn -0.7361 -0.6768 -0.0000
vn -0.0026 -0.0040 -1.0000
vn -0.0039 -0.0057 -1.0000
vn -0.7478 0.6640 -0.0000
vn -0.0039 -0.0057 1.0000
vn -0.0026 -0.0040 1.0000
vn 0.7572 -0.6532 -0.0000
vn 0.0075 0.0094 0.9999
vn -0.7381 0.6747 -0.0000
vn 0.0075 0.0094 -0.9999
vn -0.9980 -0.0614 -0.0138
vn 0.9980 -0.0615 0.0138
vn -0.0000 0.9985 0.0553
vn -0.0000 -0.9970 -0.0778
vn -0.0000 -0.1041 0.9946
vn -0.0000 -0.0961 -0.9954
vn 0.6288 -0.7775 0.0036
vn 0.6444 -0.7647 -0.0011
vn 0.5860 -0.8102 0.0106
vn 0.5809 -0.8139 0.0102
vn 0.6477 -0.7619 0.0007
vn 0.6505 -0.7595 0.0013
vn 0.6818 -0.7315 -0.0024
vn 0.6803 -0.7329 -0.0010
vn 0.6477 -0.7619 -0.0007
vn 0.6469 -0.7626 -0.0000
vn 0.6787 -0.7344 -0.0000
vn 0.6803 -0.7329 0.0010
vn 0.6288 -0.7775 -0.0036
vn 0.6234 -0.7819 -0.0000
vn 0.5777 -0.8162 -0.0000
vn 0.5809 -0.8139 -0.0102
vn 0.6818 -0.7315 0.0024
vn 0.6444 -0.7647 0.0011
vn 0.5860 -0.8102 -0.0106
vn 0.6130 -0.7901 0.0011
vn 0.6123 -0.7906 -0.0000
vn 0.6137 -0.7895 0.0014
vn 0.6505 -0.7595 -0.0013
vn 0.6130 -0.7901 -0.0011
vn 0.6137 -0.7895 -0.0014
vn -0.6288 0.7775 -0.0036
vn -0.5809 0.8139 -0.0102
vn -0.5860 0.8102 -0.0106
vn -0.6444 0.7647 0.0011
vn -0.6477 0.7619 -0.0007
vn -0.6803 0.7329 0.0010
vn -0.6818 0.7315 0.0024
vn -0.6505 0.7595 -0.0013
vn -0.6477 0.7619 0.0007
vn -0.6803 0.7329 -0.0010
vn -0.6787 0.7344 -0.0000
vn -0.6469 0.7626 -0.0000
vn -0.6288 0.7775 0.0036
vn -0.5809 0.8139 0.0102
vn -0.5777 0.8162 -0.0000
vn -0.6234 0.7819 -0.0000
vn -0.6818 0.7315 -0.0024
vn -0.6444 0.7647 -0.0011
vn -0.5860 0.8102 0.0106
vn -0.6130 0.7901 -0.0010
vn -0.6123 0.7906 -0.0000
vn -0.6137 0.7895 -0.0014
vn -0.6505 0.7595 0.0013
vn -0.6130 0.7901 0.0010
vn -0.6137 0.7895 0.0014
vn 0.6969 0.7119 0.0867
vn 0.6995 0.7146 -0.0000
vn 0.6968 0.7119 0.0872
vn 0.6969 0.7119 -0.0867
vn 0.6968 0.7119 -0.0872
vn -0.6605 -0.6748 0.3291
vn -0.3466 -0.3541 0.8686
vn -0.4026 -0.4113 0.8177
vn -0.6623 -0.6766 0.3218
vn -0.3466 -0.3541 -0.8686
vn -0.4026 -0.4113 -0.8177
vn -0.6605 -0.6748 -0.3291
vn -0.6623 -0.6766 -0.3218
vn 0.6946 0.7097 -0.1176
vn 0.6946 0.7097 0.1176
vn -0.6995 -0.7146 -0.0000
vn -0.6985 -0.7156 -0.0000
vn -0.6596 -0.6757 0.3290
vn -0.6614 -0.6775 0.3217
vn -0.6596 -0.6758 -0.3290
vn -0.6614 -0.6776 -0.3217
vn 0.6896 0.7139 0.1216
vn 0.6939 0.7146 0.0887
vn 0.6938 0.7146 0.0897
vn 0.6959 0.7129 -0.0867
vn 0.6937 0.7106 -0.1176
vn 0.6959 0.7129 -0.0872
vn -0.3459 -0.3544 -0.8688
vn -0.4023 -0.4122 -0.8175
vn -0.3459 -0.3543 0.8688
vn -0.4024 -0.4121 0.8175
vn 0.6985 0.7156 -0.0000
vn -0.6803 0.7330 0.0010
vn -0.6514 0.7587 -0.0075
vn -0.6198 0.7847 -0.0111
vn -0.6572 0.7536 -0.0136
vn -0.6281 0.7777 -0.0245
vn -0.6803 0.7330 -0.0010
vn -0.6130 0.7901 -0.0011
vn 0.6803 -0.7330 -0.0010
vn 0.6803 -0.7330 0.0010
vn 0.5861 -0.8102 -0.0106
vn 0.5861 -0.8102 0.0106
vn -0.6130 0.7901 0.0011
vn 0.7329 -0.6803 -0.0000
vn 0.6822 -0.7312 -0.0000
vn -0.7201 -0.6939 -0.0000
vn -0.6588 -0.7523 -0.0000
vn -0.6316 -0.7054 -0.3217
vn -0.0001 0.0005 1.0000
vn -0.6791 0.7341 -0.0000
vn -0.6326 -0.7044 0.3218
vn -0.6326 -0.7044 -0.3218
vn -0.3311 -0.3686 -0.8686
vn -0.0001 -0.0001 1.0000
vn 0.6671 -0.7449 -0.0000
vn 0.6300 -0.7034 -0.3290
vn 0.6317 -0.7053 -0.3217
vn 0.6300 -0.7035 0.3290
vn 0.6317 -0.7054 0.3217
vn 0.0001 0.0001 -1.0000
vn 0.0001 0.0004 -1.0000
vn -0.6583 0.7428 -0.1216
vn -0.6626 0.7437 -0.0887
vn -0.6625 0.7437 -0.0897
vn -0.6646 0.7421 0.0867
vn -0.6625 0.7398 0.1176
vn -0.6646 0.7421 0.0872
vn 0.3303 -0.3690 0.8688
vn 0.3842 -0.4291 0.8175
vn 0.3304 -0.3688 -0.8688
vn 0.3843 -0.4290 -0.8175
vn -0.6671 0.7449 -0.0000
vn 0.0002 0.0008 -1.0000
vn 0.6564 0.7544 -0.0000
vn 0.6123 0.7907 -0.0000
vn 0.6153 0.7882 0.0102
vn 0.6616 0.7498 0.0036
vn 0.7096 0.7046 -0.0000
vn 0.7111 0.7031 -0.0010
vn 0.6766 0.7363 -0.0011
vn 0.7126 0.7016 -0.0024
vn 0.6790 0.7341 -0.0000
vn 0.6834 0.7300 0.0075
vn 0.6457 0.7636 -0.0000
vn 0.6529 0.7573 0.0111
vn 0.6889 0.7247 0.0136
vn 0.6609 0.7500 0.0245
vn 0.6826 0.7308 -0.0013
vn 0.7126 0.7016 0.0024
vn 0.7111 0.7031 0.0010
vn 0.6799 0.7333 -0.0007
vn 0.6471 0.7624 0.0014
vn 0.6463 0.7630 0.0011
vn 0.6766 0.7363 0.0011
vn 0.6203 0.7843 -0.0106
vn 0.6153 0.7882 -0.0102
vn 0.6616 0.7498 -0.0036
vn 0.6203 0.7843 0.0106
vn -0.6564 -0.7544 -0.0000
vn -0.6616 -0.7498 -0.0036
vn -0.6153 -0.7882 -0.0102
vn -0.6123 -0.7907 -0.0000
vn -0.7096 -0.7046 -0.0000
vn -0.7111 -0.7031 0.0010
vn -0.7126 -0.7016 0.0024
vn -0.6766 -0.7363 0.0011
vn -0.6790 -0.7341 -0.0000
vn -0.6799 -0.7333 -0.0007
vn -0.6457 -0.7636 -0.0000
vn -0.6463 -0.7630 0.0011
vn -0.6471 -0.7624 0.0014
vn -0.6826 -0.7308 -0.0013
vn -0.6826 -0.7308 0.0013
vn -0.6799 -0.7333 0.0007
vn -0.7111 -0.7031 -0.0010
vn -0.7126 -0.7016 -0.0024
vn -0.6471 -0.7624 -0.0014
vn -0.6463 -0.7631 -0.0011
vn -0.6766 -0.7363 -0.0011
vn -0.6616 -0.7498 0.0036
vn -0.6153 -0.7882 0.0102
vn -0.6203 -0.7843 0.0106
vn -0.6203 -0.7843 -0.0106
vn 0.6682 -0.7440 -0.0000
vn 0.6309 -0.7026 -0.3291
vn 0.6326 -0.7045 -0.3218
vn 0.6309 -0.7026 0.3291
vn 0.6326 -0.7045 0.3218
vn -0.6635 0.7389 -0.1176
vn -0.6656 0.7412 -0.0867
vn -0.6656 0.7412 -0.0872
vn -0.6656 0.7412 0.0867
vn -0.6635 0.7389 0.1176
vn -0.6656 0.7412 0.0872
vn 0.3310 -0.3686 0.8686
vn 0.3846 -0.4283 0.8177
vn 0.3311 -0.3686 -0.8686
vn 0.3846 -0.4283 -0.8177
vn -0.6682 0.7440 -0.0000
vn 0.6799 0.7333 0.0007
vn 0.6463 0.7630 -0.0011
vn 0.6826 0.7308 0.0013
vn 0.6471 0.7624 -0.0014
vn -0.6791 -0.7341 -0.0000
vn -0.6463 -0.7630 -0.0011
vn 0.3310 -0.3686 -0.8686
vn -0.6463 -0.7631 0.0011
vn -0.6288 -0.7775 -0.0036
vn -0.6444 -0.7647 0.0011
vn -0.5860 -0.8102 -0.0106
vn -0.5809 -0.8139 -0.0102
vn -0.6477 -0.7619 -0.0007
vn -0.6505 -0.7595 -0.0013
vn -0.6818 -0.7315 0.0024
vn -0.6803 -0.7329 0.0010
vn -0.6477 -0.7619 0.0007
vn -0.6469 -0.7626 -0.0000
vn -0.6787 -0.7344 -0.0000
vn -0.6803 -0.7329 -0.0010
vn -0.6288 -0.7775 0.0036
vn -0.6234 -0.7819 -0.0000
vn -0.5777 -0.8162 -0.0000
vn -0.5809 -0.8139 0.0102
vn -0.6818 -0.7315 -0.0024
vn -0.6444 -0.7647 -0.0011
vn -0.5860 -0.8102 0.0106
vn -0.6130 -0.7901 -0.0011
vn -0.6123 -0.7906 -0.0000
vn -0.6137 -0.7895 -0.0014
vn -0.6505 -0.7595 0.0013
vn -0.6130 -0.7901 0.0011
vn -0.6137 -0.7895 0.0014
vn 0.6288 0.7775 0.0036
vn 0.5809 0.8139 0.0102
vn 0.5860 0.8102 0.0106
vn 0.6444 0.7647 -0.0011
vn 0.6477 0.7619 0.0007
vn 0.6803 0.7329 -0.0010
vn 0.6818 0.7315 -0.0024
vn 0.6505 0.7595 0.0013
vn 0.6477 0.7619 -0.0007
vn 0.6803 0.7329 0.0010
vn 0.6787 0.7344 -0.0000
vn 0.6469 0.7626 -0.0000
vn 0.6288 0.7775 -0.0036
vn 0.5809 0.8139 -0.0102
vn 0.5777 0.8162 -0.0000
vn 0.6234 0.7819 -0.0000
vn 0.6818 0.7315 0.0024
vn 0.6444 0.7647 0.0011
vn 0.5860 0.8102 -0.0106
vn 0.6130 0.7901 0.0011
vn 0.6123 0.7906 -0.0000
vn 0.6137 0.7895 0.0014
vn 0.6505 0.7595 -0.0013
vn 0.6130 0.7901 -0.0010
vn 0.6137 0.7895 -0.0014
vn -0.6969 0.7119 -0.0867
vn -0.6995 0.7146 -0.0000
vn -0.6968 0.7119 -0.0872
vn -0.6969 0.7119 0.0867
vn -0.6968 0.7119 0.0872
vn 0.6605 -0.6748 -0.3291
vn 0.3466 -0.3541 -0.8686
vn 0.4026 -0.4113 -0.8177
vn 0.6623 -0.6766 -0.3218
vn 0.3466 -0.3541 0.8686
vn 0.4026 -0.4113 0.8177
vn 0.6605 -0.6748 0.3291
vn 0.6623 -0.6766 0.3218
vn -0.6946 0.7097 0.1176
vn -0.6946 0.7097 -0.1176
vn 0.6995 -0.7146 -0.0000
vn 0.6985 -0.7156 -0.0000
vn 0.6596 -0.6757 -0.3290
vn 0.6614 -0.6775 -0.3217
vn 0.6596 -0.6758 0.3290
vn 0.6614 -0.6776 0.3217
vn -0.6896 0.7139 -0.1216
vn -0.6939 0.7146 -0.0887
vn -0.6938 0.7146 -0.0897
vn -0.6959 0.7129 0.0867
vn -0.6937 0.7106 0.1176
vn -0.6959 0.7129 0.0872
vn 0.3459 -0.3544 0.8688
vn 0.4023 -0.4122 0.8175
vn 0.3459 -0.3543 -0.8688
vn 0.4024 -0.4121 -0.8175
vn -0.6985 0.7156 -0.0000
vn 0.6803 0.7330 -0.0010
vn 0.6514 0.7587 0.0075
vn 0.6198 0.7847 0.0111
vn 0.6572 0.7536 0.0136
vn 0.6281 0.7777 0.0245
vn 0.6803 0.7330 0.0010
vn -0.6803 -0.7330 -0.0010
vn -0.5861 -0.8102 0.0106
vn -0.5861 -0.8102 -0.0106
vn 0.6130 0.7901 -0.0011
vn 0.6130 0.7901 0.0010
vn 0.6316 -0.7054 0.3217
vn 0.0001 0.0005 -1.0000
vn 0.6791 0.7341 -0.0000
vn 0.6326 -0.7044 -0.3218
vn 0.6326 -0.7044 0.3218
vn 0.3311 -0.3686 0.8686
vn -0.6803 -0.7330 0.0010
vn -0.7472 0.6646 -0.0000
vn 0.7472 0.6646 -0.0000
vt 0.310216 0.872817
vt 0.523384 0.872817
vt 0.452059 0.872817
vt 0.442757 0.872817
vt -0.028824 0.945147
vt 0.100331 0.945147
vt 0.020783 0.982352
vt 0.049550 0.945147
vt 0.147086 0.945147
vt 0.462865 0.872817
vt 0.463213 0.872817
vt 0.452059 0.872817
s 1
usemtl Tex_MultiGradient
f 272/1/1 277/1/2 278/1/2 275/1/1
f 274/2/3 273/2/3 282/2/4 281/2/4
f 272/3/5 1/3/6 280/3/6 274/3/5
f 275/3/7 278/3/8 282/3/8 273/3/7
f 283/1/9 2/1/10 294/1/10 284/1/9
f 284/4/11 294/4/12 295/4/12 285/4/13
f 285/2/14 295/2/15 4/2/15 286/2/16
f 286/4/17 4/4/18 2/4/18 283/4/19
f 602/1/20 5/1/20 288/1/20 6/1/20
f 6/4/21 288/4/21 9/4/21 603/4/21
f 603/2/22 9/2/22 8/2/22 7/2/22
f 7/4/23 8/4/23 5/4/23 602/4/23
f 600/1/24 289/1/24 10/1/24 604/1/24
f 604/4/23 10/4/23 290/4/23 605/4/23
f 605/2/25 290/2/25 12/2/25 11/2/25
f 11/4/21 12/4/21 289/4/21 600/4/21
f 267/1/26 292/1/27 14/1/27 268/1/26
f 268/4/28 14/4/29 297/4/29 269/4/30
f 269/2/31 297/2/32 15/2/32 298/2/31
f 298/4/33 15/4/34 292/4/34 267/4/35
f 51/5/36 60/5/36 35/5/36 26/5/36
f 61/5/37 56/5/38 31/5/39 36/5/37
f 52/5/40 61/5/37 36/5/37 27/5/41
f 62/5/42 57/5/43 32/5/43 37/5/42
f 65/5/44 50/5/45 25/5/46 40/5/44
f 53/5/42 62/5/42 37/5/42 28/5/42
f 63/5/36 51/5/36 26/5/36 38/5/36
f 54/5/47 63/5/48 38/5/48 29/5/49
f 64/5/50 52/5/40 27/5/41 39/5/51
f 55/5/36 64/5/50 39/5/51 30/5/36
f 66/5/52 53/5/42 28/5/42 41/5/53
f 56/5/38 66/5/52 41/5/53 31/5/39
f 59/5/54 54/5/47 29/5/49 34/5/54
f 57/5/43 65/5/55 40/5/55 32/5/43
f 50/5/45 59/5/54 34/5/54 25/5/46
f 60/5/36 55/5/36 30/5/36 35/5/36
f 21/6/56 36/6/57 31/6/58 17/6/59
f 33/6/60 21/6/56 17/6/59 24/6/61
f 24/6/61 17/6/59 28/6/62 37/6/63
f 22/6/64 33/6/60 24/6/61 18/6/65
f 34/6/66 22/6/64 18/6/65 25/6/67
f 25/6/67 18/6/65 32/6/68 40/6/69
f 26/6/70 35/6/71 23/6/72 19/6/73
f 38/6/74 26/6/70 19/6/73 29/6/75
f 29/6/75 19/6/73 22/6/64 34/6/66
f 30/6/76 39/6/77 27/6/78 20/6/79
f 35/6/71 30/6/76 20/6/79 23/6/72
f 23/6/72 20/6/79 21/6/56 33/6/60
f 20/6/79 27/6/78 36/6/57 21/6/56
f 19/6/73 23/6/72 33/6/60 22/6/64
f 18/6/65 24/6/61 37/6/63 32/6/68
f 17/6/59 31/6/58 41/6/80 28/6/62
f 46/7/81 42/7/82 56/7/83 61/7/84
f 58/7/85 49/7/86 42/7/82 46/7/81
f 49/7/86 62/7/87 53/7/88 42/7/82
f 47/7/89 43/7/90 49/7/86 58/7/85
f 59/7/91 50/7/92 43/7/90 47/7/89
f 50/7/92 65/7/93 57/7/94 43/7/90
f 51/7/95 44/7/96 48/7/97 60/7/98
f 63/7/99 54/7/100 44/7/96 51/7/95
f 54/7/100 59/7/91 47/7/89 44/7/96
f 55/7/101 45/7/102 52/7/103 64/7/104
f 60/7/98 48/7/97 45/7/102 55/7/101
f 48/7/97 58/7/85 46/7/81 45/7/102
f 45/7/102 46/7/81 61/7/84 52/7/103
f 44/7/96 47/7/89 58/7/85 48/7/97
f 43/7/90 57/7/94 62/7/87 49/7/86
f 42/7/82 53/7/88 66/7/105 56/7/83
f 101/5/21 110/5/21 85/5/21 76/5/21
f 111/5/106 106/5/107 81/5/108 86/5/106
f 102/5/109 111/5/106 86/5/106 77/5/110
f 112/5/23 107/5/23 82/5/23 87/5/23
f 115/5/111 100/5/112 75/5/113 90/5/111
f 103/5/23 112/5/23 87/5/23 78/5/23
f 113/5/21 101/5/21 76/5/21 88/5/21
f 104/5/114 113/5/115 88/5/115 79/5/116
f 114/5/117 102/5/109 77/5/110 89/5/118
f 105/5/21 114/5/117 89/5/118 80/5/21
f 116/5/119 103/5/23 78/5/23 91/5/120
f 106/5/107 116/5/119 91/5/120 81/5/108
f 109/5/121 104/5/114 79/5/116 84/5/121
f 107/5/23 115/5/23 90/5/23 82/5/23
f 100/5/112 109/5/121 84/5/121 75/5/113
f 110/5/21 105/5/21 80/5/21 85/5/21
f 71/8/56 86/8/57 81/8/58 67/8/59
f 83/8/60 71/8/56 67/8/59 74/8/61
f 74/8/61 67/8/59 78/8/62 87/8/63
f 72/8/64 83/8/60 74/8/61 68/8/122
f 84/8/66 72/8/64 68/8/122 75/8/123
f 75/8/123 68/8/122 82/8/124 90/8/125
f 76/8/70 85/8/71 73/8/72 69/8/73
f 88/8/74 76/8/70 69/8/73 79/8/75
f 79/8/75 69/8/73 72/8/64 84/8/66
f 80/8/76 89/8/77 77/8/78 70/8/79
f 85/8/71 80/8/76 70/8/79 73/8/72
f 73/8/72 70/8/79 71/8/56 83/8/60
f 70/8/79 77/8/78 86/8/57 71/8/56
f 69/8/73 73/8/72 83/8/60 72/8/64
f 68/8/122 74/8/61 87/8/63 82/8/124
f 67/8/59 81/8/58 91/8/80 78/8/62
f 96/7/81 92/7/82 106/7/83 111/7/84
f 108/7/85 99/7/86 92/7/82 96/7/81
f 99/7/86 112/7/87 103/7/88 92/7/82
f 97/7/126 93/7/90 99/7/86 108/7/85
f 109/7/91 100/7/92 93/7/90 97/7/126
f 100/7/92 115/7/93 107/7/94 93/7/90
f 101/7/95 94/7/96 98/7/97 110/7/98
f 113/7/99 104/7/127 94/7/96 101/7/95
f 104/7/127 109/7/91 97/7/126 94/7/96
f 105/7/101 95/7/102 102/7/103 114/7/104
f 110/7/98 98/7/97 95/7/102 105/7/101
f 98/7/97 108/7/85 96/7/81 95/7/102
f 95/7/102 96/7/81 111/7/84 102/7/103
f 94/7/96 97/7/126 108/7/85 98/7/97
f 93/7/90 107/7/94 112/7/87 99/7/86
f 92/7/82 103/7/88 116/7/105 106/7/83
f 141/7/82 130/7/88 117/7/105 127/7/83
f 140/7/90 126/7/94 121/7/87 134/7/86
f 139/7/96 136/7/126 125/7/85 135/7/97
f 138/7/102 137/7/81 122/7/84 131/7/103
f 135/7/97 125/7/85 137/7/81 138/7/102
f 123/7/98 135/7/97 138/7/102 128/7/101
f 128/7/101 138/7/102 131/7/103 119/7/104
f 129/7/127 124/7/91 136/7/126 139/7/96
f 120/7/99 129/7/127 139/7/96 132/7/95
f 132/7/95 139/7/96 135/7/97 123/7/98
f 133/7/92 118/7/93 126/7/94 140/7/90
f 124/7/91 133/7/92 140/7/90 136/7/126
f 136/7/126 140/7/90 134/7/86 125/7/85
f 134/7/86 121/7/87 130/7/88 141/7/82
f 125/7/85 134/7/86 141/7/82 137/7/81
f 137/7/81 141/7/82 127/7/83 122/7/84
f 166/9/59 152/9/58 142/9/80 155/9/62
f 165/9/122 159/9/61 146/9/63 151/9/124
f 164/9/73 160/9/72 150/9/60 161/9/64
f 163/9/79 156/9/78 147/9/57 162/9/56
f 160/9/72 163/9/79 162/9/56 150/9/60
f 148/9/71 153/9/76 163/9/79 160/9/72
f 153/9/76 144/9/77 156/9/78 163/9/79
f 154/9/75 164/9/73 161/9/64 149/9/66
f 145/9/74 157/9/70 164/9/73 154/9/75
f 157/9/70 148/9/71 160/9/72 164/9/73
f 158/9/123 165/9/122 151/9/124 143/9/125
f 149/9/66 161/9/64 165/9/122 158/9/123
f 161/9/64 150/9/60 159/9/61 165/9/122
f 159/9/61 166/9/59 155/9/62 146/9/63
f 150/9/60 162/9/56 166/9/59 159/9/61
f 162/9/56 147/9/57 152/9/58 166/9/59
f 123/5/21 128/5/21 153/5/21 148/5/21
f 133/5/112 124/5/121 149/5/121 158/5/113
f 126/5/23 118/5/23 143/5/23 151/5/23
f 124/5/121 129/5/114 154/5/116 149/5/121
f 127/5/107 117/5/128 142/5/120 152/5/108
f 117/5/128 130/5/23 155/5/23 142/5/120
f 128/5/21 119/5/117 144/5/118 153/5/21
f 119/5/117 131/5/109 156/5/110 144/5/118
f 129/5/114 120/5/115 145/5/115 154/5/116
f 120/5/21 132/5/21 157/5/21 145/5/21
f 130/5/23 121/5/23 146/5/23 155/5/23
f 118/5/111 133/5/112 158/5/113 143/5/111
f 121/5/23 126/5/23 151/5/23 146/5/23
f 131/5/109 122/5/106 147/5/106 156/5/110
f 122/5/106 127/5/107 152/5/108 147/5/106
f 132/5/21 123/5/21 148/5/21 157/5/21
f 201/5/21 210/5/21 185/5/21 176/5/21
f 211/5/106 206/5/107 181/5/108 186/5/106
f 202/5/109 211/5/106 186/5/106 177/5/110
f 212/5/23 207/5/23 182/5/23 187/5/23
f 215/5/111 200/5/112 175/5/113 190/5/111
f 203/5/23 212/5/23 187/5/23 178/5/23
f 213/5/21 201/5/21 176/5/21 188/5/21
f 204/5/114 213/5/115 188/5/115 179/5/116
f 214/5/117 202/5/109 177/5/110 189/5/118
f 205/5/21 214/5/117 189/5/118 180/5/21
f 216/5/128 203/5/23 178/5/23 191/5/120
f 206/5/107 216/5/128 191/5/120 181/5/108
f 209/5/121 204/5/114 179/5/116 184/5/121
f 207/5/23 215/5/23 190/5/23 182/5/23
f 200/5/112 209/5/121 184/5/121 175/5/113
f 210/5/21 205/5/21 180/5/21 185/5/21
f 171/6/56 186/6/57 181/6/58 167/6/59
f 183/6/60 171/6/56 167/6/59 174/6/61
f 174/6/61 167/6/59 178/6/62 187/6/63
f 172/6/64 183/6/60 174/6/61 168/6/122
f 184/6/66 172/6/64 168/6/122 175/6/123
f 175/6/123 168/6/122 182/6/124 190/6/125
f 176/6/70 185/6/71 173/6/72 169/6/73
f 188/6/74 176/6/70 169/6/73 179/6/75
f 179/6/75 169/6/73 172/6/64 184/6/66
f 180/6/76 189/6/77 177/6/78 170/6/79
f 185/6/71 180/6/76 170/6/79 173/6/72
f 173/6/72 170/6/79 171/6/56 183/6/60
f 170/6/79 177/6/78 186/6/57 171/6/56
f 169/6/73 173/6/72 183/6/60 172/6/64
f 168/6/122 174/6/61 187/6/63 182/6/124
f 167/6/59 181/6/58 191/6/80 178/6/62
f 196/7/81 192/7/82 206/7/83 211/7/84
f 208/7/85 199/7/86 192/7/82 196/7/81
f 199/7/86 212/7/87 203/7/88 192/7/82
f 197/7/126 193/7/90 199/7/86 208/7/85
f 209/7/91 200/7/92 193/7/90 197/7/126
f 200/7/92 215/7/93 207/7/94 193/7/90
f 201/7/95 194/7/96 198/7/97 210/7/98
f 213/7/99 204/7/127 194/7/96 201/7/95
f 204/7/127 209/7/91 197/7/126 194/7/96
f 205/7/101 195/7/102 202/7/103 214/7/104
f 210/7/98 198/7/97 195/7/102 205/7/101
f 198/7/97 208/7/85 196/7/81 195/7/102
f 195/7/102 196/7/81 211/7/84 202/7/103
f 194/7/96 197/7/126 208/7/85 198/7/97
f 193/7/90 207/7/94 212/7/87 199/7/86
f 192/7/82 203/7/88 216/7/105 206/7/83
f 241/7/82 230/7/88 217/7/105 227/7/83
f 240/7/90 226/7/94 221/7/87 234/7/86
f 239/7/96 236/7/126 225/7/85 235/7/97
f 238/7/102 237/7/81 222/7/84 231/7/103
f 235/7/97 225/7/85 237/7/81 238/7/102
f 223/7/98 235/7/97 238/7/102 228/7/101
f 228/7/101 238/7/102 231/7/103 219/7/104
f 229/7/127 224/7/91 236/7/126 239/7/96
f 220/7/99 229/7/127 239/7/96 232/7/95
f 232/7/95 239/7/96 235/7/97 223/7/98
f 233/7/92 218/7/93 226/7/94 240/7/90
f 224/7/91 233/7/92 240/7/90 236/7/126
f 236/7/126 240/7/90 234/7/86 225/7/85
f 234/7/86 221/7/87 230/7/88 241/7/82
f 225/7/85 234/7/86 241/7/82 237/7/81
f 237/7/81 241/7/82 227/7/83 222/7/84
f 266/6/59 252/6/58 242/6/80 255/6/62
f 265/6/122 259/6/61 246/6/63 251/6/124
f 264/6/73 260/6/72 250/6/60 261/6/64
f 263/6/79 256/6/78 247/6/57 262/6/56
f 260/6/72 263/6/79 262/6/56 250/6/60
f 248/6/71 253/6/76 263/6/79 260/6/72
f 253/6/76 244/6/77 256/6/78 263/6/79
f 254/6/75 264/6/73 261/6/64 249/6/66
f 245/6/74 257/6/70 264/6/73 254/6/75
f 257/6/70 248/6/71 260/6/72 264/6/73
f 258/6/123 265/6/122 251/6/124 243/6/125
f 249/6/66 261/6/64 265/6/122 258/6/123
f 261/6/64 250/6/60 259/6/61 265/6/122
f 259/6/61 266/6/59 255/6/62 246/6/63
f 250/6/60 262/6/56 266/6/59 259/6/61
f 262/6/56 247/6/57 252/6/58 266/6/59
f 223/5/21 228/5/21 253/5/21 248/5/21
f 233/5/112 224/5/121 249/5/121 258/5/113
f 226/5/23 218/5/23 243/5/23 251/5/23
f 224/5/121 229/5/114 254/5/116 249/5/121
f 227/5/107 217/5/128 242/5/120 252/5/108
f 217/5/128 230/5/23 255/5/23 242/5/120
f 228/5/21 219/5/117 244/5/118 253/5/21
f 219/5/117 231/5/109 256/5/110 244/5/118
f 229/5/114 220/5/115 245/5/115 254/5/116
f 220/5/21 232/5/21 257/5/21 245/5/21
f 230/5/23 221/5/23 246/5/23 255/5/23
f 218/5/111 233/5/112 258/5/113 243/5/111
f 221/5/23 226/5/23 251/5/23 246/5/23
f 231/5/109 222/5/106 247/5/106 256/5/110
f 222/5/106 227/5/107 252/5/108 247/5/106
f 232/5/21 223/5/21 248/5/21 257/5/21
f 287/4/129 286/4/17 283/4/19 601/4/129
f 599/2/130 285/2/14 286/2/16 287/2/130
f 3/4/131 284/4/11 285/4/13 599/4/131
f 601/1/132 283/1/9 284/1/9 3/1/132
f 271/4/133 298/4/33 267/4/35 296/4/134
f 270/2/135 269/2/31 298/2/31 271/2/135
f 293/4/136 268/4/28 269/4/30 270/4/137
f 296/1/24 267/1/26 268/1/26 293/1/24
f 291/1/138 296/1/24 293/1/24 13/1/138
f 13/4/139 293/4/136 270/4/137 16/4/139
f 16/2/140 270/2/135 271/2/135 606/2/140
f 606/4/141 271/4/133 296/4/134 291/4/141
f 276/3/142 275/3/7 273/3/7 279/3/142
f 277/3/143 272/3/5 274/3/5 281/3/143
f 280/2/144 279/2/144 273/2/3 274/2/3
f 1/1/145 272/1/1 275/1/1 276/1/145
f 278/10/146 277/10/146 281/10/146 282/10/146
f 1/11/147 276/11/147 279/11/147 280/11/147
f 323/7/148 312/7/149 299/7/150 309/7/151
f 322/7/152 308/7/153 303/7/154 316/7/155
f 321/7/156 318/7/157 307/7/158 317/7/159
f 320/7/160 319/7/161 304/7/162 313/7/163
f 317/7/159 307/7/158 319/7/161 320/7/160
f 305/7/164 317/7/159 320/7/160 310/7/165
f 310/7/165 320/7/160 313/7/163 301/7/166
f 311/7/167 306/7/168 318/7/157 321/7/156
f 302/7/169 311/7/167 321/7/156 314/7/170
f 314/7/170 321/7/156 317/7/159 305/7/164
f 315/7/171 300/7/172 308/7/153 322/7/152
f 306/7/168 315/7/171 322/7/152 318/7/157
f 318/7/157 322/7/152 316/7/155 307/7/158
f 316/7/155 303/7/154 312/7/149 323/7/148
f 307/7/158 316/7/155 323/7/148 319/7/161
f 319/7/161 323/7/148 309/7/151 304/7/162
f 348/6/173 334/6/174 324/6/175 337/6/176
f 347/6/177 341/6/178 328/6/179 333/6/180
f 346/6/181 342/6/182 332/6/183 343/6/184
f 345/6/185 338/6/186 329/6/187 344/6/188
f 342/6/182 345/6/185 344/6/188 332/6/183
f 330/6/189 335/6/190 345/6/185 342/6/182
f 335/6/190 326/6/191 338/6/186 345/6/185
f 336/6/192 346/6/181 343/6/184 331/6/193
f 327/6/194 339/6/195 346/6/181 336/6/192
f 339/6/195 330/6/189 342/6/182 346/6/181
f 340/6/196 347/6/177 333/6/180 325/6/197
f 331/6/193 343/6/184 347/6/177 340/6/196
f 343/6/184 332/6/183 341/6/178 347/6/177
f 341/6/178 348/6/173 337/6/176 328/6/179
f 332/6/183 344/6/188 348/6/173 341/6/178
f 344/6/188 329/6/187 334/6/174 348/6/173
f 305/5/21 310/5/21 335/5/21 330/5/21
f 315/5/198 306/5/199 331/5/199 340/5/200
f 308/5/23 300/5/23 325/5/23 333/5/23
f 306/5/199 311/5/201 336/5/202 331/5/199
f 309/5/203 299/5/204 324/5/205 334/5/206
f 299/5/204 312/5/23 337/5/23 324/5/205
f 310/5/21 301/5/207 326/5/208 335/5/21
f 301/5/207 313/5/209 338/5/210 326/5/208
f 311/5/201 302/5/211 327/5/211 336/5/202
f 302/5/21 314/5/21 339/5/21 327/5/21
f 312/5/23 303/5/23 328/5/23 337/5/23
f 300/5/212 315/5/198 340/5/200 325/5/212
f 303/5/23 308/5/23 333/5/23 328/5/23
f 313/5/209 304/5/213 329/5/213 338/5/210
f 304/5/213 309/5/203 334/5/206 329/5/213
f 314/5/21 305/5/21 330/5/21 339/5/21
f 383/5/36 392/5/36 367/5/36 358/5/36
f 393/5/214 388/5/215 363/5/216 368/5/214
f 384/5/217 393/5/214 368/5/214 359/5/218
f 394/5/42 389/5/43 364/5/43 369/5/42
f 397/5/219 382/5/220 357/5/221 372/5/219
f 385/5/42 394/5/42 369/5/42 360/5/42
f 395/5/36 383/5/36 358/5/36 370/5/36
f 386/5/222 395/5/223 370/5/223 361/5/224
f 396/5/225 384/5/217 359/5/218 371/5/226
f 387/5/36 396/5/225 371/5/226 362/5/36
f 398/5/227 385/5/42 360/5/42 373/5/228
f 388/5/215 398/5/227 373/5/228 363/5/216
f 391/5/229 386/5/222 361/5/224 366/5/229
f 389/5/43 397/5/55 372/5/55 364/5/43
f 382/5/220 391/5/229 366/5/229 357/5/221
f 392/5/36 387/5/36 362/5/36 367/5/36
f 353/6/188 368/6/187 363/6/174 349/6/173
f 365/6/183 353/6/188 349/6/173 356/6/230
f 356/6/230 349/6/173 360/6/176 369/6/179
f 354/6/184 365/6/183 356/6/230 350/6/231
f 366/6/193 354/6/184 350/6/231 357/6/232
f 357/6/232 350/6/231 364/6/233 372/6/234
f 358/6/195 367/6/189 355/6/235 351/6/181
f 370/6/194 358/6/195 351/6/181 361/6/236
f 361/6/236 351/6/181 354/6/184 366/6/193
f 362/6/190 371/6/191 359/6/186 352/6/185
f 367/6/189 362/6/190 352/6/185 355/6/235
f 355/6/235 352/6/185 353/6/188 365/6/183
f 352/6/185 359/6/186 368/6/187 353/6/188
f 351/6/181 355/6/235 365/6/183 354/6/184
f 350/6/231 356/6/230 369/6/179 364/6/233
f 349/6/173 363/6/174 373/6/175 360/6/176
f 378/7/161 374/7/148 388/7/151 393/7/162
f 390/7/158 381/7/237 374/7/148 378/7/161
f 381/7/237 394/7/154 385/7/149 374/7/148
f 379/7/157 375/7/152 381/7/237 390/7/158
f 391/7/168 382/7/171 375/7/152 379/7/157
f 382/7/171 397/7/172 389/7/153 375/7/152
f 383/7/170 376/7/156 380/7/238 392/7/164
f 395/7/169 386/7/167 376/7/156 383/7/170
f 386/7/167 391/7/168 379/7/157 376/7/156
f 387/7/165 377/7/160 384/7/163 396/7/239
f 392/7/164 380/7/238 377/7/160 387/7/165
f 380/7/238 390/7/158 378/7/161 377/7/160
f 377/7/160 378/7/161 393/7/162 384/7/163
f 376/7/156 379/7/157 390/7/158 380/7/238
f 375/7/152 389/7/153 394/7/154 381/7/237
f 374/7/148 385/7/149 398/7/240 388/7/151
f 433/5/21 442/5/21 417/5/21 408/5/21
f 443/5/213 438/5/203 413/5/206 418/5/213
f 434/5/209 443/5/213 418/5/213 409/5/210
f 444/5/23 439/5/23 414/5/23 419/5/23
f 447/5/212 432/5/198 407/5/200 422/5/212
f 435/5/23 444/5/23 419/5/23 410/5/23
f 445/5/21 433/5/21 408/5/21 420/5/21
f 436/5/201 445/5/211 420/5/211 411/5/202
f 446/5/207 434/5/209 409/5/210 421/5/208
f 437/5/21 446/5/207 421/5/208 412/5/21
f 448/5/204 435/5/23 410/5/23 423/5/205
f 438/5/203 448/5/204 423/5/205 413/5/206
f 441/5/199 436/5/201 411/5/202 416/5/199
f 439/5/23 447/5/23 422/5/23 414/5/23
f 432/5/198 441/5/199 416/5/199 407/5/200
f 442/5/21 437/5/21 412/5/21 417/5/21
f 403/9/188 418/9/187 413/9/174 399/9/173
f 415/9/183 403/9/188 399/9/173 406/9/178
f 406/9/178 399/9/173 410/9/176 419/9/179
f 404/9/184 415/9/183 406/9/178 400/9/177
f 416/9/193 404/9/184 400/9/177 407/9/241
f 407/9/241 400/9/177 414/9/180 422/9/197
f 408/9/195 417/9/189 405/9/182 401/9/181
f 420/9/194 408/9/195 401/9/181 411/9/236
f 411/9/236 401/9/181 404/9/184 416/9/193
f 412/9/190 421/9/191 409/9/186 402/9/185
f 417/9/189 412/9/190 402/9/185 405/9/182
f 405/9/182 402/9/185 403/9/188 415/9/183
f 402/9/185 409/9/186 418/9/187 403/9/188
f 401/9/181 405/9/182 415/9/183 404/9/184
f 400/9/177 406/9/178 419/9/179 414/9/180
f 399/9/173 413/9/174 423/9/175 410/9/176
f 428/7/161 424/7/148 438/7/151 443/7/162
f 440/7/158 431/7/155 424/7/148 428/7/161
f 431/7/155 444/7/154 435/7/149 424/7/148
f 429/7/157 425/7/152 431/7/155 440/7/158
f 441/7/168 432/7/171 425/7/152 429/7/157
f 432/7/171 447/7/172 439/7/153 425/7/152
f 433/7/170 426/7/156 430/7/159 442/7/164
f 445/7/169 436/7/167 426/7/156 433/7/170
f 436/7/167 441/7/168 429/7/157 426/7/156
f 437/7/165 427/7/160 434/7/163 446/7/166
f 442/7/164 430/7/159 427/7/160 437/7/165
f 430/7/159 440/7/158 428/7/161 427/7/160
f 427/7/160 428/7/161 443/7/162 434/7/163
f 426/7/156 429/7/157 440/7/158 430/7/159
f 425/7/152 439/7/153 444/7/154 431/7/155
f 424/7/148 435/7/149 448/7/150 438/7/151
f 483/5/21 492/5/21 467/5/21 458/5/21
f 493/5/213 488/5/203 463/5/206 468/5/213
f 484/5/209 493/5/213 468/5/213 459/5/210
f 494/5/23 489/5/23 464/5/23 469/5/23
f 497/5/212 482/5/198 457/5/200 472/5/212
f 485/5/23 494/5/23 469/5/23 460/5/23
f 495/5/21 483/5/21 458/5/21 470/5/21
f 486/5/201 495/5/211 470/5/211 461/5/202
f 496/5/207 484/5/209 459/5/210 471/5/208
f 487/5/21 496/5/207 471/5/208 462/5/21
f 498/5/204 485/5/23 460/5/23 473/5/205
f 488/5/203 498/5/204 473/5/205 463/5/206
f 491/5/199 486/5/201 461/5/202 466/5/199
f 489/5/23 497/5/23 472/5/23 464/5/23
f 482/5/198 491/5/199 466/5/199 457/5/200
f 492/5/21 487/5/21 462/5/21 467/5/21
f 453/6/188 468/6/187 463/6/174 449/6/173
f 465/6/183 453/6/188 449/6/173 456/6/178
f 456/6/178 449/6/173 460/6/176 469/6/179
f 454/6/184 465/6/183 456/6/178 450/6/177
f 466/6/193 454/6/184 450/6/177 457/6/241
f 457/6/241 450/6/177 464/6/180 472/6/197
f 458/6/195 467/6/189 455/6/182 451/6/181
f 470/6/194 458/6/195 451/6/181 461/6/236
f 461/6/236 451/6/181 454/6/184 466/6/193
f 462/6/190 471/6/191 459/6/186 452/6/185
f 467/6/189 462/6/190 452/6/185 455/6/182
f 455/6/182 452/6/185 453/6/188 465/6/183
f 452/6/185 459/6/186 468/6/187 453/6/188
f 451/6/181 455/6/182 465/6/183 454/6/184
f 450/6/177 456/6/178 469/6/179 464/6/180
f 449/6/173 463/6/174 473/6/175 460/6/176
f 478/7/161 474/7/148 488/7/151 493/7/162
f 490/7/158 481/7/155 474/7/148 478/7/161
f 481/7/155 494/7/154 485/7/149 474/7/148
f 479/7/157 475/7/152 481/7/155 490/7/158
f 491/7/168 482/7/171 475/7/152 479/7/157
f 482/7/171 497/7/172 489/7/153 475/7/152
f 483/7/170 476/7/156 480/7/159 492/7/164
f 495/7/169 486/7/167 476/7/156 483/7/170
f 486/7/167 491/7/168 479/7/157 476/7/156
f 487/7/165 477/7/160 484/7/163 496/7/166
f 492/7/164 480/7/159 477/7/160 487/7/165
f 480/7/159 490/7/158 478/7/161 477/7/160
f 477/7/160 478/7/161 493/7/162 484/7/163
f 476/7/156 479/7/157 490/7/158 480/7/159
f 475/7/152 489/7/153 494/7/154 481/7/155
f 474/7/148 485/7/149 498/7/150 488/7/151
f 533/5/21 542/5/21 517/5/21 508/5/21
f 543/5/213 538/5/203 513/5/206 518/5/213
f 534/5/209 543/5/213 518/5/213 509/5/210
f 544/5/23 539/5/23 514/5/23 519/5/23
f 547/5/212 532/5/198 507/5/200 522/5/212
f 535/5/23 544/5/23 519/5/23 510/5/23
f 545/5/21 533/5/21 508/5/21 520/5/21
f 536/5/201 545/5/211 520/5/211 511/5/202
f 546/5/207 534/5/209 509/5/210 521/5/208
f 537/5/21 546/5/207 521/5/208 512/5/21
f 548/5/204 535/5/23 510/5/23 523/5/205
f 538/5/203 548/5/204 523/5/205 513/5/206
f 541/5/199 536/5/201 511/5/202 516/5/199
f 539/5/23 547/5/23 522/5/23 514/5/23
f 532/5/198 541/5/199 516/5/199 507/5/200
f 542/5/21 537/5/21 512/5/21 517/5/21
f 503/6/188 518/6/187 513/6/174 499/6/173
f 515/6/183 503/6/188 499/6/173 506/6/178
f 506/6/178 499/6/173 510/6/176 519/6/179
f 504/6/184 515/6/183 506/6/178 500/6/177
f 516/6/193 504/6/184 500/6/177 507/6/241
f 507/6/241 500/6/177 514/6/180 522/6/197
f 508/6/195 517/6/189 505/6/182 501/6/181
f 520/6/194 508/6/195 501/6/181 511/6/236
f 511/6/236 501/6/181 504/6/184 516/6/193
f 512/6/190 521/6/191 509/6/186 502/6/185
f 517/6/189 512/6/190 502/6/185 505/6/182
f 505/6/182 502/6/185 503/6/188 515/6/183
f 502/6/185 509/6/186 518/6/187 503/6/188
f 501/6/181 505/6/182 515/6/183 504/6/184
f 500/6/177 506/6/178 519/6/179 514/6/180
f 499/6/173 513/6/174 523/6/175 510/6/176
f 528/7/161 524/7/148 538/7/151 543/7/162
f 540/7/158 531/7/155 524/7/148 528/7/161
f 531/7/155 544/7/154 535/7/149 524/7/148
f 529/7/157 525/7/152 531/7/155 540/7/158
f 541/7/168 532/7/171 525/7/152 529/7/157
f 532/7/171 547/7/172 539/7/153 525/7/152
f 533/7/170 526/7/156 530/7/159 542/7/164
f 545/7/169 536/7/167 526/7/156 533/7/170
f 536/7/167 541/7/168 529/7/157 526/7/156
f 537/7/165 527/7/160 534/7/163 546/7/166
f 542/7/164 530/7/159 527/7/160 537/7/165
f 530/7/159 540/7/158 528/7/161 527/7/160
f 527/7/160 528/7/161 543/7/162 534/7/163
f 526/7/156 529/7/157 540/7/158 530/7/159
f 525/7/152 539/7/153 544/7/154 531/7/155
f 524/7/148 535/7/149 548/7/150 538/7/151
f 583/5/21 592/5/21 567/5/21 558/5/21
f 593/5/213 588/5/203 563/5/206 568/5/213
f 584/5/209 593/5/213 568/5/213 559/5/210
f 594/5/23 589/5/23 564/5/23 569/5/23
f 597/5/212 582/5/198 557/5/200 572/5/212
f 585/5/23 594/5/23 569/5/23 560/5/23
f 595/5/21 583/5/21 558/5/21 570/5/21
f 586/5/201 595/5/211 570/5/211 561/5/202
f 596/5/207 584/5/209 559/5/210 571/5/208
f 587/5/21 596/5/207 571/5/208 562/5/21
f 598/5/204 585/5/23 560/5/23 573/5/205
f 588/5/203 598/5/204 573/5/205 563/5/206
f 591/5/199 586/5/201 561/5/202 566/5/199
f 589/5/23 597/5/23 572/5/23 564/5/23
f 582/5/198 591/5/199 566/5/199 557/5/200
f 592/5/21 587/5/21 562/5/21 567/5/21
f 553/8/188 568/8/187 563/8/174 549/8/173
f 565/8/183 553/8/188 549/8/173 556/8/178
f 556/8/178 549/8/173 560/8/176 569/8/179
f 554/8/184 565/8/183 556/8/178 550/8/177
f 566/8/193 554/8/184 550/8/177 557/8/196
f 557/8/196 550/8/177 564/8/180 572/8/197
f 558/8/195 567/8/189 555/8/182 551/8/181
f 570/8/194 558/8/195 551/8/181 561/8/192
f 561/8/192 551/8/181 554/8/184 566/8/193
f 562/8/190 571/8/191 559/8/186 552/8/185
f 567/8/189 562/8/190 552/8/185 555/8/182
f 555/8/182 552/8/185 553/8/188 565/8/183
f 552/8/185 559/8/186 568/8/187 553/8/188
f 551/8/181 555/8/182 565/8/183 554/8/184
f 550/8/177 556/8/178 569/8/179 564/8/180
f 549/8/173 563/8/174 573/8/175 560/8/176
f 578/7/161 574/7/148 588/7/151 593/7/162
f 590/7/158 581/7/155 574/7/148 578/7/161
f 581/7/155 594/7/154 585/7/149 574/7/148
f 579/7/157 575/7/152 581/7/155 590/7/158
f 591/7/168 582/7/171 575/7/152 579/7/157
f 582/7/171 597/7/172 589/7/153 575/7/152
f 583/7/170 576/7/156 580/7/159 592/7/164
f 595/7/169 586/7/167 576/7/156 583/7/170
f 586/7/167 591/7/168 579/7/157 576/7/156
f 587/7/165 577/7/160 584/7/163 596/7/166
f 592/7/164 580/7/159 577/7/160 587/7/165
f 580/7/159 590/7/158 578/7/161 577/7/160
f 577/7/160 578/7/161 593/7/162 584/7/163
f 576/7/156 579/7/157 590/7/158 580/7/159
f 575/7/152 589/7/153 594/7/154 581/7/155
f 574/7/148 585/7/149 598/7/150 588/7/151
f 3/12/242 599/12/242 287/12/242 601/12/242
f 6/12/243 603/12/243 7/12/243 602/12/243
f 604/12/244 605/12/244 11/12/244 600/12/244
f 13/12/245 16/12/245 606/12/245 291/12/245
f 635/5/36 642/5/36 622/5/36 615/5/36
f 643/5/37 639/5/38 619/5/39 623/5/37
f 636/5/40 643/5/37 623/5/37 616/5/246
f 644/5/42 640/5/43 620/5/247 624/5/42
f 637/5/42 644/5/42 624/5/42 617/5/42
f 645/5/50 636/5/40 616/5/246 625/5/51
f 638/5/36 645/5/50 625/5/51 618/5/36
f 646/5/52 637/5/42 617/5/42 626/5/53
f 639/5/38 646/5/52 626/5/53 619/5/39
f 642/5/36 638/5/36 618/5/36 622/5/36
f 611/6/56 623/6/57 619/6/58 607/6/59
f 621/6/60 611/6/56 607/6/59 614/6/61
f 614/6/61 607/6/59 617/6/62 624/6/63
f 612/6/248 621/6/60 614/6/61 608/6/65
f 615/6/70 622/6/71 613/6/72 609/6/73
f 618/6/76 625/6/77 616/6/78 610/6/79
f 622/6/71 618/6/76 610/6/79 613/6/72
f 613/6/72 610/6/79 611/6/56 621/6/60
f 610/6/79 616/6/78 623/6/57 611/6/56
f 609/6/73 613/6/72 621/6/60 612/6/248
f 608/6/65 614/6/61 624/6/63 620/6/68
f 607/6/59 619/6/58 626/6/80 617/6/62
f 631/7/81 627/7/82 639/7/83 643/7/84
f 641/7/85 634/7/86 627/7/82 631/7/81
f 634/7/86 644/7/87 637/7/88 627/7/82
f 632/7/126 628/7/90 634/7/86 641/7/85
f 635/7/95 629/7/96 633/7/97 642/7/98
f 638/7/101 630/7/102 636/7/103 645/7/104
f 642/7/98 633/7/97 630/7/102 638/7/101
f 633/7/97 641/7/85 631/7/81 630/7/102
f 630/7/102 631/7/81 643/7/84 636/7/103
f 629/7/96 632/7/126 641/7/85 633/7/97
f 628/7/90 640/7/94 644/7/87 634/7/86
f 627/7/82 637/7/88 646/7/105 639/7/83
f 675/5/21 682/5/21 662/5/21 655/5/21
f 683/5/106 679/5/107 659/5/249 663/5/106
f 676/5/109 683/5/106 663/5/106 656/5/250
f 684/5/23 680/5/23 660/5/23 664/5/23
f 677/5/23 684/5/23 664/5/23 657/5/23
f 685/5/251 676/5/109 656/5/250 665/5/118
f 678/5/21 685/5/251 665/5/118 658/5/21
f 686/5/119 677/5/23 657/5/23 666/5/120
f 679/5/107 686/5/119 666/5/120 659/5/249
f 682/5/21 678/5/21 658/5/21 662/5/21
f 651/9/56 663/9/57 659/9/58 647/9/59
f 661/9/60 651/9/56 647/9/59 654/9/61
f 654/9/61 647/9/59 657/9/62 664/9/63
f 652/9/248 661/9/60 654/9/61 648/9/122
f 655/9/70 662/9/71 653/9/72 649/9/73
f 658/9/76 665/9/77 656/9/78 650/9/79
f 662/9/71 658/9/76 650/9/79 653/9/72
f 653/9/72 650/9/79 651/9/56 661/9/60
f 650/9/79 656/9/78 663/9/57 651/9/56
f 649/9/73 653/9/72 661/9/60 652/9/248
f 648/9/122 654/9/61 664/9/63 660/9/124
f 647/9/59 659/9/58 666/9/80 657/9/62
f 671/7/81 667/7/82 679/7/83 683/7/84
f 681/7/85 674/7/86 667/7/82 671/7/81
f 674/7/86 684/7/87 677/7/88 667/7/82
f 672/7/126 668/7/90 674/7/86 681/7/85
f 675/7/95 669/7/96 673/7/97 682/7/98
f 678/7/101 670/7/102 676/7/103 685/7/104
f 682/7/98 673/7/97 670/7/102 678/7/101
f 673/7/97 681/7/85 671/7/81 670/7/102
f 670/7/102 671/7/81 683/7/84 676/7/103
f 669/7/96 672/7/126 681/7/85 673/7/97
f 668/7/90 680/7/94 684/7/87 674/7/86
f 667/7/82 677/7/88 686/7/105 679/7/83
f 706/7/82 696/7/88 687/7/105 694/7/83
f 705/7/90 693/7/94 689/7/87 699/7/86
f 704/7/96 701/7/89 692/7/85 700/7/97
f 703/7/102 702/7/81 690/7/84 697/7/103
f 700/7/97 692/7/85 702/7/81 703/7/102
f 691/7/98 700/7/97 703/7/102 695/7/101
f 695/7/101 703/7/102 697/7/103 688/7/104
f 698/7/95 704/7/96 700/7/97 691/7/98
f 701/7/89 705/7/90 699/7/86 692/7/85
f 699/7/86 689/7/87 696/7/88 706/7/82
f 692/7/85 699/7/86 706/7/82 702/7/81
f 702/7/81 706/7/82 694/7/83 690/7/84
f 726/6/59 714/6/58 707/6/80 716/6/62
f 725/6/122 719/6/61 709/6/63 713/6/124
f 724/6/73 720/6/72 712/6/60 721/6/248
f 723/6/79 717/6/78 710/6/57 722/6/56
f 720/6/72 723/6/79 722/6/56 712/6/60
f 711/6/71 715/6/76 723/6/79 720/6/72
f 715/6/76 708/6/77 717/6/78 723/6/79
f 718/6/70 711/6/71 720/6/72 724/6/73
f 721/6/248 712/6/60 719/6/61 725/6/122
f 719/6/61 726/6/59 716/6/62 709/6/63
f 712/6/60 722/6/56 726/6/59 719/6/61
f 722/6/56 710/6/57 714/6/58 726/6/59
f 691/5/21 695/5/21 715/5/21 711/5/21
f 694/5/107 687/5/119 707/5/120 714/5/249
f 687/5/119 696/5/23 716/5/23 707/5/120
f 695/5/21 688/5/251 708/5/118 715/5/21
f 688/5/251 697/5/109 717/5/250 708/5/118
f 696/5/23 689/5/23 709/5/23 716/5/23
f 689/5/23 693/5/23 713/5/23 709/5/23
f 697/5/109 690/5/106 710/5/106 717/5/250
f 690/5/106 694/5/107 714/5/249 710/5/106
f 698/5/21 691/5/21 711/5/21 718/5/21
f 755/5/21 762/5/21 742/5/21 735/5/21
f 763/5/106 759/5/107 739/5/249 743/5/106
f 756/5/109 763/5/106 743/5/106 736/5/250
f 764/5/23 760/5/23 740/5/23 744/5/23
f 757/5/23 764/5/23 744/5/23 737/5/23
f 765/5/251 756/5/109 736/5/250 745/5/118
f 758/5/21 765/5/251 745/5/118 738/5/21
f 766/5/119 757/5/23 737/5/23 746/5/120
f 759/5/107 766/5/119 746/5/120 739/5/249
f 762/5/21 758/5/21 738/5/21 742/5/21
f 731/6/56 743/6/57 739/6/58 727/6/59
f 741/6/60 731/6/56 727/6/59 734/6/61
f 734/6/61 727/6/59 737/6/62 744/6/63
f 732/6/248 741/6/60 734/6/61 728/6/122
f 735/6/70 742/6/71 733/6/72 729/6/73
f 738/6/76 745/6/77 736/6/78 730/6/79
f 742/6/71 738/6/76 730/6/79 733/6/72
f 733/6/72 730/6/79 731/6/56 741/6/60
f 730/6/79 736/6/78 743/6/57 731/6/56
f 729/6/73 733/6/72 741/6/60 732/6/248
f 728/6/122 734/6/61 744/6/63 740/6/124
f 727/6/59 739/6/58 746/6/80 737/6/62
f 751/7/81 747/7/82 759/7/83 763/7/84
f 761/7/85 754/7/86 747/7/82 751/7/81
f 754/7/86 764/7/87 757/7/88 747/7/82
f 752/7/126 748/7/90 754/7/86 761/7/85
f 755/7/95 749/7/96 753/7/97 762/7/98
f 758/7/101 750/7/102 756/7/103 765/7/104
f 762/7/98 753/7/97 750/7/102 758/7/101
f 753/7/97 761/7/85 751/7/81 750/7/102
f 750/7/102 751/7/81 763/7/84 756/7/103
f 749/7/96 752/7/126 761/7/85 753/7/97
f 748/7/90 760/7/94 764/7/87 754/7/86
f 747/7/82 757/7/88 766/7/105 759/7/83
f 786/7/82 776/7/88 767/7/105 774/7/83
f 785/7/90 773/7/94 769/7/87 779/7/86
f 784/7/96 781/7/126 772/7/85 780/7/97
f 783/7/102 782/7/81 770/7/84 777/7/103
f 780/7/97 772/7/85 782/7/81 783/7/102
f 771/7/98 780/7/97 783/7/102 775/7/101
f 775/7/101 783/7/102 777/7/103 768/7/104
f 778/7/95 784/7/96 780/7/97 771/7/98
f 781/7/126 785/7/90 779/7/86 772/7/85
f 779/7/86 769/7/87 776/7/88 786/7/82
f 772/7/85 779/7/86 786/7/82 782/7/81
f 782/7/81 786/7/82 774/7/83 770/7/84
f 806/6/59 794/6/58 787/6/80 796/6/62
f 805/6/122 799/6/61 789/6/63 793/6/124
f 804/6/73 800/6/72 792/6/60 801/6/248
f 803/6/79 797/6/78 790/6/57 802/6/56
f 800/6/72 803/6/79 802/6/56 792/6/60
f 791/6/71 795/6/76 803/6/79 800/6/72
f 795/6/76 788/6/77 797/6/78 803/6/79
f 798/6/70 791/6/71 800/6/72 804/6/73
f 801/6/248 792/6/60 799/6/61 805/6/122
f 799/6/61 806/6/59 796/6/62 789/6/63
f 792/6/60 802/6/56 806/6/59 799/6/61
f 802/6/56 790/6/57 794/6/58 806/6/59
f 771/5/21 775/5/21 795/5/21 791/5/21
f 774/5/107 767/5/119 787/5/120 794/5/249
f 767/5/119 776/5/23 796/5/23 787/5/120
f 775/5/21 768/5/251 788/5/118 795/5/21
f 768/5/251 777/5/109 797/5/250 788/5/118
f 776/5/23 769/5/23 789/5/23 796/5/23
f 769/5/23 773/5/23 793/5/23 789/5/23
f 777/5/109 770/5/106 790/5/106 797/5/250
f 770/5/106 774/5/107 794/5/249 790/5/106
f 778/5/21 771/5/21 791/5/21 798/5/21
f 831/7/148 820/7/149 807/7/150 817/7/151
f 830/7/152 816/7/153 811/7/154 824/7/155
f 829/7/156 826/7/157 815/7/158 825/7/159
f 828/7/160 827/7/161 812/7/162 821/7/163
f 825/7/159 815/7/158 827/7/161 828/7/160
f 813/7/164 825/7/159 828/7/160 818/7/165
f 818/7/165 828/7/160 821/7/163 809/7/166
f 819/7/167 814/7/168 826/7/157 829/7/156
f 810/7/169 819/7/167 829/7/156 822/7/170
f 822/7/170 829/7/156 825/7/159 813/7/164
f 823/7/171 808/7/172 816/7/153 830/7/152
f 814/7/168 823/7/171 830/7/152 826/7/157
f 826/7/157 830/7/152 824/7/155 815/7/158
f 824/7/155 811/7/154 820/7/149 831/7/148
f 815/7/158 824/7/155 831/7/148 827/7/161
f 827/7/161 831/7/148 817/7/151 812/7/162
f 856/6/173 842/6/174 832/6/175 845/6/176
f 855/6/177 849/6/178 836/6/179 841/6/180
f 854/6/181 850/6/182 840/6/183 851/6/184
f 853/6/185 846/6/186 837/6/187 852/6/188
f 850/6/182 853/6/185 852/6/188 840/6/183
f 838/6/189 843/6/190 853/6/185 850/6/182
f 843/6/190 834/6/191 846/6/186 853/6/185
f 844/6/192 854/6/181 851/6/184 839/6/193
f 835/6/194 847/6/195 854/6/181 844/6/192
f 847/6/195 838/6/189 850/6/182 854/6/181
f 848/6/196 855/6/177 841/6/180 833/6/197
f 839/6/193 851/6/184 855/6/177 848/6/196
f 851/6/184 840/6/183 849/6/178 855/6/177
f 849/6/178 856/6/173 845/6/176 836/6/179
f 840/6/183 852/6/188 856/6/173 849/6/178
f 852/6/188 837/6/187 842/6/174 856/6/173
f 813/5/21 818/5/21 843/5/21 838/5/21
f 823/5/198 814/5/199 839/5/199 848/5/200
f 816/5/23 808/5/23 833/5/23 841/5/23
f 814/5/199 819/5/201 844/5/202 839/5/199
f 817/5/203 807/5/204 832/5/205 842/5/206
f 807/5/204 820/5/23 845/5/23 832/5/205
f 818/5/21 809/5/207 834/5/208 843/5/21
f 809/5/207 821/5/209 846/5/210 834/5/208
f 819/5/201 810/5/211 835/5/211 844/5/202
f 810/5/21 822/5/21 847/5/21 835/5/21
f 820/5/23 811/5/23 836/5/23 845/5/23
f 808/5/212 823/5/198 848/5/200 833/5/212
f 811/5/23 816/5/23 841/5/23 836/5/23
f 821/5/209 812/5/213 837/5/213 846/5/210
f 812/5/213 817/5/203 842/5/206 837/5/213
f 822/5/21 813/5/21 838/5/21 847/5/21
f 891/5/36 900/5/36 875/5/36 866/5/36
f 901/5/214 896/5/215 871/5/216 876/5/214
f 892/5/217 901/5/214 876/5/214 867/5/218
f 902/5/42 897/5/43 872/5/43 877/5/42
f 905/5/219 890/5/220 865/5/221 880/5/219
f 893/5/42 902/5/42 877/5/42 868/5/42
f 903/5/36 891/5/36 866/5/36 878/5/36
f 894/5/222 903/5/223 878/5/223 869/5/224
f 904/5/225 892/5/217 867/5/218 879/5/226
f 895/5/36 904/5/225 879/5/226 870/5/36
f 906/5/227 893/5/42 868/5/42 881/5/228
f 896/5/215 906/5/227 881/5/228 871/5/216
f 899/5/229 894/5/222 869/5/224 874/5/229
f 897/5/43 905/5/55 880/5/55 872/5/43
f 890/5/220 899/5/229 874/5/229 865/5/221
f 900/5/36 895/5/36 870/5/36 875/5/36
f 861/6/188 876/6/187 871/6/174 857/6/173
f 873/6/183 861/6/188 857/6/173 864/6/230
f 864/6/230 857/6/173 868/6/176 877/6/179
f 862/6/184 873/6/183 864/6/230 858/6/231
f 874/6/193 862/6/184 858/6/231 865/6/232
f 865/6/232 858/6/231 872/6/233 880/6/234
f 866/6/195 875/6/189 863/6/235 859/6/181
f 878/6/194 866/6/195 859/6/181 869/6/236
f 869/6/236 859/6/181 862/6/184 874/6/193
f 870/6/190 879/6/191 867/6/186 860/6/185
f 875/6/189 870/6/190 860/6/185 863/6/235
f 863/6/235 860/6/185 861/6/188 873/6/183
f 860/6/185 867/6/186 876/6/187 861/6/188
f 859/6/181 863/6/235 873/6/183 862/6/184
f 858/6/231 864/6/230 877/6/179 872/6/233
f 857/6/173 871/6/174 881/6/175 868/6/176
f 886/7/161 882/7/148 896/7/151 901/7/162
f 898/7/158 889/7/237 882/7/148 886/7/161
f 889/7/237 902/7/154 893/7/149 882/7/148
f 887/7/157 883/7/152 889/7/237 898/7/158
f 899/7/168 890/7/171 883/7/152 887/7/157
f 890/7/171 905/7/172 897/7/153 883/7/152
f 891/7/170 884/7/156 888/7/238 900/7/164
f 903/7/169 894/7/167 884/7/156 891/7/170
f 894/7/167 899/7/168 887/7/157 884/7/156
f 895/7/165 885/7/160 892/7/163 904/7/239
f 900/7/164 888/7/238 885/7/160 895/7/165
f 888/7/238 898/7/158 886/7/161 885/7/160
f 885/7/160 886/7/161 901/7/162 892/7/163
f 884/7/156 887/7/157 898/7/158 888/7/238
f 883/7/152 897/7/153 902/7/154 889/7/237
f 882/7/148 893/7/149 906/7/240 896/7/151
f 941/5/21 950/5/21 925/5/21 916/5/21
f 951/5/213 946/5/203 921/5/206 926/5/213
f 942/5/209 951/5/213 926/5/213 917/5/210
f 952/5/23 947/5/23 922/5/23 927/5/23
f 955/5/212 940/5/198 915/5/200 930/5/212
f 943/5/23 952/5/23 927/5/23 918/5/23
f 953/5/21 941/5/21 916/5/21 928/5/21
f 944/5/201 953/5/211 928/5/211 919/5/202
f 954/5/207 942/5/209 917/5/210 929/5/208
f 945/5/21 954/5/207 929/5/208 920/5/21
f 956/5/204 943/5/23 918/5/23 931/5/205
f 946/5/203 956/5/204 931/5/205 921/5/206
f 949/5/199 944/5/201 919/5/202 924/5/199
f 947/5/23 955/5/23 930/5/23 922/5/23
f 940/5/198 949/5/199 924/5/199 915/5/200
f 950/5/21 945/5/21 920/5/21 925/5/21
f 911/6/188 926/6/187 921/6/174 907/6/173
f 923/6/183 911/6/188 907/6/173 914/6/178
f 914/6/178 907/6/173 918/6/176 927/6/179
f 912/6/184 923/6/183 914/6/178 908/6/177
f 924/6/193 912/6/184 908/6/177 915/6/241
f 915/6/241 908/6/177 922/6/180 930/6/197
f 916/6/195 925/6/189 913/6/182 909/6/181
f 928/6/194 916/6/195 909/6/181 919/6/236
f 919/6/236 909/6/181 912/6/184 924/6/193
f 920/6/190 929/6/191 917/6/186 910/6/185
f 925/6/189 920/6/190 910/6/185 913/6/182
f 913/6/182 910/6/185 911/6/188 923/6/183
f 910/6/185 917/6/186 926/6/187 911/6/188
f 909/6/181 913/6/182 923/6/183 912/6/184
f 908/6/177 914/6/178 927/6/179 922/6/180
f 907/6/173 921/6/174 931/6/175 918/6/176
f 936/7/161 932/7/148 946/7/151 951/7/162
f 948/7/158 939/7/155 932/7/148 936/7/161
f 939/7/155 952/7/154 943/7/149 932/7/148
f 937/7/157 933/7/152 939/7/155 948/7/158
f 949/7/168 940/7/171 933/7/152 937/7/157
f 940/7/171 955/7/172 947/7/153 933/7/152
f 941/7/170 934/7/156 938/7/159 950/7/164
f 953/7/169 944/7/167 934/7/156 941/7/170
f 944/7/167 949/7/168 937/7/157 934/7/156
f 945/7/165 935/7/160 942/7/163 954/7/166
f 950/7/164 938/7/159 935/7/160 945/7/165
f 938/7/159 948/7/158 936/7/161 935/7/160
f 935/7/160 936/7/161 951/7/162 942/7/163
f 934/7/156 937/7/157 948/7/158 938/7/159
f 933/7/152 947/7/153 952/7/154 939/7/155
f 932/7/148 943/7/149 956/7/150 946/7/151
f 991/5/21 1000/5/21 975/5/21 966/5/21
f 1001/5/213 996/5/203 971/5/206 976/5/213
f 992/5/209 1001/5/213 976/5/213 967/5/210
f 1002/5/23 997/5/23 972/5/23 977/5/23
f 1005/5/212 990/5/198 965/5/200 980/5/212
f 993/5/23 1002/5/23 977/5/23 968/5/23
f 1003/5/21 991/5/21 966/5/21 978/5/21
f 994/5/201 1003/5/211 978/5/211 969/5/202
f 1004/5/207 992/5/209 967/5/210 979/5/208
f 995/5/21 1004/5/207 979/5/208 970/5/21
f 1006/5/204 993/5/23 968/5/23 981/5/205
f 996/5/203 1006/5/204 981/5/205 971/5/206
f 999/5/199 994/5/201 969/5/202 974/5/199
f 997/5/23 1005/5/23 980/5/23 972/5/23
f 990/5/198 999/5/199 974/5/199 965/5/200
f 1000/5/21 995/5/21 970/5/21 975/5/21
f 961/6/188 976/6/187 971/6/174 957/6/173
f 973/6/183 961/6/188 957/6/173 964/6/178
f 964/6/178 957/6/173 968/6/176 977/6/179
f 962/6/184 973/6/183 964/6/178 958/6/177
f 974/6/193 962/6/184 958/6/177 965/6/241
f 965/6/241 958/6/177 972/6/180 980/6/197
f 966/6/195 975/6/189 963/6/182 959/6/181
f 978/6/194 966/6/195 959/6/181 969/6/236
f 969/6/236 959/6/181 962/6/184 974/6/193
f 970/6/190 979/6/191 967/6/186 960/6/185
f 975/6/189 970/6/190 960/6/185 963/6/182
f 963/6/182 960/6/185 961/6/188 973/6/183
f 960/6/185 967/6/186 976/6/187 961/6/188
f 959/6/181 963/6/182 973/6/183 962/6/184
f 958/6/177 964/6/178 977/6/179 972/6/180
f 957/6/173 971/6/174 981/6/175 968/6/176
f 986/7/161 982/7/148 996/7/151 1001/7/162
f 998/7/158 989/7/155 982/7/148 986/7/161
f 989/7/155 1002/7/154 993/7/149 982/7/148
f 987/7/157 983/7/152 989/7/155 998/7/158
f 999/7/168 990/7/171 983/7/152 987/7/157
f 990/7/171 1005/7/172 997/7/153 983/7/152
f 991/7/170 984/7/156 988/7/159 1000/7/164
f 1003/7/169 994/7/167 984/7/156 991/7/170
f 994/7/167 999/7/168 987/7/157 984/7/156
f 995/7/165 985/7/160 992/7/163 1004/7/166
f 1000/7/164 988/7/159 985/7/160 995/7/165
f 988/7/159 998/7/158 986/7/161 985/7/160
f 985/7/160 986/7/161 1001/7/162 992/7/163
f 984/7/156 987/7/157 998/7/158 988/7/159
f 983/7/152 997/7/153 1002/7/154 989/7/155
f 982/7/148 993/7/149 1006/7/150 996/7/151
f 1041/5/21 1050/5/21 1025/5/21 1016/5/21
f 1051/5/213 1046/5/203 1021/5/206 1026/5/213
f 1042/5/209 1051/5/213 1026/5/213 1017/5/210
f 1052/5/23 1047/5/23 1022/5/23 1027/5/23
f 1055/5/212 1040/5/198 1015/5/200 1030/5/212
f 1043/5/23 1052/5/23 1027/5/23 1018/5/23
f 1053/5/21 1041/5/21 1016/5/21 1028/5/21
f 1044/5/201 1053/5/211 1028/5/211 1019/5/202
f 1054/5/207 1042/5/209 1017/5/210 1029/5/208
f 1045/5/21 1054/5/207 1029/5/208 1020/5/21
f 1056/5/204 1043/5/23 1018/5/23 1031/5/205
f 1046/5/203 1056/5/204 1031/5/205 1021/5/206
f 1049/5/199 1044/5/201 1019/5/202 1024/5/199
f 1047/5/23 1055/5/23 1030/5/23 1022/5/23
f 1040/5/198 1049/5/199 1024/5/199 1015/5/200
f 1050/5/21 1045/5/21 1020/5/21 1025/5/21
f 1011/8/188 1026/8/187 1021/8/174 1007/8/173
f 1023/8/183 1011/8/188 1007/8/173 1014/8/178
f 1014/8/178 1007/8/173 1018/8/176 1027/8/179
f 1012/8/184 1023/8/183 1014/8/178 1008/8/177
f 1024/8/193 1012/8/184 1008/8/177 1015/8/241
f 1015/8/241 1008/8/177 1022/8/180 1030/8/197
f 1016/8/195 1025/8/189 1013/8/182 1009/8/181
f 1028/8/194 1016/8/195 1009/8/181 1019/8/236
f 1019/8/236 1009/8/181 1012/8/184 1024/8/193
f 1020/8/190 1029/8/191 1017/8/186 1010/8/185
f 1025/8/189 1020/8/190 1010/8/185 1013/8/182
f 1013/8/182 1010/8/185 1011/8/188 1023/8/183
f 1010/8/185 1017/8/186 1026/8/187 1011/8/188
f 1009/8/181 1013/8/182 1023/8/183 1012/8/184
f 1008/8/177 1014/8/178 1027/8/179 1022/8/180
f 1007/8/173 1021/8/174 1031/8/175 1018/8/176
f 1036/7/161 1032/7/148 1046/7/151 1051/7/162
f 1048/7/158 1039/7/155 1032/7/148 1036/7/161
f 1039/7/155 1052/7/154 1043/7/149 1032/7/148
f 1037/7/157 1033/7/152 1039/7/155 1048/7/158
f 1049/7/168 1040/7/171 1033/7/152 1037/7/157
f 1040/7/171 1055/7/172 1047/7/153 1033/7/152
f 1041/7/170 1034/7/156 1038/7/159 1050/7/164
f 1053/7/169 1044/7/167 1034/7/156 1041/7/170
f 1044/7/167 1049/7/168 1037/7/157 1034/7/156
f 1045/7/165 1035/7/160 1042/7/163 1054/7/166
f 1050/7/164 1038/7/159 1035/7/160 1045/7/165
f 1038/7/159 1048/7/158 1036/7/161 1035/7/160
f 1035/7/160 1036/7/161 1051/7/162 1042/7/163
f 1034/7/156 1037/7/157 1048/7/158 1038/7/159
f 1033/7/152 1047/7/153 1052/7/154 1039/7/155
f 1032/7/148 1043/7/149 1056/7/240 1046/7/151
f 1091/5/21 1100/5/21 1075/5/21 1066/5/21
f 1101/5/213 1096/5/203 1071/5/206 1076/5/213
f 1092/5/209 1101/5/213 1076/5/213 1067/5/210
f 1102/5/23 1097/5/23 1072/5/23 1077/5/23
f 1105/5/212 1090/5/198 1065/5/200 1080/5/212
f 1093/5/23 1102/5/23 1077/5/23 1068/5/23
f 1103/5/21 1091/5/21 1066/5/21 1078/5/21
f 1094/5/201 1103/5/211 1078/5/211 1069/5/202
f 1104/5/207 1092/5/209 1067/5/210 1079/5/208
f 1095/5/21 1104/5/207 1079/5/208 1070/5/21
f 1106/5/204 1093/5/23 1068/5/23 1081/5/205
f 1096/5/203 1106/5/204 1081/5/205 1071/5/206
f 1099/5/199 1094/5/201 1069/5/202 1074/5/199
f 1097/5/23 1105/5/23 1080/5/23 1072/5/23
f 1090/5/198 1099/5/199 1074/5/199 1065/5/200
f 1100/5/21 1095/5/21 1070/5/21 1075/5/21
f 1061/6/188 1076/6/187 1071/6/174 1057/6/173
f 1073/6/183 1061/6/188 1057/6/173 1064/6/178
f 1064/6/178 1057/6/173 1068/6/176 1077/6/179
f 1062/6/184 1073/6/183 1064/6/178 1058/6/177
f 1074/6/193 1062/6/184 1058/6/177 1065/6/196
f 1065/6/196 1058/6/177 1072/6/180 1080/6/197
f 1066/6/195 1075/6/189 1063/6/182 1059/6/181
f 1078/6/194 1066/6/195 1059/6/181 1069/6/192
f 1069/6/192 1059/6/181 1062/6/184 1074/6/193
f 1070/6/190 1079/6/191 1067/6/186 1060/6/185
f 1075/6/189 1070/6/190 1060/6/185 1063/6/182
f 1063/6/182 1060/6/185 1061/6/188 1073/6/183
f 1060/6/185 1067/6/186 1076/6/187 1061/6/188
f 1059/6/181 1063/6/182 1073/6/183 1062/6/184
f 1058/6/177 1064/6/178 1077/6/179 1072/6/180
f 1057/6/173 1071/6/174 1081/6/175 1068/6/176
f 1086/7/161 1082/7/148 1096/7/151 1101/7/162
f 1098/7/158 1089/7/155 1082/7/148 1086/7/161
f 1089/7/155 1102/7/154 1093/7/149 1082/7/148
f 1087/7/157 1083/7/152 1089/7/155 1098/7/158
f 1099/7/168 1090/7/171 1083/7/152 1087/7/157
f 1090/7/171 1105/7/172 1097/7/153 1083/7/152
f 1091/7/170 1084/7/156 1088/7/159 1100/7/164
f 1103/7/169 1094/7/167 1084/7/156 1091/7/170
f 1094/7/167 1099/7/168 1087/7/157 1084/7/156
f 1095/7/165 1085/7/160 1092/7/163 1104/7/166
f 1100/7/164 1088/7/159 1085/7/160 1095/7/165
f 1088/7/159 1098/7/158 1086/7/161 1085/7/160
f 1085/7/160 1086/7/161 1101/7/162 1092/7/163
f 1084/7/156 1087/7/157 1098/7/158 1088/7/159
f 1083/7/152 1097/7/153 1102/7/154 1089/7/155
f 1082/7/148 1093/7/149 1106/7/150 1096/7/151
f 1141/5/252 1150/5/252 1125/5/252 1116/5/252
f 1151/5/253 1146/5/254 1121/5/255 1126/5/253
f 1142/5/256 1151/5/253 1126/5/253 1117/5/257
f 1152/5/258 1147/5/259 1122/5/259 1127/5/258
f 1155/5/260 1140/5/261 1115/5/262 1130/5/260
f 1143/5/258 1152/5/258 1127/5/258 1118/5/258
f 1153/5/252 1141/5/252 1116/5/252 1128/5/252
f 1144/5/263 1153/5/264 1128/5/264 1119/5/265
f 1154/5/266 1142/5/256 1117/5/257 1129/5/267
f 1145/5/252 1154/5/266 1129/5/267 1120/5/252
f 1156/5/268 1143/5/258 1118/5/258 1131/5/269
f 1146/5/254 1156/5/268 1131/5/269 1121/5/255
f 1149/5/270 1144/5/263 1119/5/265 1124/5/270
f 1147/5/259 1155/5/271 1130/5/271 1122/5/259
f 1140/5/261 1149/5/270 1124/5/270 1115/5/262
f 1150/5/252 1145/5/252 1120/5/252 1125/5/252
f 1111/8/272 1126/8/273 1121/8/274 1107/8/275
f 1123/8/276 1111/8/272 1107/8/275 1114/8/277
f 1114/8/277 1107/8/275 1118/8/278 1127/8/279
f 1112/8/280 1123/8/276 1114/8/277 1108/8/281
f 1124/8/282 1112/8/280 1108/8/281 1115/8/283
f 1115/8/283 1108/8/281 1122/8/284 1130/8/285
f 1116/8/286 1125/8/287 1113/8/288 1109/8/289
f 1128/8/290 1116/8/286 1109/8/289 1119/8/291
f 1119/8/291 1109/8/289 1112/8/280 1124/8/282
f 1120/8/292 1129/8/293 1117/8/294 1110/8/295
f 1125/8/287 1120/8/292 1110/8/295 1113/8/288
f 1113/8/288 1110/8/295 1111/8/272 1123/8/276
f 1110/8/295 1117/8/294 1126/8/273 1111/8/272
f 1109/8/289 1113/8/288 1123/8/276 1112/8/280
f 1108/8/281 1114/8/277 1127/8/279 1122/8/284
f 1107/8/275 1121/8/274 1131/8/296 1118/8/278
f 1136/7/297 1132/7/298 1146/7/299 1151/7/300
f 1148/7/301 1139/7/302 1132/7/298 1136/7/297
f 1139/7/302 1152/7/303 1143/7/304 1132/7/298
f 1137/7/305 1133/7/306 1139/7/302 1148/7/301
f 1149/7/307 1140/7/308 1133/7/306 1137/7/305
f 1140/7/308 1155/7/309 1147/7/310 1133/7/306
f 1141/7/311 1134/7/312 1138/7/313 1150/7/314
f 1153/7/315 1144/7/316 1134/7/312 1141/7/311
f 1144/7/316 1149/7/307 1137/7/305 1134/7/312
f 1145/7/317 1135/7/318 1142/7/319 1154/7/320
f 1150/7/314 1138/7/313 1135/7/318 1145/7/317
f 1138/7/313 1148/7/301 1136/7/297 1135/7/318
f 1135/7/318 1136/7/297 1151/7/300 1142/7/319
f 1134/7/312 1137/7/305 1148/7/301 1138/7/313
f 1133/7/306 1147/7/310 1152/7/303 1139/7/302
f 1132/7/298 1143/7/304 1156/7/321 1146/7/299
f 1191/5/23 1200/5/23 1175/5/23 1166/5/23
f 1201/5/322 1196/5/323 1171/5/324 1176/5/322
f 1192/5/325 1201/5/322 1176/5/322 1167/5/326
f 1202/5/21 1197/5/21 1172/5/21 1177/5/21
f 1205/5/327 1190/5/328 1165/5/329 1180/5/327
f 1193/5/21 1202/5/21 1177/5/21 1168/5/21
f 1203/5/23 1191/5/23 1166/5/23 1178/5/23
f 1194/5/330 1203/5/331 1178/5/331 1169/5/332
f 1204/5/333 1192/5/325 1167/5/326 1179/5/334
f 1195/5/23 1204/5/333 1179/5/334 1170/5/23
f 1206/5/335 1193/5/21 1168/5/21 1181/5/336
f 1196/5/323 1206/5/335 1181/5/336 1171/5/324
f 1199/5/337 1194/5/330 1169/5/332 1174/5/337
f 1197/5/21 1205/5/21 1180/5/21 1172/5/21
f 1190/5/328 1199/5/337 1174/5/337 1165/5/329
f 1200/5/23 1195/5/23 1170/5/23 1175/5/23
f 1161/6/272 1176/6/273 1171/6/274 1157/6/275
f 1173/6/276 1161/6/272 1157/6/275 1164/6/277
f 1164/6/277 1157/6/275 1168/6/278 1177/6/279
f 1162/6/280 1173/6/276 1164/6/277 1158/6/338
f 1174/6/282 1162/6/280 1158/6/338 1165/6/339
f 1165/6/339 1158/6/338 1172/6/340 1180/6/341
f 1166/6/286 1175/6/287 1163/6/288 1159/6/289
f 1178/6/290 1166/6/286 1159/6/289 1169/6/291
f 1169/6/291 1159/6/289 1162/6/280 1174/6/282
f 1170/6/292 1179/6/293 1167/6/294 1160/6/295
f 1175/6/287 1170/6/292 1160/6/295 1163/6/288
f 1163/6/288 1160/6/295 1161/6/272 1173/6/276
f 1160/6/295 1167/6/294 1176/6/273 1161/6/272
f 1159/6/289 1163/6/288 1173/6/276 1162/6/280
f 1158/6/338 1164/6/277 1177/6/279 1172/6/340
f 1157/6/275 1171/6/274 1181/6/296 1168/6/278
f 1186/7/297 1182/7/298 1196/7/299 1201/7/300
f 1198/7/301 1189/7/302 1182/7/298 1186/7/297
f 1189/7/302 1202/7/303 1193/7/304 1182/7/298
f 1187/7/342 1183/7/306 1189/7/302 1198/7/301
f 1199/7/307 1190/7/308 1183/7/306 1187/7/342
f 1190/7/308 1205/7/309 1197/7/310 1183/7/306
f 1191/7/311 1184/7/312 1188/7/313 1200/7/314
f 1203/7/315 1194/7/343 1184/7/312 1191/7/311
f 1194/7/343 1199/7/307 1187/7/342 1184/7/312
f 1195/7/317 1185/7/318 1192/7/319 1204/7/320
f 1200/7/314 1188/7/313 1185/7/318 1195/7/317
f 1188/7/313 1198/7/301 1186/7/297 1185/7/318
f 1185/7/318 1186/7/297 1201/7/300 1192/7/319
f 1184/7/312 1187/7/342 1198/7/301 1188/7/313
f 1183/7/306 1197/7/310 1202/7/303 1189/7/302
f 1182/7/298 1193/7/304 1206/7/321 1196/7/299
f 1231/7/298 1220/7/304 1207/7/321 1217/7/299
f 1230/7/306 1216/7/310 1211/7/303 1224/7/302
f 1229/7/312 1226/7/342 1215/7/301 1225/7/313
f 1228/7/318 1227/7/297 1212/7/300 1221/7/319
f 1225/7/313 1215/7/301 1227/7/297 1228/7/318
f 1213/7/314 1225/7/313 1228/7/318 1218/7/317
f 1218/7/317 1228/7/318 1221/7/319 1209/7/320
f 1219/7/343 1214/7/307 1226/7/342 1229/7/312
f 1210/7/315 1219/7/343 1229/7/312 1222/7/311
f 1222/7/311 1229/7/312 1225/7/313 1213/7/314
f 1223/7/308 1208/7/309 1216/7/310 1230/7/306
f 1214/7/307 1223/7/308 1230/7/306 1226/7/342
f 1226/7/342 1230/7/306 1224/7/302 1215/7/301
f 1224/7/302 1211/7/303 1220/7/304 1231/7/298
f 1215/7/301 1224/7/302 1231/7/298 1227/7/297
f 1227/7/297 1231/7/298 1217/7/299 1212/7/300
f 1256/6/275 1242/6/274 1232/6/296 1245/6/278
f 1255/6/338 1249/6/277 1236/6/279 1241/6/340
f 1254/6/289 1250/6/288 1240/6/276 1251/6/280
f 1253/6/295 1246/6/294 1237/6/273 1252/6/272
f 1250/6/288 1253/6/295 1252/6/272 1240/6/276
f 1238/6/287 1243/6/292 1253/6/295 1250/6/288
f 1243/6/292 1234/6/293 1246/6/294 1253/6/295
f 1244/6/291 1254/6/289 1251/6/280 1239/6/282
f 1235/6/290 1247/6/286 1254/6/289 1244/6/291
f 1247/6/286 1238/6/287 1250/6/288 1254/6/289
f 1248/6/339 1255/6/338 1241/6/340 1233/6/341
f 1239/6/282 1251/6/280 1255/6/338 1248/6/339
f 1251/6/280 1240/6/276 1249/6/277 1255/6/338
f 1249/6/277 1256/6/275 1245/6/278 1236/6/279
f 1240/6/276 1252/6/272 1256/6/275 1249/6/277
f 1252/6/272 1237/6/273 1242/6/274 1256/6/275
f 1213/5/23 1218/5/23 1243/5/23 1238/5/23
f 1223/5/328 1214/5/337 1239/5/337 1248/5/329
f 1216/5/21 1208/5/21 1233/5/21 1241/5/21
f 1214/5/337 1219/5/330 1244/5/332 1239/5/337
f 1217/5/323 1207/5/344 1232/5/336 1242/5/324
f 1207/5/344 1220/5/21 1245/5/21 1232/5/336
f 1218/5/23 1209/5/333 1234/5/334 1243/5/23
f 1209/5/333 1221/5/325 1246/5/326 1234/5/334
f 1219/5/330 1210/5/331 1235/5/331 1244/5/332
f 1210/5/23 1222/5/23 1247/5/23 1235/5/23
f 1220/5/21 1211/5/21 1236/5/21 1245/5/21
f 1208/5/327 1223/5/328 1248/5/329 1233/5/327
f 1211/5/21 1216/5/21 1241/5/21 1236/5/21
f 1221/5/325 1212/5/322 1237/5/322 1246/5/326
f 1212/5/322 1217/5/323 1242/5/324 1237/5/322
f 1222/5/23 1213/5/23 1238/5/23 1247/5/23
f 1291/5/23 1300/5/23 1275/5/23 1266/5/23
f 1301/5/322 1296/5/323 1271/5/324 1276/5/322
f 1292/5/325 1301/5/322 1276/5/322 1267/5/326
f 1302/5/21 1297/5/21 1272/5/21 1277/5/21
f 1305/5/327 1290/5/328 1265/5/329 1280/5/327
f 1293/5/21 1302/5/21 1277/5/21 1268/5/21
f 1303/5/23 1291/5/23 1266/5/23 1278/5/23
f 1294/5/330 1303/5/331 1278/5/331 1269/5/332
f 1304/5/333 1292/5/325 1267/5/326 1279/5/334
f 1295/5/23 1304/5/333 1279/5/334 1270/5/23
f 1306/5/344 1293/5/21 1268/5/21 1281/5/336
f 1296/5/323 1306/5/344 1281/5/336 1271/5/324
f 1299/5/337 1294/5/330 1269/5/332 1274/5/337
f 1297/5/21 1305/5/21 1280/5/21 1272/5/21
f 1290/5/328 1299/5/337 1274/5/337 1265/5/329
f 1300/5/23 1295/5/23 1270/5/23 1275/5/23
f 1261/9/272 1276/9/273 1271/9/274 1257/9/275
f 1273/9/276 1261/9/272 1257/9/275 1264/9/277
f 1264/9/277 1257/9/275 1268/9/278 1277/9/279
f 1262/9/280 1273/9/276 1264/9/277 1258/9/338
f 1274/9/282 1262/9/280 1258/9/338 1265/9/339
f 1265/9/339 1258/9/338 1272/9/340 1280/9/341
f 1266/9/286 1275/9/287 1263/9/288 1259/9/289
f 1278/9/290 1266/9/286 1259/9/289 1269/9/291
f 1269/9/291 1259/9/289 1262/9/280 1274/9/282
f 1270/9/292 1279/9/293 1267/9/294 1260/9/295
f 1275/9/287 1270/9/292 1260/9/295 1263/9/288
f 1263/9/288 1260/9/295 1261/9/272 1273/9/276
f 1260/9/295 1267/9/294 1276/9/273 1261/9/272
f 1259/9/289 1263/9/288 1273/9/276 1262/9/280
f 1258/9/338 1264/9/277 1277/9/279 1272/9/340
f 1257/9/275 1271/9/274 1281/9/296 1268/9/278
f 1286/7/297 1282/7/298 1296/7/299 1301/7/300
f 1298/7/301 1289/7/302 1282/7/298 1286/7/297
f 1289/7/302 1302/7/303 1293/7/304 1282/7/298
f 1287/7/342 1283/7/306 1289/7/302 1298/7/301
f 1299/7/307 1290/7/345 1283/7/306 1287/7/342
f 1290/7/345 1305/7/309 1297/7/310 1283/7/306
f 1291/7/311 1284/7/312 1288/7/313 1300/7/314
f 1303/7/315 1294/7/316 1284/7/312 1291/7/311
f 1294/7/316 1299/7/307 1287/7/342 1284/7/312
f 1295/7/317 1285/7/318 1292/7/319 1304/7/320
f 1300/7/314 1288/7/313 1285/7/318 1295/7/317
f 1288/7/313 1298/7/301 1286/7/297 1285/7/318
f 1285/7/318 1286/7/297 1301/7/300 1292/7/319
f 1284/7/312 1287/7/342 1298/7/301 1288/7/313
f 1283/7/306 1297/7/310 1302/7/303 1289/7/302
f 1282/7/298 1293/7/304 1306/7/321 1296/7/299
f 1331/7/298 1320/7/304 1307/7/321 1317/7/299
f 1330/7/306 1316/7/310 1311/7/303 1324/7/302
f 1329/7/312 1326/7/342 1315/7/301 1325/7/313
f 1328/7/318 1327/7/297 1312/7/300 1321/7/319
f 1325/7/313 1315/7/301 1327/7/297 1328/7/318
f 1313/7/314 1325/7/313 1328/7/318 1318/7/317
f 1318/7/317 1328/7/318 1321/7/319 1309/7/320
f 1319/7/343 1314/7/307 1326/7/342 1329/7/312
f 1310/7/315 1319/7/343 1329/7/312 1322/7/311
f 1322/7/311 1329/7/312 1325/7/313 1313/7/314
f 1323/7/308 1308/7/309 1316/7/310 1330/7/306
f 1314/7/307 1323/7/308 1330/7/306 1326/7/342
f 1326/7/342 1330/7/306 1324/7/302 1315/7/301
f 1324/7/302 1311/7/303 1320/7/304 1331/7/298
f 1315/7/301 1324/7/302 1331/7/298 1327/7/297
f 1327/7/297 1331/7/298 1317/7/299 1312/7/300
f 1356/6/275 1342/6/274 1332/6/296 1345/6/278
f 1355/6/338 1349/6/277 1336/6/279 1341/6/340
f 1354/6/289 1350/6/288 1340/6/276 1351/6/280
f 1353/6/295 1346/6/294 1337/6/273 1352/6/272
f 1350/6/288 1353/6/295 1352/6/272 1340/6/276
f 1338/6/287 1343/6/292 1353/6/295 1350/6/288
f 1343/6/292 1334/6/293 1346/6/294 1353/6/295
f 1344/6/291 1354/6/289 1351/6/280 1339/6/282
f 1335/6/290 1347/6/286 1354/6/289 1344/6/291
f 1347/6/286 1338/6/287 1350/6/288 1354/6/289
f 1348/6/339 1355/6/338 1341/6/340 1333/6/341
f 1339/6/282 1351/6/280 1355/6/338 1348/6/339
f 1351/6/280 1340/6/276 1349/6/277 1355/6/338
f 1349/6/277 1356/6/275 1345/6/278 1336/6/279
f 1340/6/276 1352/6/272 1356/6/275 1349/6/277
f 1352/6/272 1337/6/273 1342/6/274 1356/6/275
f 1313/5/23 1318/5/23 1343/5/23 1338/5/23
f 1323/5/328 1314/5/337 1339/5/337 1348/5/329
f 1316/5/21 1308/5/21 1333/5/21 1341/5/21
f 1314/5/337 1319/5/330 1344/5/332 1339/5/337
f 1317/5/323 1307/5/335 1332/5/336 1342/5/324
f 1307/5/335 1320/5/21 1345/5/21 1332/5/336
f 1318/5/23 1309/5/333 1334/5/334 1343/5/23
f 1309/5/333 1321/5/325 1346/5/326 1334/5/334
f 1319/5/330 1310/5/331 1335/5/331 1344/5/332
f 1310/5/23 1322/5/23 1347/5/23 1335/5/23
f 1320/5/21 1311/5/21 1336/5/21 1345/5/21
f 1308/5/327 1323/5/328 1348/5/329 1333/5/327
f 1311/5/21 1316/5/21 1341/5/21 1336/5/21
f 1321/5/325 1312/5/322 1337/5/322 1346/5/326
f 1312/5/322 1317/5/323 1342/5/324 1337/5/322
f 1322/5/23 1313/5/23 1338/5/23 1347/5/23
f 1381/7/346 1370/7/347 1357/7/348 1367/7/349
f 1380/7/350 1366/7/351 1361/7/352 1374/7/353
f 1379/7/354 1376/7/355 1365/7/356 1375/7/357
f 1378/7/358 1377/7/359 1362/7/360 1371/7/361
f 1375/7/357 1365/7/356 1377/7/359 1378/7/358
f 1363/7/362 1375/7/357 1378/7/358 1368/7/363
f 1368/7/363 1378/7/358 1371/7/361 1359/7/364
f 1369/7/365 1364/7/366 1376/7/355 1379/7/354
f 1360/7/367 1369/7/365 1379/7/354 1372/7/368
f 1372/7/368 1379/7/354 1375/7/357 1363/7/362
f 1373/7/369 1358/7/370 1366/7/351 1380/7/350
f 1364/7/366 1373/7/369 1380/7/350 1376/7/355
f 1376/7/355 1380/7/350 1374/7/353 1365/7/356
f 1374/7/353 1361/7/352 1370/7/347 1381/7/346
f 1365/7/356 1374/7/353 1381/7/346 1377/7/359
f 1377/7/359 1381/7/346 1367/7/349 1362/7/360
f 1406/6/371 1392/6/372 1382/6/373 1395/6/374
f 1405/6/375 1399/6/376 1386/6/377 1391/6/378
f 1404/6/379 1400/6/380 1390/6/381 1401/6/382
f 1403/6/383 1396/6/384 1387/6/385 1402/6/386
f 1400/6/380 1403/6/383 1402/6/386 1390/6/381
f 1388/6/387 1393/6/388 1403/6/383 1400/6/380
f 1393/6/388 1384/6/389 1396/6/384 1403/6/383
f 1394/6/390 1404/6/379 1401/6/382 1389/6/391
f 1385/6/392 1397/6/393 1404/6/379 1394/6/390
f 1397/6/393 1388/6/387 1400/6/380 1404/6/379
f 1398/6/394 1405/6/375 1391/6/378 1383/6/395
f 1389/6/391 1401/6/382 1405/6/375 1398/6/394
f 1401/6/382 1390/6/381 1399/6/376 1405/6/375
f 1399/6/376 1406/6/371 1395/6/374 1386/6/377
f 1390/6/381 1402/6/386 1406/6/371 1399/6/376
f 1402/6/386 1387/6/385 1392/6/372 1406/6/371
f 1363/5/23 1368/5/23 1393/5/23 1388/5/23
f 1373/5/396 1364/5/397 1389/5/397 1398/5/398
f 1366/5/21 1358/5/21 1383/5/21 1391/5/21
f 1364/5/397 1369/5/399 1394/5/400 1389/5/397
f 1367/5/401 1357/5/402 1382/5/403 1392/5/404
f 1357/5/402 1370/5/21 1395/5/21 1382/5/403
f 1368/5/23 1359/5/405 1384/5/406 1393/5/23
f 1359/5/405 1371/5/407 1396/5/408 1384/5/406
f 1369/5/399 1360/5/409 1385/5/409 1394/5/400
f 1360/5/23 1372/5/23 1397/5/23 1385/5/23
f 1370/5/21 1361/5/21 1386/5/21 1395/5/21
f 1358/5/410 1373/5/396 1398/5/398 1383/5/410
f 1361/5/21 1366/5/21 1391/5/21 1386/5/21
f 1371/5/407 1362/5/411 1387/5/411 1396/5/408
f 1362/5/411 1367/5/401 1392/5/404 1387/5/411
f 1372/5/23 1363/5/23 1388/5/23 1397/5/23
f 1441/5/252 1450/5/252 1425/5/252 1416/5/252
f 1451/5/412 1446/5/413 1421/5/414 1426/5/412
f 1442/5/415 1451/5/412 1426/5/412 1417/5/416
f 1452/5/258 1447/5/259 1422/5/259 1427/5/258
f 1455/5/417 1440/5/418 1415/5/419 1430/5/417
f 1443/5/258 1452/5/258 1427/5/258 1418/5/258
f 1453/5/252 1441/5/252 1416/5/252 1428/5/252
f 1444/5/420 1453/5/421 1428/5/421 1419/5/422
f 1454/5/423 1442/5/415 1417/5/416 1429/5/424
f 1445/5/252 1454/5/423 1429/5/424 1420/5/252
f 1456/5/425 1443/5/258 1418/5/258 1431/5/426
f 1446/5/413 1456/5/425 1431/5/426 1421/5/414
f 1449/5/427 1444/5/420 1419/5/422 1424/5/427
f 1447/5/259 1455/5/271 1430/5/271 1422/5/259
f 1440/5/418 1449/5/427 1424/5/427 1415/5/419
f 1450/5/252 1445/5/252 1420/5/252 1425/5/252
f 1411/6/386 1426/6/385 1421/6/372 1407/6/371
f 1423/6/381 1411/6/386 1407/6/371 1414/6/428
f 1414/6/428 1407/6/371 1418/6/374 1427/6/377
f 1412/6/382 1423/6/381 1414/6/428 1408/6/429
f 1424/6/391 1412/6/382 1408/6/429 1415/6/430
f 1415/6/430 1408/6/429 1422/6/431 1430/6/432
f 1416/6/393 1425/6/387 1413/6/433 1409/6/379
f 1428/6/392 1416/6/393 1409/6/379 1419/6/390
f 1419/6/390 1409/6/379 1412/6/382 1424/6/391
f 1420/6/388 1429/6/389 1417/6/384 1410/6/383
f 1425/6/387 1420/6/388 1410/6/383 1413/6/433
f 1413/6/433 1410/6/383 1411/6/386 1423/6/381
f 1410/6/383 1417/6/384 1426/6/385 1411/6/386
f 1409/6/379 1413/6/433 1423/6/381 1412/6/382
f 1408/6/429 1414/6/428 1427/6/377 1422/6/431
f 1407/6/371 1421/6/372 1431/6/373 1418/6/374
f 1436/7/359 1432/7/346 1446/7/349 1451/7/360
f 1448/7/356 1439/7/353 1432/7/346 1436/7/359
f 1439/7/353 1452/7/352 1443/7/347 1432/7/346
f 1437/7/355 1433/7/350 1439/7/353 1448/7/356
f 1449/7/366 1440/7/369 1433/7/350 1437/7/355
f 1440/7/369 1455/7/370 1447/7/351 1433/7/350
f 1441/7/368 1434/7/354 1438/7/434 1450/7/362
f 1453/7/367 1444/7/365 1434/7/354 1441/7/368
f 1444/7/365 1449/7/366 1437/7/355 1434/7/354
f 1445/7/363 1435/7/358 1442/7/361 1454/7/435
f 1450/7/362 1438/7/434 1435/7/358 1445/7/363
f 1438/7/434 1448/7/356 1436/7/359 1435/7/358
f 1435/7/358 1436/7/359 1451/7/360 1442/7/361
f 1434/7/354 1437/7/355 1448/7/356 1438/7/434
f 1433/7/350 1447/7/351 1452/7/352 1439/7/353
f 1432/7/346 1443/7/347 1456/7/436 1446/7/349
f 1491/5/23 1500/5/23 1475/5/23 1466/5/23
f 1501/5/411 1496/5/401 1471/5/404 1476/5/411
f 1492/5/407 1501/5/411 1476/5/411 1467/5/408
f 1502/5/21 1497/5/21 1472/5/21 1477/5/21
f 1505/5/410 1490/5/396 1465/5/398 1480/5/410
f 1493/5/21 1502/5/21 1477/5/21 1468/5/21
f 1503/5/23 1491/5/23 1466/5/23 1478/5/23
f 1494/5/399 1503/5/409 1478/5/409 1469/5/400
f 1504/5/405 1492/5/407 1467/5/408 1479/5/406
f 1495/5/23 1504/5/405 1479/5/406 1470/5/23
f 1506/5/402 1493/5/21 1468/5/21 1481/5/403
f 1496/5/401 1506/5/402 1481/5/403 1471/5/404
f 1499/5/397 1494/5/399 1469/5/400 1474/5/397
f 1497/5/21 1505/5/21 1480/5/21 1472/5/21
f 1490/5/396 1499/5/397 1474/5/397 1465/5/398
f 1500/5/23 1495/5/23 1470/5/23 1475/5/23
f 1461/6/386 1476/6/385 1471/6/372 1457/6/371
f 1473/6/381 1461/6/386 1457/6/371 1464/6/376
f 1464/6/376 1457/6/371 1468/6/374 1477/6/377
f 1462/6/382 1473/6/381 1464/6/376 1458/6/375
f 1474/6/391 1462/6/382 1458/6/375 1465/6/437
f 1465/6/437 1458/6/375 1472/6/378 1480/6/395
f 1466/6/393 1475/6/387 1463/6/380 1459/6/379
f 1478/6/392 1466/6/393 1459/6/379 1469/6/390
f 1469/6/390 1459/6/379 1462/6/382 1474/6/391
f 1470/6/388 1479/6/389 1467/6/384 1460/6/383
f 1475/6/387 1470/6/388 1460/6/383 1463/6/380
f 1463/6/380 1460/6/383 1461/6/386 1473/6/381
f 1460/6/383 1467/6/384 1476/6/385 1461/6/386
f 1459/6/379 1463/6/380 1473/6/381 1462/6/382
f 1458/6/375 1464/6/376 1477/6/377 1472/6/378
f 1457/6/371 1471/6/372 1481/6/373 1468/6/374
f 1486/7/359 1482/7/346 1496/7/349 1501/7/360
f 1498/7/356 1489/7/353 1482/7/346 1486/7/359
f 1489/7/353 1502/7/352 1493/7/347 1482/7/346
f 1487/7/355 1483/7/350 1489/7/353 1498/7/356
f 1499/7/366 1490/7/369 1483/7/350 1487/7/355
f 1490/7/369 1505/7/370 1497/7/351 1483/7/350
f 1491/7/368 1484/7/354 1488/7/357 1500/7/362
f 1503/7/367 1494/7/365 1484/7/354 1491/7/368
f 1494/7/365 1499/7/366 1487/7/355 1484/7/354
f 1495/7/363 1485/7/358 1492/7/361 1504/7/364
f 1500/7/362 1488/7/357 1485/7/358 1495/7/363
f 1488/7/357 1498/7/356 1486/7/359 1485/7/358
f 1485/7/358 1486/7/359 1501/7/360 1492/7/361
f 1484/7/354 1487/7/355 1498/7/356 1488/7/357
f 1483/7/350 1497/7/351 1502/7/352 1489/7/353
f 1482/7/346 1493/7/347 1506/7/348 1496/7/349
f 1541/5/23 1550/5/23 1525/5/23 1516/5/23
f 1551/5/411 1546/5/401 1521/5/404 1526/5/411
f 1542/5/407 1551/5/411 1526/5/411 1517/5/408
f 1552/5/21 1547/5/21 1522/5/21 1527/5/21
f 1555/5/410 1540/5/396 1515/5/398 1530/5/410
f 1543/5/21 1552/5/21 1527/5/21 1518/5/21
f 1553/5/23 1541/5/23 1516/5/23 1528/5/23
f 1544/5/399 1553/5/409 1528/5/409 1519/5/400
f 1554/5/405 1542/5/407 1517/5/408 1529/5/406
f 1545/5/23 1554/5/405 1529/5/406 1520/5/23
f 1556/5/402 1543/5/21 1518/5/21 1531/5/403
f 1546/5/401 1556/5/402 1531/5/403 1521/5/404
f 1549/5/397 1544/5/399 1519/5/400 1524/5/397
f 1547/5/21 1555/5/21 1530/5/21 1522/5/21
f 1540/5/396 1549/5/397 1524/5/397 1515/5/398
f 1550/5/23 1545/5/23 1520/5/23 1525/5/23
f 1511/9/386 1526/9/385 1521/9/372 1507/9/371
f 1523/9/381 1511/9/386 1507/9/371 1514/9/376
f 1514/9/376 1507/9/371 1518/9/374 1527/9/377
f 1512/9/382 1523/9/381 1514/9/376 1508/9/375
f 1524/9/391 1512/9/382 1508/9/375 1515/9/437
f 1515/9/437 1508/9/375 1522/9/378 1530/9/395
f 1516/9/393 1525/9/387 1513/9/380 1509/9/379
f 1528/9/392 1516/9/393 1509/9/379 1519/9/390
f 1519/9/390 1509/9/379 1512/9/382 1524/9/391
f 1520/9/388 1529/9/389 1517/9/384 1510/9/383
f 1525/9/387 1520/9/388 1510/9/383 1513/9/380
f 1513/9/380 1510/9/383 1511/9/386 1523/9/381
f 1510/9/383 1517/9/384 1526/9/385 1511/9/386
f 1509/9/379 1513/9/380 1523/9/381 1512/9/382
f 1508/9/375 1514/9/376 1527/9/377 1522/9/378
f 1507/9/371 1521/9/372 1531/9/373 1518/9/374
f 1536/7/359 1532/7/346 1546/7/349 1551/7/360
f 1548/7/356 1539/7/353 1532/7/346 1536/7/359
f 1539/7/353 1552/7/352 1543/7/347 1532/7/346
f 1537/7/355 1533/7/350 1539/7/353 1548/7/356
f 1549/7/366 1540/7/369 1533/7/350 1537/7/355
f 1540/7/369 1555/7/370 1547/7/351 1533/7/350
f 1541/7/368 1534/7/354 1538/7/357 1550/7/362
f 1553/7/367 1544/7/365 1534/7/354 1541/7/368
f 1544/7/365 1549/7/366 1537/7/355 1534/7/354
f 1545/7/363 1535/7/358 1542/7/361 1554/7/364
f 1550/7/362 1538/7/357 1535/7/358 1545/7/363
f 1538/7/357 1548/7/356 1536/7/359 1535/7/358
f 1535/7/358 1536/7/359 1551/7/360 1542/7/361
f 1534/7/354 1537/7/355 1548/7/356 1538/7/357
f 1533/7/350 1547/7/351 1552/7/352 1539/7/353
f 1532/7/346 1543/7/347 1556/7/348 1546/7/349
f 1591/5/23 1600/5/23 1575/5/23 1566/5/23
f 1601/5/411 1596/5/401 1571/5/404 1576/5/411
f 1592/5/407 1601/5/411 1576/5/411 1567/5/408
f 1602/5/21 1597/5/21 1572/5/21 1577/5/21
f 1605/5/410 1590/5/396 1565/5/398 1580/5/410
f 1593/5/21 1602/5/21 1577/5/21 1568/5/21
f 1603/5/23 1591/5/23 1566/5/23 1578/5/23
f 1594/5/399 1603/5/409 1578/5/409 1569/5/400
f 1604/5/405 1592/5/407 1567/5/408 1579/5/406
f 1595/5/23 1604/5/405 1579/5/406 1570/5/23
f 1606/5/402 1593/5/21 1568/5/21 1581/5/403
f 1596/5/401 1606/5/402 1581/5/403 1571/5/404
f 1599/5/397 1594/5/399 1569/5/400 1574/5/397
f 1597/5/21 1605/5/21 1580/5/21 1572/5/21
f 1590/5/396 1599/5/397 1574/5/397 1565/5/398
f 1600/5/23 1595/5/23 1570/5/23 1575/5/23
f 1561/6/386 1576/6/385 1571/6/372 1557/6/371
f 1573/6/381 1561/6/386 1557/6/371 1564/6/376
f 1564/6/376 1557/6/371 1568/6/374 1577/6/377
f 1562/6/382 1573/6/381 1564/6/376 1558/6/375
f 1574/6/391 1562/6/382 1558/6/375 1565/6/437
f 1565/6/437 1558/6/375 1572/6/378 1580/6/395
f 1566/6/393 1575/6/387 1563/6/380 1559/6/379
f 1578/6/392 1566/6/393 1559/6/379 1569/6/390
f 1569/6/390 1559/6/379 1562/6/382 1574/6/391
f 1570/6/388 1579/6/389 1567/6/384 1560/6/383
f 1575/6/387 1570/6/388 1560/6/383 1563/6/380
f 1563/6/380 1560/6/383 1561/6/386 1573/6/381
f 1560/6/383 1567/6/384 1576/6/385 1561/6/386
f 1559/6/379 1563/6/380 1573/6/381 1562/6/382
f 1558/6/375 1564/6/376 1577/6/377 1572/6/378
f 1557/6/371 1571/6/372 1581/6/373 1568/6/374
f 1586/7/359 1582/7/346 1596/7/349 1601/7/360
f 1598/7/356 1589/7/353 1582/7/346 1586/7/359
f 1589/7/353 1602/7/352 1593/7/347 1582/7/346
f 1587/7/355 1583/7/350 1589/7/353 1598/7/356
f 1599/7/366 1590/7/369 1583/7/350 1587/7/355
f 1590/7/369 1605/7/370 1597/7/351 1583/7/350
f 1591/7/368 1584/7/354 1588/7/357 1600/7/362
f 1603/7/367 1594/7/365 1584/7/354 1591/7/368
f 1594/7/365 1599/7/366 1587/7/355 1584/7/354
f 1595/7/363 1585/7/358 1592/7/361 1604/7/364
f 1600/7/362 1588/7/357 1585/7/358 1595/7/363
f 1588/7/357 1598/7/356 1586/7/359 1585/7/358
f 1585/7/358 1586/7/359 1601/7/360 1592/7/361
f 1584/7/354 1587/7/355 1598/7/356 1588/7/357
f 1583/7/350 1597/7/351 1602/7/352 1589/7/353
f 1582/7/346 1593/7/347 1606/7/348 1596/7/349
f 1641/5/23 1650/5/23 1625/5/23 1616/5/23
f 1651/5/411 1646/5/401 1621/5/404 1626/5/411
f 1642/5/407 1651/5/411 1626/5/411 1617/5/408
f 1652/5/21 1647/5/21 1622/5/21 1627/5/21
f 1655/5/410 1640/5/396 1615/5/398 1630/5/410
f 1643/5/21 1652/5/21 1627/5/21 1618/5/21
f 1653/5/23 1641/5/23 1616/5/23 1628/5/23
f 1644/5/399 1653/5/409 1628/5/409 1619/5/400
f 1654/5/405 1642/5/407 1617/5/408 1629/5/406
f 1645/5/23 1654/5/405 1629/5/406 1620/5/23
f 1656/5/402 1643/5/21 1618/5/21 1631/5/403
f 1646/5/401 1656/5/402 1631/5/403 1621/5/404
f 1649/5/397 1644/5/399 1619/5/400 1624/5/397
f 1647/5/21 1655/5/21 1630/5/21 1622/5/21
f 1640/5/396 1649/5/397 1624/5/397 1615/5/398
f 1650/5/23 1645/5/23 1620/5/23 1625/5/23
f 1611/8/386 1626/8/385 1621/8/372 1607/8/371
f 1623/8/381 1611/8/386 1607/8/371 1614/8/376
f 1614/8/376 1607/8/371 1618/8/374 1627/8/377
f 1612/8/382 1623/8/381 1614/8/376 1608/8/375
f 1624/8/391 1612/8/382 1608/8/375 1615/8/394
f 1615/8/394 1608/8/375 1622/8/378 1630/8/395
f 1616/8/393 1625/8/387 1613/8/380 1609/8/379
f 1628/8/392 1616/8/393 1609/8/379 1619/8/438
f 1619/8/438 1609/8/379 1612/8/382 1624/8/391
f 1620/8/388 1629/8/389 1617/8/384 1610/8/383
f 1625/8/387 1620/8/388 1610/8/383 1613/8/380
f 1613/8/380 1610/8/383 1611/8/386 1623/8/381
f 1610/8/383 1617/8/384 1626/8/385 1611/8/386
f 1609/8/379 1613/8/380 1623/8/381 1612/8/382
f 1608/8/375 1614/8/376 1627/8/377 1622/8/378
f 1607/8/371 1621/8/372 1631/8/373 1618/8/374
f 1636/7/359 1632/7/346 1646/7/349 1651/7/360
f 1648/7/356 1639/7/353 1632/7/346 1636/7/359
f 1639/7/353 1652/7/352 1643/7/347 1632/7/346
f 1637/7/355 1633/7/350 1639/7/353 1648/7/356
f 1649/7/366 1640/7/369 1633/7/350 1637/7/355
f 1640/7/369 1655/7/370 1647/7/351 1633/7/350
f 1641/7/368 1634/7/354 1638/7/357 1650/7/362
f 1653/7/367 1644/7/365 1634/7/354 1641/7/368
f 1644/7/365 1649/7/366 1637/7/355 1634/7/354
f 1645/7/363 1635/7/358 1642/7/361 1654/7/364
f 1650/7/362 1638/7/357 1635/7/358 1645/7/363
f 1638/7/357 1648/7/356 1636/7/359 1635/7/358
f 1635/7/358 1636/7/359 1651/7/360 1642/7/361
f 1634/7/354 1637/7/355 1648/7/356 1638/7/357
f 1633/7/350 1647/7/351 1652/7/352 1639/7/353
f 1632/7/346 1643/7/347 1656/7/348 1646/7/349
f 1685/5/252 1692/5/252 1672/5/252 1665/5/252
f 1693/5/253 1689/5/254 1669/5/255 1673/5/253
f 1686/5/256 1693/5/253 1673/5/253 1666/5/439
f 1694/5/258 1690/5/440 1670/5/440 1674/5/258
f 1687/5/258 1694/5/258 1674/5/258 1667/5/258
f 1695/5/266 1686/5/256 1666/5/439 1675/5/267
f 1688/5/252 1695/5/266 1675/5/267 1668/5/252
f 1696/5/268 1687/5/258 1667/5/258 1676/5/269
f 1689/5/254 1696/5/268 1676/5/269 1669/5/255
f 1692/5/252 1688/5/252 1668/5/252 1672/5/252
f 1661/6/272 1673/6/273 1669/6/274 1657/6/275
f 1671/6/276 1661/6/272 1657/6/275 1664/6/277
f 1664/6/277 1657/6/275 1667/6/278 1674/6/279
f 1662/6/441 1671/6/276 1664/6/277 1658/6/281
f 1665/6/286 1672/6/287 1663/6/288 1659/6/289
f 1668/6/292 1675/6/293 1666/6/294 1660/6/295
f 1672/6/287 1668/6/292 1660/6/295 1663/6/288
f 1663/6/288 1660/6/295 1661/6/272 1671/6/276
f 1660/6/295 1666/6/294 1673/6/273 1661/6/272
f 1659/6/289 1663/6/288 1671/6/276 1662/6/441
f 1658/6/281 1664/6/277 1674/6/279 1670/6/284
f 1657/6/275 1669/6/274 1676/6/296 1667/6/278
f 1681/7/297 1677/7/298 1689/7/299 1693/7/300
f 1691/7/301 1684/7/302 1677/7/298 1681/7/297
f 1684/7/302 1694/7/303 1687/7/304 1677/7/298
f 1682/7/342 1678/7/306 1684/7/302 1691/7/301
f 1685/7/311 1679/7/312 1683/7/313 1692/7/314
f 1688/7/317 1680/7/318 1686/7/319 1695/7/320
f 1692/7/314 1683/7/313 1680/7/318 1688/7/317
f 1683/7/313 1691/7/301 1681/7/297 1680/7/318
f 1680/7/318 1681/7/297 1693/7/300 1686/7/319
f 1679/7/312 1682/7/342 1691/7/301 1683/7/313
f 1678/7/306 1690/7/310 1694/7/303 1684/7/302
f 1677/7/298 1687/7/304 1696/7/321 1689/7/299
f 1725/5/23 1732/5/23 1712/5/23 1705/5/23
f 1733/5/322 1729/5/323 1709/5/442 1713/5/322
f 1726/5/325 1733/5/322 1713/5/322 1706/5/443
f 1734/5/21 1730/5/21 1710/5/21 1714/5/21
f 1727/5/21 1734/5/21 1714/5/21 1707/5/21
f 1735/5/444 1726/5/325 1706/5/443 1715/5/334
f 1728/5/23 1735/5/444 1715/5/334 1708/5/23
f 1736/5/335 1727/5/21 1707/5/21 1716/5/336
f 1729/5/323 1736/5/335 1716/5/336 1709/5/442
f 1732/5/23 1728/5/23 1708/5/23 1712/5/23
f 1701/9/272 1713/9/273 1709/9/274 1697/9/275
f 1711/9/276 1701/9/272 1697/9/275 1704/9/277
f 1704/9/277 1697/9/275 1707/9/278 1714/9/279
f 1702/9/441 1711/9/276 1704/9/277 1698/9/338
f 1705/9/286 1712/9/287 1703/9/288 1699/9/289
f 1708/9/292 1715/9/293 1706/9/294 1700/9/295
f 1712/9/287 1708/9/292 1700/9/295 1703/9/288
f 1703/9/288 1700/9/295 1701/9/272 1711/9/276
f 1700/9/295 1706/9/294 1713/9/273 1701/9/272
f 1699/9/289 1703/9/288 1711/9/276 1702/9/441
f 1698/9/338 1704/9/277 1714/9/279 1710/9/340
f 1697/9/275 1709/9/274 1716/9/296 1707/9/278
f 1721/7/297 1717/7/298 1729/7/299 1733/7/300
f 1731/7/301 1724/7/302 1717/7/298 1721/7/297
f 1724/7/302 1734/7/303 1727/7/304 1717/7/298
f 1722/7/342 1718/7/306 1724/7/302 1731/7/301
f 1725/7/311 1719/7/312 1723/7/313 1732/7/314
f 1728/7/317 1720/7/318 1726/7/319 1735/7/320
f 1732/7/314 1723/7/313 1720/7/318 1728/7/317
f 1723/7/313 1731/7/301 1721/7/297 1720/7/318
f 1720/7/318 1721/7/297 1733/7/300 1726/7/319
f 1719/7/312 1722/7/342 1731/7/301 1723/7/313
f 1718/7/306 1730/7/310 1734/7/303 1724/7/302
f 1717/7/298 1727/7/304 1736/7/321 1729/7/299
f 1756/7/298 1746/7/304 1737/7/321 1744/7/299
f 1755/7/306 1743/7/310 1739/7/303 1749/7/302
f 1754/7/312 1751/7/305 1742/7/301 1750/7/313
f 1753/7/318 1752/7/297 1740/7/300 1747/7/319
f 1750/7/313 1742/7/301 1752/7/297 1753/7/318
f 1741/7/314 1750/7/313 1753/7/318 1745/7/317
f 1745/7/317 1753/7/318 1747/7/319 1738/7/320
f 1748/7/311 1754/7/312 1750/7/313 1741/7/314
f 1751/7/305 1755/7/306 1749/7/302 1742/7/301
f 1749/7/302 1739/7/303 1746/7/304 1756/7/298
f 1742/7/301 1749/7/302 1756/7/298 1752/7/297
f 1752/7/297 1756/7/298 1744/7/299 1740/7/300
f 1776/6/275 1764/6/274 1757/6/296 1766/6/278
f 1775/6/338 1769/6/277 1759/6/279 1763/6/340
f 1774/6/289 1770/6/288 1762/6/276 1771/6/441
f 1773/6/295 1767/6/294 1760/6/273 1772/6/272
f 1770/6/288 1773/6/295 1772/6/272 1762/6/276
f 1761/6/287 1765/6/292 1773/6/295 1770/6/288
f 1765/6/292 1758/6/293 1767/6/294 1773/6/295
f 1768/6/286 1761/6/287 1770/6/288 1774/6/289
f 1771/6/441 1762/6/276 1769/6/277 1775/6/338
f 1769/6/277 1776/6/275 1766/6/278 1759/6/279
f 1762/6/276 1772/6/272 1776/6/275 1769/6/277
f 1772/6/272 1760/6/273 1764/6/274 1776/6/275
f 1741/5/23 1745/5/23 1765/5/23 1761/5/23
f 1744/5/323 1737/5/335 1757/5/336 1764/5/324
f 1737/5/335 1746/5/21 1766/5/21 1757/5/336
f 1745/5/23 1738/5/444 1758/5/334 1765/5/23
f 1738/5/444 1747/5/325 1767/5/443 1758/5/334
f 1746/5/21 1739/5/21 1759/5/21 1766/5/21
f 1739/5/21 1743/5/21 1763/5/21 1759/5/21
f 1747/5/325 1740/5/322 1760/5/322 1767/5/443
f 1740/5/322 1744/5/323 1764/5/324 1760/5/322
f 1748/5/23 1741/5/23 1761/5/23 1768/5/23
f 1805/5/23 1812/5/23 1792/5/23 1785/5/23
f 1813/5/322 1809/5/323 1789/5/442 1793/5/322
f 1806/5/325 1813/5/322 1793/5/322 1786/5/443
f 1814/5/21 1810/5/21 1790/5/21 1794/5/21
f 1807/5/21 1814/5/21 1794/5/21 1787/5/21
f 1815/5/444 1806/5/325 1786/5/443 1795/5/334
f 1808/5/23 1815/5/444 1795/5/334 1788/5/23
f 1816/5/335 1807/5/21 1787/5/21 1796/5/336
f 1809/5/323 1816/5/335 1796/5/336 1789/5/442
f 1812/5/23 1808/5/23 1788/5/23 1792/5/23
f 1781/6/272 1793/6/273 1789/6/274 1777/6/275
f 1791/6/276 1781/6/272 1777/6/275 1784/6/277
f 1784/6/277 1777/6/275 1787/6/278 1794/6/279
f 1782/6/441 1791/6/276 1784/6/277 1778/6/338
f 1785/6/286 1792/6/287 1783/6/288 1779/6/289
f 1788/6/292 1795/6/293 1786/6/294 1780/6/295
f 1792/6/287 1788/6/292 1780/6/295 1783/6/288
f 1783/6/288 1780/6/295 1781/6/272 1791/6/276
f 1780/6/295 1786/6/294 1793/6/273 1781/6/272
f 1779/6/289 1783/6/288 1791/6/276 1782/6/441
f 1778/6/338 1784/6/277 1794/6/279 1790/6/340
f 1777/6/275 1789/6/274 1796/6/296 1787/6/278
f 1801/7/297 1797/7/298 1809/7/299 1813/7/300
f 1811/7/301 1804/7/302 1797/7/298 1801/7/297
f 1804/7/302 1814/7/303 1807/7/304 1797/7/298
f 1802/7/342 1798/7/306 1804/7/302 1811/7/301
f 1805/7/311 1799/7/312 1803/7/313 1812/7/314
f 1808/7/317 1800/7/318 1806/7/319 1815/7/320
f 1812/7/314 1803/7/313 1800/7/318 1808/7/317
f 1803/7/313 1811/7/301 1801/7/297 1800/7/318
f 1800/7/318 1801/7/297 1813/7/300 1806/7/319
f 1799/7/312 1802/7/342 1811/7/301 1803/7/313
f 1798/7/306 1810/7/310 1814/7/303 1804/7/302
f 1797/7/298 1807/7/304 1816/7/321 1809/7/299
f 1836/7/298 1826/7/304 1817/7/321 1824/7/299
f 1835/7/306 1823/7/310 1819/7/303 1829/7/302
f 1834/7/312 1831/7/342 1822/7/301 1830/7/313
f 1833/7/318 1832/7/297 1820/7/300 1827/7/319
f 1830/7/313 1822/7/301 1832/7/297 1833/7/318
f 1821/7/314 1830/7/313 1833/7/318 1825/7/317
f 1825/7/317 1833/7/318 1827/7/319 1818/7/320
f 1828/7/311 1834/7/312 1830/7/313 1821/7/314
f 1831/7/342 1835/7/306 1829/7/302 1822/7/301
f 1829/7/302 1819/7/303 1826/7/304 1836/7/298
f 1822/7/301 1829/7/302 1836/7/298 1832/7/297
f 1832/7/297 1836/7/298 1824/7/299 1820/7/300
f 1856/6/275 1844/6/274 1837/6/296 1846/6/278
f 1855/6/338 1849/6/277 1839/6/279 1843/6/340
f 1854/6/289 1850/6/288 1842/6/276 1851/6/441
f 1853/6/295 1847/6/294 1840/6/273 1852/6/272
f 1850/6/288 1853/6/295 1852/6/272 1842/6/276
f 1841/6/287 1845/6/292 1853/6/295 1850/6/288
f 1845/6/292 1838/6/293 1847/6/294 1853/6/295
f 1848/6/286 1841/6/287 1850/6/288 1854/6/289
f 1851/6/441 1842/6/276 1849/6/277 1855/6/338
f 1849/6/277 1856/6/275 1846/6/278 1839/6/279
f 1842/6/276 1852/6/272 1856/6/275 1849/6/277
f 1852/6/272 1840/6/273 1844/6/274 1856/6/275
f 1821/5/23 1825/5/23 1845/5/23 1841/5/23
f 1824/5/323 1817/5/335 1837/5/336 1844/5/442
f 1817/5/335 1826/5/21 1846/5/21 1837/5/336
f 1825/5/23 1818/5/444 1838/5/334 1845/5/23
f 1818/5/444 1827/5/325 1847/5/443 1838/5/334
f 1826/5/21 1819/5/21 1839/5/21 1846/5/21
f 1819/5/21 1823/5/21 1843/5/21 1839/5/21
f 1827/5/325 1820/5/322 1840/5/322 1847/5/443
f 1820/5/322 1824/5/323 1844/5/442 1840/5/322
f 1828/5/23 1821/5/23 1841/5/23 1848/5/23
f 1881/7/346 1870/7/347 1857/7/348 1867/7/349
f 1880/7/350 1866/7/351 1861/7/352 1874/7/353
f 1879/7/354 1876/7/355 1865/7/356 1875/7/357
f 1878/7/358 1877/7/359 1862/7/360 1871/7/361
f 1875/7/357 1865/7/356 1877/7/359 1878/7/358
f 1863/7/362 1875/7/357 1878/7/358 1868/7/363
f 1868/7/363 1878/7/358 1871/7/361 1859/7/364
f 1869/7/365 1864/7/366 1876/7/355 1879/7/354
f 1860/7/367 1869/7/365 1879/7/354 1872/7/368
f 1872/7/368 1879/7/354 1875/7/357 1863/7/362
f 1873/7/369 1858/7/370 1866/7/351 1880/7/350
f 1864/7/366 1873/7/369 1880/7/350 1876/7/355
f 1876/7/355 1880/7/350 1874/7/353 1865/7/356
f 1874/7/353 1861/7/352 1870/7/347 1881/7/346
f 1865/7/356 1874/7/353 1881/7/346 1877/7/359
f 1877/7/359 1881/7/346 1867/7/349 1862/7/360
f 1906/6/371 1892/6/372 1882/6/373 1895/6/374
f 1905/6/375 1899/6/376 1886/6/377 1891/6/378
f 1904/6/379 1900/6/380 1890/6/381 1901/6/382
f 1903/6/383 1896/6/384 1887/6/385 1902/6/386
f 1900/6/380 1903/6/383 1902/6/386 1890/6/381
f 1888/6/387 1893/6/388 1903/6/383 1900/6/380
f 1893/6/388 1884/6/389 1896/6/384 1903/6/383
f 1894/6/438 1904/6/379 1901/6/382 1889/6/391
f 1885/6/392 1897/6/393 1904/6/379 1894/6/438
f 1897/6/393 1888/6/387 1900/6/380 1904/6/379
f 1898/6/394 1905/6/375 1891/6/378 1883/6/395
f 1889/6/391 1901/6/382 1905/6/375 1898/6/394
f 1901/6/382 1890/6/381 1899/6/376 1905/6/375
f 1899/6/376 1906/6/371 1895/6/374 1886/6/377
f 1890/6/381 1902/6/386 1906/6/371 1899/6/376
f 1902/6/386 1887/6/385 1892/6/372 1906/6/371
f 1863/5/23 1868/5/23 1893/5/23 1888/5/23
f 1873/5/396 1864/5/397 1889/5/397 1898/5/398
f 1866/5/21 1858/5/21 1883/5/21 1891/5/21
f 1864/5/397 1869/5/399 1894/5/400 1889/5/397
f 1867/5/401 1857/5/402 1882/5/403 1892/5/404
f 1857/5/402 1870/5/21 1895/5/21 1882/5/403
f 1868/5/23 1859/5/405 1884/5/406 1893/5/23
f 1859/5/405 1871/5/407 1896/5/408 1884/5/406
f 1869/5/399 1860/5/409 1885/5/409 1894/5/400
f 1860/5/23 1872/5/23 1897/5/23 1885/5/23
f 1870/5/21 1861/5/21 1886/5/21 1895/5/21
f 1858/5/410 1873/5/396 1898/5/398 1883/5/410
f 1861/5/21 1866/5/21 1891/5/21 1886/5/21
f 1871/5/407 1862/5/411 1887/5/411 1896/5/408
f 1862/5/411 1867/5/401 1892/5/404 1887/5/411
f 1872/5/23 1863/5/23 1888/5/23 1897/5/23
f 1941/5/252 1950/5/252 1925/5/252 1916/5/252
f 1951/5/412 1946/5/413 1921/5/414 1926/5/412
f 1942/5/415 1951/5/412 1926/5/412 1917/5/416
f 1952/5/258 1947/5/259 1922/5/259 1927/5/258
f 1955/5/417 1940/5/418 1915/5/419 1930/5/417
f 1943/5/258 1952/5/258 1927/5/258 1918/5/258
f 1953/5/252 1941/5/252 1916/5/252 1928/5/252
f 1944/5/420 1953/5/421 1928/5/421 1919/5/422
f 1954/5/423 1942/5/415 1917/5/416 1929/5/424
f 1945/5/252 1954/5/423 1929/5/424 1920/5/252
f 1956/5/425 1943/5/258 1918/5/258 1931/5/426
f 1946/5/413 1956/5/425 1931/5/426 1921/5/414
f 1949/5/427 1944/5/420 1919/5/422 1924/5/427
f 1947/5/259 1955/5/271 1930/5/271 1922/5/259
f 1940/5/418 1949/5/427 1924/5/427 1915/5/419
f 1950/5/252 1945/5/252 1920/5/252 1925/5/252
f 1911/6/386 1926/6/385 1921/6/372 1907/6/371
f 1923/6/381 1911/6/386 1907/6/371 1914/6/428
f 1914/6/428 1907/6/371 1918/6/374 1927/6/377
f 1912/6/382 1923/6/381 1914/6/428 1908/6/429
f 1924/6/391 1912/6/382 1908/6/429 1915/6/430
f 1915/6/430 1908/6/429 1922/6/431 1930/6/432
f 1916/6/393 1925/6/387 1913/6/433 1909/6/379
f 1928/6/392 1916/6/393 1909/6/379 1919/6/390
f 1919/6/390 1909/6/379 1912/6/382 1924/6/391
f 1920/6/388 1929/6/389 1917/6/384 1910/6/383
f 1925/6/387 1920/6/388 1910/6/383 1913/6/433
f 1913/6/433 1910/6/383 1911/6/386 1923/6/381
f 1910/6/383 1917/6/384 1926/6/385 1911/6/386
f 1909/6/379 1913/6/433 1923/6/381 1912/6/382
f 1908/6/429 1914/6/428 1927/6/377 1922/6/431
f 1907/6/371 1921/6/372 1931/6/373 1918/6/374
f 1936/7/359 1932/7/346 1946/7/349 1951/7/360
f 1948/7/356 1939/7/445 1932/7/346 1936/7/359
f 1939/7/445 1952/7/352 1943/7/347 1932/7/346
f 1937/7/355 1933/7/350 1939/7/445 1948/7/356
f 1949/7/366 1940/7/369 1933/7/350 1937/7/355
f 1940/7/369 1955/7/370 1947/7/351 1933/7/350
f 1941/7/368 1934/7/354 1938/7/434 1950/7/362
f 1953/7/367 1944/7/365 1934/7/354 1941/7/368
f 1944/7/365 1949/7/366 1937/7/355 1934/7/354
f 1945/7/363 1935/7/358 1942/7/361 1954/7/435
f 1950/7/362 1938/7/434 1935/7/358 1945/7/363
f 1938/7/434 1948/7/356 1936/7/359 1935/7/358
f 1935/7/358 1936/7/359 1951/7/360 1942/7/361
f 1934/7/354 1937/7/355 1948/7/356 1938/7/434
f 1933/7/350 1947/7/351 1952/7/352 1939/7/445
f 1932/7/346 1943/7/347 1956/7/436 1946/7/349
f 1991/5/23 2000/5/23 1975/5/23 1966/5/23
f 2001/5/411 1996/5/401 1971/5/404 1976/5/411
f 1992/5/407 2001/5/411 1976/5/411 1967/5/408
f 2002/5/21 1997/5/21 1972/5/21 1977/5/21
f 2005/5/410 1990/5/396 1965/5/398 1980/5/410
f 1993/5/21 2002/5/21 1977/5/21 1968/5/21
f 2003/5/23 1991/5/23 1966/5/23 1978/5/23
f 1994/5/399 2003/5/409 1978/5/409 1969/5/400
f 2004/5/405 1992/5/407 1967/5/408 1979/5/406
f 1995/5/23 2004/5/405 1979/5/406 1970/5/23
f 2006/5/402 1993/5/21 1968/5/21 1981/5/403
f 1996/5/401 2006/5/402 1981/5/403 1971/5/404
f 1999/5/397 1994/5/399 1969/5/400 1974/5/397
f 1997/5/21 2005/5/21 1980/5/21 1972/5/21
f 1990/5/396 1999/5/397 1974/5/397 1965/5/398
f 2000/5/23 1995/5/23 1970/5/23 1975/5/23
f 1961/6/386 1976/6/385 1971/6/372 1957/6/371
f 1973/6/381 1961/6/386 1957/6/371 1964/6/376
f 1964/6/376 1957/6/371 1968/6/374 1977/6/377
f 1962/6/382 1973/6/381 1964/6/376 1958/6/375
f 1974/6/391 1962/6/382 1958/6/375 1965/6/437
f 1965/6/437 1958/6/375 1972/6/378 1980/6/395
f 1966/6/393 1975/6/387 1963/6/380 1959/6/379
f 1978/6/392 1966/6/393 1959/6/379 1969/6/390
f 1969/6/390 1959/6/379 1962/6/382 1974/6/391
f 1970/6/388 1979/6/389 1967/6/384 1960/6/383
f 1975/6/387 1970/6/388 1960/6/383 1963/6/380
f 1963/6/380 1960/6/383 1961/6/386 1973/6/381
f 1960/6/383 1967/6/384 1976/6/385 1961/6/386
f 1959/6/379 1963/6/380 1973/6/381 1962/6/382
f 1958/6/375 1964/6/376 1977/6/377 1972/6/378
f 1957/6/371 1971/6/372 1981/6/373 1968/6/374
f 1986/7/359 1982/7/346 1996/7/349 2001/7/360
f 1998/7/356 1989/7/353 1982/7/346 1986/7/359
f 1989/7/353 2002/7/352 1993/7/347 1982/7/346
f 1987/7/355 1983/7/350 1989/7/353 1998/7/356
f 1999/7/366 1990/7/369 1983/7/350 1987/7/355
f 1990/7/369 2005/7/370 1997/7/351 1983/7/350
f 1991/7/368 1984/7/354 1988/7/357 2000/7/362
f 2003/7/367 1994/7/365 1984/7/354 1991/7/368
f 1994/7/365 1999/7/366 1987/7/355 1984/7/354
f 1995/7/363 1985/7/358 1992/7/361 2004/7/364
f 2000/7/362 1988/7/357 1985/7/358 1995/7/363
f 1988/7/357 1998/7/356 1986/7/359 1985/7/358
f 1985/7/358 1986/7/359 2001/7/360 1992/7/361
f 1984/7/354 1987/7/355 1998/7/356 1988/7/357
f 1983/7/350 1997/7/351 2002/7/352 1989/7/353
f 1982/7/346 1993/7/347 2006/7/348 1996/7/349
f 2041/5/23 2050/5/23 2025/5/23 2016/5/23
f 2051/5/411 2046/5/401 2021/5/404 2026/5/411
f 2042/5/407 2051/5/411 2026/5/411 2017/5/408
f 2052/5/21 2047/5/21 2022/5/21 2027/5/21
f 2055/5/410 2040/5/396 2015/5/398 2030/5/410
f 2043/5/21 2052/5/21 2027/5/21 2018/5/21
f 2053/5/23 2041/5/23 2016/5/23 2028/5/23
f 2044/5/399 2053/5/409 2028/5/409 2019/5/400
f 2054/5/405 2042/5/407 2017/5/408 2029/5/406
f 2045/5/23 2054/5/405 2029/5/406 2020/5/23
f 2056/5/402 2043/5/21 2018/5/21 2031/5/403
f 2046/5/401 2056/5/402 2031/5/403 2021/5/404
f 2049/5/397 2044/5/399 2019/5/400 2024/5/397
f 2047/5/21 2055/5/21 2030/5/21 2022/5/21
f 2040/5/396 2049/5/397 2024/5/397 2015/5/398
f 2050/5/23 2045/5/23 2020/5/23 2025/5/23
f 2011/6/386 2026/6/385 2021/6/372 2007/6/371
f 2023/6/381 2011/6/386 2007/6/371 2014/6/376
f 2014/6/376 2007/6/371 2018/6/374 2027/6/377
f 2012/6/382 2023/6/381 2014/6/376 2008/6/375
f 2024/6/391 2012/6/382 2008/6/375 2015/6/437
f 2015/6/437 2008/6/375 2022/6/378 2030/6/395
f 2016/6/393 2025/6/387 2013/6/380 2009/6/379
f 2028/6/392 2016/6/393 2009/6/379 2019/6/390
f 2019/6/390 2009/6/379 2012/6/382 2024/6/391
f 2020/6/388 2029/6/389 2017/6/384 2010/6/383
f 2025/6/387 2020/6/388 2010/6/383 2013/6/380
f 2013/6/380 2010/6/383 2011/6/386 2023/6/381
f 2010/6/383 2017/6/384 2026/6/385 2011/6/386
f 2009/6/379 2013/6/380 2023/6/381 2012/6/382
f 2008/6/375 2014/6/376 2027/6/377 2022/6/378
f 2007/6/371 2021/6/372 2031/6/373 2018/6/374
f 2036/7/359 2032/7/346 2046/7/349 2051/7/360
f 2048/7/356 2039/7/353 2032/7/346 2036/7/359
f 2039/7/353 2052/7/352 2043/7/347 2032/7/346
f 2037/7/355 2033/7/350 2039/7/353 2048/7/356
f 2049/7/366 2040/7/369 2033/7/350 2037/7/355
f 2040/7/369 2055/7/370 2047/7/351 2033/7/350
f 2041/7/368 2034/7/354 2038/7/357 2050/7/362
f 2053/7/367 2044/7/365 2034/7/354 2041/7/368
f 2044/7/365 2049/7/366 2037/7/355 2034/7/354
f 2045/7/363 2035/7/358 2042/7/361 2054/7/435
f 2050/7/362 2038/7/357 2035/7/358 2045/7/363
f 2038/7/357 2048/7/356 2036/7/359 2035/7/358
f 2035/7/358 2036/7/359 2051/7/360 2042/7/361
f 2034/7/354 2037/7/355 2048/7/356 2038/7/357
f 2033/7/350 2047/7/351 2052/7/352 2039/7/353
f 2032/7/346 2043/7/347 2056/7/348 2046/7/349
f 2091/5/23 2100/5/23 2075/5/23 2066/5/23
f 2101/5/411 2096/5/401 2071/5/404 2076/5/411
f 2092/5/407 2101/5/411 2076/5/411 2067/5/408
f 2102/5/21 2097/5/21 2072/5/21 2077/5/21
f 2105/5/410 2090/5/396 2065/5/398 2080/5/410
f 2093/5/21 2102/5/21 2077/5/21 2068/5/21
f 2103/5/23 2091/5/23 2066/5/23 2078/5/23
f 2094/5/399 2103/5/409 2078/5/409 2069/5/400
f 2104/5/405 2092/5/407 2067/5/408 2079/5/406
f 2095/5/23 2104/5/405 2079/5/406 2070/5/23
f 2106/5/402 2093/5/21 2068/5/21 2081/5/403
f 2096/5/401 2106/5/402 2081/5/403 2071/5/404
f 2099/5/397 2094/5/399 2069/5/400 2074/5/397
f 2097/5/21 2105/5/21 2080/5/21 2072/5/21
f 2090/5/396 2099/5/397 2074/5/397 2065/5/398
f 2100/5/23 2095/5/23 2070/5/23 2075/5/23
f 2061/6/386 2076/6/385 2071/6/372 2057/6/371
f 2073/6/381 2061/6/386 2057/6/371 2064/6/376
f 2064/6/376 2057/6/371 2068/6/374 2077/6/377
f 2062/6/382 2073/6/381 2064/6/376 2058/6/375
f 2074/6/391 2062/6/382 2058/6/375 2065/6/437
f 2065/6/437 2058/6/375 2072/6/378 2080/6/395
f 2066/6/393 2075/6/387 2063/6/380 2059/6/379
f 2078/6/392 2066/6/393 2059/6/379 2069/6/390
f 2069/6/390 2059/6/379 2062/6/382 2074/6/391
f 2070/6/388 2079/6/389 2067/6/384 2060/6/383
f 2075/6/387 2070/6/388 2060/6/383 2063/6/380
f 2063/6/380 2060/6/383 2061/6/386 2073/6/381
f 2060/6/383 2067/6/384 2076/6/385 2061/6/386
f 2059/6/379 2063/6/380 2073/6/381 2062/6/382
f 2058/6/375 2064/6/376 2077/6/377 2072/6/378
f 2057/6/371 2071/6/372 2081/6/373 2068/6/374
f 2086/7/359 2082/7/346 2096/7/349 2101/7/360
f 2098/7/356 2089/7/353 2082/7/346 2086/7/359
f 2089/7/353 2102/7/352 2093/7/347 2082/7/346
f 2087/7/355 2083/7/350 2089/7/353 2098/7/356
f 2099/7/366 2090/7/369 2083/7/350 2087/7/355
f 2090/7/369 2105/7/370 2097/7/351 2083/7/350
f 2091/7/368 2084/7/354 2088/7/357 2100/7/362
f 2103/7/367 2094/7/365 2084/7/354 2091/7/368
f 2094/7/365 2099/7/366 2087/7/355 2084/7/354
f 2095/7/363 2085/7/358 2092/7/361 2104/7/364
f 2100/7/362 2088/7/357 2085/7/358 2095/7/363
f 2088/7/357 2098/7/356 2086/7/359 2085/7/358
f 2085/7/358 2086/7/359 2101/7/360 2092/7/361
f 2084/7/354 2087/7/355 2098/7/356 2088/7/357
f 2083/7/350 2097/7/351 2102/7/352 2089/7/353
f 2082/7/346 2093/7/347 2106/7/348 2096/7/349
f 2141/5/23 2150/5/23 2125/5/23 2116/5/23
f 2151/5/411 2146/5/401 2121/5/404 2126/5/411
f 2142/5/407 2151/5/411 2126/5/411 2117/5/408
f 2152/5/21 2147/5/21 2122/5/21 2127/5/21
f 2155/5/410 2140/5/396 2115/5/398 2130/5/410
f 2143/5/21 2152/5/21 2127/5/21 2118/5/21
f 2153/5/23 2141/5/23 2116/5/23 2128/5/23
f 2144/5/399 2153/5/409 2128/5/409 2119/5/400
f 2154/5/405 2142/5/407 2117/5/408 2129/5/406
f 2145/5/23 2154/5/405 2129/5/406 2120/5/23
f 2156/5/402 2143/5/21 2118/5/21 2131/5/403
f 2146/5/401 2156/5/402 2131/5/403 2121/5/404
f 2149/5/397 2144/5/399 2119/5/400 2124/5/397
f 2147/5/21 2155/5/21 2130/5/21 2122/5/21
f 2140/5/396 2149/5/397 2124/5/397 2115/5/398
f 2150/5/23 2145/5/23 2120/5/23 2125/5/23
f 2111/8/386 2126/8/385 2121/8/372 2107/8/371
f 2123/8/381 2111/8/386 2107/8/371 2114/8/376
f 2114/8/376 2107/8/371 2118/8/374 2127/8/377
f 2112/8/382 2123/8/381 2114/8/376 2108/8/375
f 2124/8/391 2112/8/382 2108/8/375 2115/8/394
f 2115/8/394 2108/8/375 2122/8/378 2130/8/395
f 2116/8/393 2125/8/387 2113/8/380 2109/8/379
f 2128/8/392 2116/8/393 2109/8/379 2119/8/438
f 2119/8/438 2109/8/379 2112/8/382 2124/8/391
f 2120/8/388 2129/8/389 2117/8/384 2110/8/383
f 2125/8/387 2120/8/388 2110/8/383 2113/8/380
f 2113/8/380 2110/8/383 2111/8/386 2123/8/381
f 2110/8/383 2117/8/384 2126/8/385 2111/8/386
f 2109/8/379 2113/8/380 2123/8/381 2112/8/382
f 2108/8/375 2114/8/376 2127/8/377 2122/8/378
f 2107/8/371 2121/8/372 2131/8/373 2118/8/374
f 2136/7/359 2132/7/346 2146/7/349 2151/7/360
f 2148/7/356 2139/7/353 2132/7/346 2136/7/359
f 2139/7/353 2152/7/352 2143/7/347 2132/7/346
f 2137/7/355 2133/7/350 2139/7/353 2148/7/356
f 2149/7/366 2140/7/369 2133/7/350 2137/7/355
f 2140/7/369 2155/7/370 2147/7/351 2133/7/350
f 2141/7/368 2134/7/354 2138/7/357 2150/7/362
f 2153/7/367 2144/7/365 2134/7/354 2141/7/368
f 2144/7/365 2149/7/366 2137/7/355 2134/7/354
f 2145/7/363 2135/7/358 2142/7/361 2154/7/364
f 2150/7/362 2138/7/357 2135/7/358 2145/7/363
f 2138/7/357 2148/7/356 2136/7/359 2135/7/358
f 2135/7/358 2136/7/359 2151/7/360 2142/7/361
f 2134/7/354 2137/7/355 2148/7/356 2138/7/357
f 2133/7/350 2147/7/351 2152/7/352 2139/7/353
f 2132/7/346 2143/7/347 2156/7/348 2146/7/349
s 0
f 2157/7/446 2158/7/446 2160/7/446 2159/7/446
f 2161/7/447 2162/7/447 2164/7/447 2163/7/447
