# Blender 4.3.0
# www.blender.org
mtllib WindowBush_Orange.mtl
o WindowBush_Orange
v 0.221013 -0.268264 0.354105
v 0.237138 -0.298525 0.377748
v 0.251515 -0.260312 0.355904
v 0.262234 -0.280427 0.371621
v 0.230408 -0.262382 0.352775
v 0.213232 -0.294915 0.362113
v 0.247667 -0.294768 0.378078
v 0.275118 -0.264306 0.362244
v 0.239631 -0.280611 0.362415
v 0.224517 -0.301211 0.372836
v 0.212851 -0.279319 0.355731
v 0.238591 -0.278344 0.366025
v 0.220822 -0.267849 0.354766
v 0.222228 -0.268900 0.357737
v 0.220882 -0.267390 0.356858
v 0.236948 -0.298110 0.378409
v 0.236074 -0.294895 0.377949
v 0.236340 -0.296401 0.379496
v 0.251325 -0.259898 0.356562
v 0.249653 -0.261524 0.359808
v 0.250483 -0.259607 0.358736
v 0.262045 -0.280014 0.372279
v 0.258535 -0.278182 0.372821
v 0.260664 -0.278709 0.373660
v 0.230877 -0.263097 0.357962
v 0.230218 -0.261967 0.353435
v 0.230059 -0.261530 0.355983
v 0.213041 -0.294501 0.362773
v 0.215618 -0.290791 0.365762
v 0.213444 -0.292647 0.364870
v 0.245311 -0.290182 0.379123
v 0.247477 -0.294353 0.378739
v 0.246490 -0.292364 0.380073
v 0.274363 -0.264393 0.362634
v 0.269852 -0.266175 0.360390
v 0.275090 -0.264291 0.362283
v 0.224814 -0.295792 0.374880
v 0.224327 -0.300796 0.373496
v 0.224117 -0.298563 0.375123
v 0.215213 -0.277751 0.360791
v 0.212661 -0.278904 0.356391
v 0.213056 -0.277799 0.358902
v 0.261499 -0.217593 0.337864
v 0.228483 -0.242718 0.341526
v 0.273427 -0.242801 0.352666
v 0.251480 -0.259504 0.355101
v 0.268838 -0.224165 0.343117
v 0.235550 -0.219955 0.325373
v 0.233504 -0.251056 0.347036
v 0.275018 -0.263786 0.361892
v 0.251909 -0.239062 0.341773
v 0.226761 -0.232258 0.332680
v 0.250647 -0.214080 0.330031
v 0.250821 -0.237082 0.345535
v 0.261300 -0.217230 0.338553
v 0.258923 -0.218786 0.340513
v 0.260235 -0.217016 0.340400
v 0.228284 -0.242356 0.342215
v 0.230626 -0.240368 0.343584
v 0.228602 -0.241104 0.343889
v 0.273229 -0.242441 0.353352
v 0.269503 -0.241346 0.354295
v 0.271769 -0.241449 0.354902
v 0.251282 -0.259143 0.355786
v 0.251331 -0.255181 0.356311
v 0.250928 -0.257312 0.357214
v 0.264981 -0.224623 0.346659
v 0.268639 -0.223803 0.343806
v 0.267199 -0.223373 0.345914
v 0.235351 -0.219593 0.326061
v 0.236585 -0.220455 0.331263
v 0.235344 -0.219176 0.328858
v 0.235430 -0.247112 0.349936
v 0.233304 -0.250693 0.347724
v 0.233559 -0.248974 0.349645
v 0.274440 -0.263058 0.361812
v 0.271441 -0.262127 0.358465
v 0.274996 -0.263752 0.361923
v 0.229260 -0.230415 0.337578
v 0.226562 -0.231896 0.333368
v 0.226984 -0.230792 0.335874
v 0.248942 -0.215446 0.335403
v 0.250448 -0.213718 0.330719
v 0.249638 -0.213554 0.333364
v 0.317089 -0.227222 0.362877
v 0.283563 -0.213322 0.342901
v 0.296623 -0.251394 0.365792
v 0.274293 -0.241920 0.352444
v 0.312830 -0.237367 0.366150
v 0.311620 -0.206651 0.343634
v 0.276879 -0.222115 0.344658
v 0.276002 -0.263469 0.362042
v 0.296169 -0.231099 0.352243
v 0.295110 -0.206120 0.340567
v 0.319410 -0.214913 0.354682
v 0.294784 -0.229168 0.355932
v 0.316849 -0.226940 0.363574
v 0.313642 -0.226069 0.363699
v 0.315464 -0.226151 0.364895
v 0.283309 -0.212968 0.343576
v 0.284861 -0.213890 0.346414
v 0.283295 -0.212585 0.345656
v 0.296370 -0.251042 0.366465
v 0.294909 -0.247325 0.366619
v 0.295473 -0.249299 0.367759
v 0.274041 -0.241568 0.353116
v 0.276415 -0.239484 0.355564
v 0.274267 -0.240304 0.355083
v 0.308720 -0.234411 0.367564
v 0.312577 -0.237014 0.366825
v 0.310979 -0.235598 0.368290
v 0.311361 -0.206342 0.344319
v 0.308211 -0.208028 0.348474
v 0.309959 -0.206256 0.346804
v 0.278653 -0.221655 0.349589
v 0.276626 -0.221761 0.345334
v 0.276751 -0.221076 0.347829
v 0.276244 -0.262675 0.362205
v 0.279637 -0.259488 0.359708
v 0.275996 -0.263433 0.362077
v 0.294533 -0.207301 0.346215
v 0.294857 -0.205767 0.341241
v 0.294293 -0.205563 0.343946
v 0.314544 -0.215570 0.358124
v 0.319159 -0.214706 0.355397
v 0.317338 -0.214607 0.357526
v 0.256165 -0.307428 0.389940
v 0.295996 -0.298713 0.398440
v 0.261901 -0.282237 0.371790
v 0.288379 -0.276445 0.377438
v 0.254381 -0.299000 0.382836
v 0.278628 -0.321488 0.401415
v 0.297011 -0.289673 0.391937
v 0.275477 -0.264631 0.362545
v 0.276767 -0.296638 0.384732
v 0.291855 -0.311226 0.402470
v 0.263004 -0.317462 0.396574
v 0.275504 -0.294184 0.388126
v 0.255933 -0.306978 0.390564
v 0.258311 -0.304917 0.391979
v 0.256201 -0.305542 0.392131
v 0.295765 -0.298264 0.399061
v 0.292495 -0.297490 0.399207
v 0.294379 -0.297206 0.400257
v 0.261670 -0.281789 0.372411
v 0.263412 -0.281902 0.376006
v 0.261752 -0.280990 0.374618
v 0.288148 -0.275997 0.378060
v 0.285340 -0.277103 0.380680
v 0.286897 -0.275488 0.379981
v 0.256779 -0.296157 0.386552
v 0.254150 -0.298551 0.383460
v 0.254491 -0.297018 0.385519
v 0.278392 -0.321028 0.402078
v 0.277109 -0.315780 0.402747
v 0.277581 -0.318646 0.403474
v 0.292431 -0.288358 0.394157
v 0.296780 -0.289225 0.392555
v 0.295078 -0.288139 0.394177
v 0.275415 -0.265120 0.363302
v 0.275474 -0.264625 0.362554
v 0.275465 -0.264619 0.362593
v 0.287876 -0.307109 0.404017
v 0.291616 -0.310761 0.403150
v 0.290076 -0.308828 0.404675
v 0.264135 -0.312293 0.398948
v 0.262772 -0.317012 0.397197
v 0.262743 -0.314798 0.398863
v 0.313573 -0.283859 0.395404
v 0.325567 -0.247927 0.378054
v 0.288667 -0.275900 0.377707
v 0.296647 -0.252026 0.366178
v 0.303359 -0.284229 0.390910
v 0.338623 -0.270188 0.390870
v 0.316207 -0.245791 0.372349
v 0.276229 -0.264059 0.362472
v 0.311312 -0.266867 0.378841
v 0.335678 -0.255050 0.383847
v 0.327105 -0.281159 0.396444
v 0.309816 -0.264680 0.382338
v 0.313299 -0.283458 0.396044
v 0.313007 -0.280033 0.395743
v 0.312707 -0.281715 0.397139
v 0.325300 -0.247538 0.378699
v 0.323332 -0.249272 0.380808
v 0.324220 -0.247310 0.380501
v 0.288394 -0.275501 0.378344
v 0.290393 -0.272545 0.380144
v 0.288472 -0.273894 0.380056
v 0.296374 -0.251627 0.366816
v 0.296998 -0.252775 0.370593
v 0.296050 -0.251222 0.369107
v 0.303164 -0.279200 0.392432
v 0.303085 -0.283828 0.391550
v 0.302602 -0.281732 0.392992
v 0.338350 -0.269788 0.391509
v 0.333582 -0.267569 0.392806
v 0.336447 -0.268397 0.393073
v 0.313909 -0.247055 0.376909
v 0.315933 -0.245391 0.372989
v 0.314834 -0.245138 0.375320
v 0.276751 -0.263921 0.363125
v 0.276225 -0.264053 0.362481
v 0.276230 -0.264037 0.362518
v 0.331136 -0.255039 0.387354
v 0.335434 -0.254684 0.384500
v 0.333725 -0.254112 0.386545
v 0.323971 -0.276441 0.397687
v 0.326831 -0.280759 0.397083
v 0.325487 -0.278754 0.398444
v 0.284805 -0.253586 0.367587
v 0.293759 -0.283607 0.338389
v 0.286192 -0.257425 0.370359
v 0.290762 -0.258765 0.367431
v 0.284172 -0.267119 0.355581
v 0.284009 -0.269098 0.356573
v 0.285742 -0.261709 0.372766
v 0.290187 -0.264232 0.370502
v 0.283007 -0.270905 0.357347
v 0.281371 -0.272350 0.357666
v 0.279342 -0.273199 0.357505
v 0.283524 -0.265785 0.374440
v 0.287356 -0.269435 0.372638
v 0.277238 -0.273342 0.356855
v 0.275344 -0.272694 0.355906
v 0.279875 -0.269034 0.375127
v 0.282699 -0.273582 0.373515
v 0.273967 -0.271387 0.354769
v 0.273344 -0.269665 0.353539
v 0.275350 -0.270961 0.374722
v 0.276925 -0.276041 0.372998
v 0.273555 -0.267767 0.352430
v 0.274544 -0.265940 0.351690
v 0.270640 -0.271272 0.373287
v 0.270913 -0.276438 0.371167
v 0.276200 -0.264530 0.351318
v 0.278241 -0.263699 0.351460
v 0.266461 -0.269920 0.371040
v 0.265579 -0.274713 0.368300
v 0.280306 -0.263490 0.352205
v 0.282160 -0.264070 0.353246
v 0.263448 -0.267111 0.368324
v 0.261734 -0.271128 0.364833
v 0.283519 -0.265347 0.354428
v 0.291144 -0.257608 0.357605
v 0.262061 -0.263273 0.365552
v 0.259965 -0.266229 0.361295
v 0.287319 -0.254057 0.354077
v 0.282002 -0.252361 0.351157
v 0.262512 -0.258989 0.363146
v 0.260539 -0.260762 0.358224
v 0.276001 -0.252778 0.349291
v 0.270231 -0.255244 0.348762
v 0.272963 -0.258327 0.371338
v 0.264730 -0.254912 0.361472
v 0.263370 -0.255559 0.356087
v 0.265570 -0.259384 0.349651
v 0.262728 -0.264567 0.351823
v 0.268379 -0.251663 0.360785
v 0.268027 -0.251412 0.355211
v 0.262137 -0.270005 0.354946
v 0.263887 -0.274869 0.358546
v 0.272903 -0.249737 0.361189
v 0.273801 -0.248953 0.355727
v 0.267711 -0.278419 0.362074
v 0.273029 -0.280115 0.364994
v 0.277613 -0.249426 0.362624
v 0.279813 -0.248556 0.357559
v 0.279027 -0.279694 0.366877
v 0.284795 -0.277223 0.367422
v 0.281793 -0.250777 0.364871
v 0.285147 -0.250281 0.360426
v 0.289458 -0.273089 0.366514
v 0.292303 -0.267909 0.364329
v 0.288992 -0.253866 0.363892
v 0.292894 -0.262472 0.361205
v 0.293533 -0.285465 0.339777
v 0.292526 -0.287243 0.340910
v 0.290875 -0.288657 0.341355
v 0.288864 -0.289541 0.341101
v 0.286771 -0.289721 0.340078
v 0.284923 -0.289165 0.338778
v 0.283634 -0.288020 0.337206
v 0.283103 -0.286464 0.335603
v 0.283392 -0.284708 0.334168
v 0.284449 -0.283005 0.333100
v 0.286130 -0.281637 0.332683
v 0.288142 -0.280749 0.333045
v 0.290149 -0.280441 0.333913
v 0.291924 -0.280881 0.335224
v 0.293194 -0.281996 0.336791
v -0.323259 -0.325426 0.367758
v -0.339789 -0.319050 0.349872
v -0.350364 -0.343981 0.387400
v -0.375523 -0.334275 0.360177
v -0.333585 -0.334124 0.381367
v -0.321856 -0.327715 0.350402
v -0.360508 -0.323738 0.352236
v -0.374706 -0.352564 0.376858
v -0.347138 -0.332245 0.365681
v -0.328492 -0.328591 0.375602
v -0.329246 -0.323056 0.349793
v -0.369536 -0.328884 0.355546
v -0.360676 -0.347129 0.385155
v -0.341672 -0.339633 0.385695
v -0.321609 -0.326002 0.358057
v -0.350823 -0.319976 0.351439
v -0.377345 -0.340698 0.367118
v -0.362786 -0.342058 0.372639
v -0.330683 -0.328350 0.356074
v -0.339712 -0.332853 0.373633
v -0.353623 -0.327487 0.358580
v -0.339017 -0.323599 0.352862
v -0.327920 -0.327880 0.364870
v -0.353336 -0.341056 0.379324
v -0.366731 -0.335889 0.364831
v -0.348986 -0.328711 0.368176
v -0.364564 -0.338317 0.375161
v -0.332483 -0.324681 0.358585
v -0.341575 -0.329360 0.376123
v -0.355486 -0.323993 0.361070
v -0.340834 -0.319978 0.355368
v -0.329737 -0.324259 0.367376
v -0.355208 -0.337588 0.381812
v -0.368602 -0.332421 0.367318
v -0.323617 -0.324707 0.368254
v -0.327096 -0.323867 0.369632
v -0.325241 -0.323262 0.369490
v -0.340147 -0.318330 0.350368
v -0.342306 -0.317999 0.353174
v -0.341384 -0.317034 0.352022
v -0.350786 -0.343193 0.387963
v -0.353287 -0.339087 0.387157
v -0.352120 -0.340882 0.388524
v -0.375945 -0.333487 0.360740
v -0.374270 -0.330992 0.364452
v -0.376055 -0.331648 0.362624
v -0.333991 -0.333355 0.381913
v -0.337928 -0.330092 0.380719
v -0.335746 -0.331267 0.382369
v -0.322169 -0.327071 0.350841
v -0.327813 -0.324430 0.355554
v -0.324443 -0.325058 0.353078
v -0.360913 -0.322968 0.352781
v -0.359566 -0.321744 0.357305
v -0.361121 -0.321478 0.354912
v -0.374921 -0.351634 0.377334
v -0.371669 -0.345432 0.377372
v -0.374238 -0.348475 0.378004
v -0.330046 -0.324648 0.373090
v -0.328878 -0.327842 0.376128
v -0.329822 -0.325742 0.376055
v -0.336503 -0.319779 0.353997
v -0.329573 -0.322388 0.350249
v -0.332219 -0.320397 0.352196
v -0.370416 -0.327861 0.361298
v -0.369953 -0.328104 0.356103
v -0.370693 -0.326925 0.358423
v -0.359912 -0.341279 0.385613
v -0.361073 -0.346296 0.385718
v -0.361314 -0.343663 0.386490
v -0.347637 -0.336649 0.385946
v -0.342090 -0.338853 0.386252
v -0.344319 -0.337100 0.386961
v -0.326945 -0.323466 0.364339
v -0.321936 -0.325334 0.358513
v -0.324019 -0.323560 0.361069
v -0.347126 -0.318059 0.354608
v -0.351209 -0.319227 0.351964
v -0.350615 -0.317721 0.353556
v -0.375398 -0.335305 0.368857
v -0.377743 -0.339866 0.367680
v -0.377637 -0.337366 0.368828
v -0.327244 -0.260475 0.268338
v -0.305187 -0.271935 0.237851
v -0.382225 -0.240105 0.244013
v -0.348652 -0.257548 0.197610
v -0.356389 -0.246173 0.262282
v -0.314700 -0.285216 0.261033
v -0.320462 -0.264839 0.212626
v -0.392949 -0.251425 0.207397
v -0.342737 -0.259633 0.236750
v -0.340886 -0.250987 0.265766
v -0.308681 -0.279352 0.251274
v -0.334169 -0.261362 0.202830
v -0.388011 -0.241643 0.229666
v -0.371351 -0.242044 0.254221
v -0.318872 -0.274057 0.265360
v -0.311087 -0.266470 0.224579
v -0.365767 -0.253200 0.198921
v -0.369042 -0.252772 0.220410
v -0.323280 -0.275073 0.252732
v -0.348955 -0.252739 0.250403
v -0.330392 -0.262384 0.224745
v -0.314994 -0.272120 0.240403
v -0.329803 -0.264426 0.260871
v -0.370977 -0.246956 0.235984
v -0.353104 -0.256243 0.211279
v -0.339851 -0.252816 0.235697
v -0.365830 -0.245776 0.219460
v -0.320180 -0.268142 0.251748
v -0.346134 -0.245955 0.249329
v -0.327570 -0.255600 0.223671
v -0.311970 -0.265229 0.239395
v -0.326778 -0.257535 0.259863
v -0.368195 -0.240193 0.234897
v -0.350321 -0.249480 0.210193
v -0.326641 -0.259109 0.268140
v -0.327494 -0.255319 0.264420
v -0.325892 -0.255712 0.266713
v -0.304583 -0.270569 0.237653
v -0.307197 -0.265864 0.236367
v -0.304350 -0.266905 0.236939
v -0.381590 -0.238572 0.243769
v -0.374952 -0.235282 0.240152
v -0.378760 -0.235444 0.242359
v -0.348016 -0.256015 0.197366
v -0.346952 -0.249830 0.201451
v -0.346819 -0.252039 0.198212
v -0.355763 -0.244684 0.262049
v -0.350512 -0.242036 0.256396
v -0.353309 -0.241711 0.260047
v -0.314154 -0.284003 0.260863
v -0.315749 -0.273617 0.256124
v -0.313584 -0.278604 0.259132
v -0.319836 -0.263350 0.212393
v -0.321636 -0.257039 0.216485
v -0.319447 -0.259304 0.213245
v -0.391951 -0.249968 0.207371
v -0.381169 -0.246066 0.211545
v -0.387315 -0.246772 0.208595
v -0.332698 -0.250387 0.262465
v -0.340269 -0.249548 0.265548
v -0.337095 -0.247557 0.264304
v -0.309228 -0.268482 0.244210
v -0.308115 -0.278091 0.251096
v -0.307416 -0.272941 0.248738
v -0.338015 -0.252787 0.204720
v -0.333541 -0.259845 0.202588
v -0.333969 -0.255609 0.202860
v -0.378850 -0.236540 0.230881
v -0.387299 -0.240084 0.229452
v -0.383849 -0.236836 0.229550
v -0.368412 -0.236994 0.246733
v -0.370723 -0.240527 0.253979
v -0.369163 -0.237324 0.251504
v -0.321983 -0.261856 0.261838
v -0.318306 -0.272797 0.265182
v -0.318358 -0.267256 0.263861
v -0.309905 -0.262229 0.230961
v -0.310470 -0.265031 0.224360
v -0.309348 -0.261973 0.225953
v -0.358186 -0.247276 0.202319
v -0.365054 -0.251641 0.198707
v -0.362067 -0.248153 0.199444
v -0.179838 -0.260475 0.300259
v -0.193766 -0.271935 0.334037
v -0.120031 -0.240105 0.314085
v -0.141231 -0.257548 0.365498
v -0.149846 -0.246173 0.300906
v -0.190268 -0.285216 0.309665
v -0.172531 -0.264839 0.355923
v -0.100395 -0.251425 0.347924
v -0.156800 -0.259633 0.328323
v -0.165865 -0.250987 0.300305
v -0.193710 -0.279352 0.320289
v -0.156688 -0.261362 0.363016
v -0.110789 -0.241643 0.327057
v -0.133210 -0.242044 0.306077
v -0.187275 -0.274057 0.304683
v -0.184682 -0.266470 0.345939
v -0.124835 -0.253200 0.361122
v -0.127010 -0.252772 0.339532
v -0.179809 -0.275073 0.316225
v -0.154138 -0.252739 0.313858
v -0.165860 -0.262384 0.342286
v -0.184821 -0.272120 0.329770
v -0.175471 -0.264427 0.307092
v -0.129014 -0.246956 0.323964
v -0.140300 -0.256243 0.351336
v -0.159356 -0.252816 0.329874
v -0.129911 -0.245776 0.341041
v -0.182592 -0.268142 0.317746
v -0.156627 -0.245955 0.315417
v -0.168348 -0.255600 0.343845
v -0.187525 -0.265229 0.331302
v -0.178174 -0.257535 0.308624
v -0.131460 -0.240193 0.325530
v -0.142747 -0.249480 0.352901
v -0.180378 -0.259109 0.300561
v -0.178615 -0.255319 0.304042
v -0.180753 -0.255712 0.302091
v -0.194307 -0.270569 0.334340
v -0.191431 -0.265864 0.335124
v -0.194356 -0.266905 0.335079
v -0.120591 -0.238572 0.314438
v -0.126172 -0.235282 0.319173
v -0.123004 -0.235444 0.316327
v -0.141791 -0.256015 0.365851
v -0.143853 -0.249830 0.362052
v -0.143172 -0.252039 0.365241
v -0.150399 -0.244684 0.301246
v -0.154116 -0.242036 0.307720
v -0.152297 -0.241711 0.303647
v -0.190760 -0.284003 0.309930
v -0.188016 -0.273617 0.314272
v -0.190883 -0.278604 0.311725
v -0.173085 -0.263350 0.356263
v -0.172350 -0.257039 0.351940
v -0.173678 -0.259304 0.355501
v -0.101363 -0.249968 0.348130
v -0.112943 -0.246066 0.346001
v -0.106200 -0.246772 0.347772
v -0.173040 -0.250387 0.305012
v -0.166413 -0.249548 0.300630
v -0.169204 -0.247557 0.302419
v -0.191407 -0.268482 0.327093
v -0.194218 -0.278092 0.320565
v -0.194311 -0.272941 0.322996
v -0.153402 -0.252787 0.360473
v -0.157241 -0.259845 0.363366
v -0.156891 -0.255609 0.363023
v -0.120045 -0.236540 0.327527
v -0.111432 -0.240084 0.327395
v -0.114827 -0.236836 0.327923
v -0.134209 -0.236994 0.313924
v -0.133763 -0.240527 0.306427
v -0.134668 -0.237324 0.309127
v -0.183354 -0.261856 0.307561
v -0.187783 -0.272797 0.304959
v -0.187402 -0.267256 0.306240
v -0.187432 -0.262229 0.339916
v -0.185230 -0.265031 0.346264
v -0.186725 -0.261973 0.344910
v -0.133093 -0.247276 0.359172
v -0.125478 -0.251641 0.361459
v -0.128581 -0.248153 0.361279
v -0.348906 -0.431497 0.329958
v -0.317517 -0.431497 0.366108
v -0.339712 -0.431498 0.355520
v -0.348906 -0.431497 0.244731
v -0.317517 -0.431497 0.208581
v -0.339712 -0.431497 0.219169
v 0.348219 -0.431498 0.329958
v 0.313702 -0.431497 0.366108
v 0.330587 -0.431498 0.355520
v 0.348219 -0.431498 0.244731
v 0.313702 -0.431498 0.208581
v 0.330587 -0.431498 0.219169
v -0.348906 -0.324113 0.329958
v -0.317517 -0.316541 0.366108
v -0.339712 -0.318759 0.355520
v -0.348906 -0.303845 0.310711
v -0.317517 -0.265779 0.317901
v -0.339712 -0.276928 0.315795
v -0.348906 -0.309782 0.324321
v -0.317517 -0.280647 0.351988
v -0.339712 -0.289180 0.343885
v -0.348906 -0.303845 0.263978
v -0.317517 -0.265779 0.256788
v -0.339712 -0.276928 0.258894
v -0.348906 -0.324113 0.244731
v -0.317517 -0.316541 0.208581
v -0.339712 -0.318759 0.219169
v -0.348906 -0.309782 0.250368
v -0.317517 -0.280647 0.222700
v -0.339712 -0.289180 0.230804
v 0.348219 -0.303845 0.310711
v 0.313702 -0.265779 0.317901
v 0.330587 -0.276928 0.315795
v 0.348219 -0.324113 0.329958
v 0.313702 -0.316541 0.366108
v 0.330587 -0.318759 0.355520
v 0.348219 -0.309782 0.324321
v 0.313702 -0.280647 0.351989
v 0.330587 -0.289180 0.343885
v 0.348219 -0.324113 0.244731
v 0.313702 -0.316541 0.208581
v 0.330587 -0.318759 0.219169
v 0.348219 -0.303845 0.263978
v 0.313702 -0.265779 0.256788
v 0.330587 -0.276928 0.258894
v 0.348219 -0.309782 0.250368
v 0.313702 -0.280647 0.222701
v 0.330587 -0.289180 0.230804
v 0.010385 -0.298074 0.354280
v -0.009222 -0.291697 0.368726
v 0.026903 -0.316629 0.383394
v -0.002940 -0.306923 0.405382
v 0.022766 -0.306772 0.366050
v -0.006709 -0.300362 0.350962
v -0.009169 -0.296386 0.389579
v 0.013729 -0.325211 0.406418
v 0.005675 -0.304892 0.377781
v 0.017601 -0.301239 0.360349
v -0.008133 -0.295704 0.358240
v -0.006880 -0.301531 0.398918
v 0.023529 -0.319776 0.393393
v 0.026171 -0.312281 0.374567
v 0.000926 -0.298650 0.351565
v -0.008888 -0.292624 0.379865
v 0.003756 -0.313345 0.407962
v 0.010856 -0.314705 0.394104
v -0.002050 -0.300997 0.360363
v 0.014400 -0.305501 0.371282
v -0.002101 -0.300134 0.383440
v -0.006165 -0.296247 0.368290
v 0.006998 -0.300528 0.358592
v 0.018547 -0.313704 0.385453
v 0.002660 -0.308537 0.397159
v 0.007950 -0.301359 0.379895
v 0.013166 -0.310965 0.396151
v 0.000246 -0.297329 0.362431
v 0.016669 -0.302008 0.373409
v 0.000168 -0.296641 0.385567
v -0.003877 -0.292625 0.370374
v 0.009287 -0.296906 0.360675
v 0.020812 -0.310235 0.387589
v 0.004924 -0.305068 0.399295
v 0.010838 -0.297354 0.354691
v 0.011822 -0.296515 0.358300
v 0.011886 -0.295909 0.356442
v -0.008769 -0.290978 0.369137
v -0.006220 -0.290647 0.371593
v -0.007263 -0.289682 0.370550
v 0.027416 -0.315840 0.383875
v 0.026337 -0.311734 0.386272
v 0.027825 -0.313530 0.385263
v -0.002428 -0.306134 0.405863
v 0.001447 -0.303639 0.404610
v -0.000567 -0.304296 0.406182
v 0.023263 -0.306002 0.366514
v 0.021641 -0.302739 0.370294
v 0.023522 -0.303914 0.368308
v -0.006307 -0.299719 0.351322
v -0.002249 -0.297078 0.357454
v -0.004336 -0.297705 0.353830
v -0.008672 -0.295616 0.390043
v -0.004027 -0.294392 0.389205
v -0.006577 -0.294125 0.390485
v 0.014178 -0.324282 0.406685
v 0.014576 -0.318080 0.403457
v 0.014919 -0.321122 0.406080
v 0.014932 -0.297296 0.361615
v 0.018080 -0.300489 0.360791
v 0.017904 -0.298390 0.361721
v -0.004759 -0.292427 0.365917
v -0.007716 -0.295036 0.358615
v -0.006074 -0.293044 0.361460
v -0.001260 -0.300509 0.400430
v -0.006372 -0.300751 0.399395
v -0.004148 -0.299573 0.400387
v 0.024069 -0.313927 0.392685
v 0.024044 -0.318944 0.393851
v 0.024785 -0.316311 0.394175
v 0.025759 -0.309296 0.380523
v 0.026679 -0.311500 0.375044
v 0.027136 -0.309747 0.377338
v 0.006579 -0.296114 0.357564
v 0.001343 -0.297982 0.351940
v 0.003652 -0.296207 0.354294
v -0.005328 -0.290707 0.376543
v -0.008408 -0.291875 0.380308
v -0.006761 -0.290368 0.379893
v 0.005700 -0.307953 0.406219
v 0.004271 -0.312513 0.408419
v 0.005423 -0.310014 0.408441
v -0.022947 -0.253683 0.308014
v -0.005457 -0.271346 0.277527
v -0.069051 -0.217458 0.283690
v -0.042431 -0.244343 0.237286
v -0.046313 -0.231145 0.301958
v -0.018580 -0.281077 0.300710
v -0.017826 -0.259914 0.252302
v -0.082725 -0.224952 0.247074
v -0.037438 -0.248139 0.276426
v -0.033029 -0.240474 0.305443
v -0.011054 -0.277337 0.290951
v -0.029811 -0.252407 0.242506
v -0.075030 -0.217151 0.269342
v -0.059292 -0.222633 0.293897
v -0.019134 -0.269176 0.305037
v -0.009401 -0.264337 0.264255
v -0.057392 -0.234963 0.238597
v -0.060379 -0.233553 0.260086
v -0.023642 -0.268794 0.292409
v -0.041247 -0.239672 0.290079
v -0.026527 -0.254537 0.264421
v -0.014850 -0.268520 0.280080
v -0.026592 -0.256662 0.300548
v -0.060441 -0.227424 0.275660
v -0.046268 -0.241737 0.250956
v -0.032604 -0.242532 0.275373
v -0.055179 -0.227877 0.259137
v -0.018569 -0.263145 0.291425
v -0.036484 -0.234078 0.289005
v -0.021764 -0.248943 0.263347
v -0.009861 -0.262886 0.279072
v -0.021603 -0.251027 0.299540
v -0.055721 -0.221838 0.274573
v -0.041549 -0.236150 0.249869
v -0.021954 -0.252568 0.307817
v -0.021606 -0.248698 0.304096
v -0.020201 -0.249563 0.306390
v -0.004464 -0.270231 0.277330
v -0.005512 -0.264951 0.276043
v -0.003120 -0.266814 0.276616
v -0.067977 -0.216194 0.283446
v -0.060650 -0.215094 0.279828
v -0.064325 -0.214082 0.282036
v -0.041356 -0.243078 0.237043
v -0.038449 -0.237516 0.241128
v -0.038999 -0.239660 0.237889
v -0.045261 -0.229919 0.301726
v -0.039451 -0.229006 0.296072
v -0.042015 -0.227841 0.299724
v -0.017688 -0.280089 0.300540
v -0.016027 -0.269713 0.295801
v -0.015493 -0.275124 0.298808
v -0.016774 -0.258688 0.252070
v -0.016556 -0.252129 0.256162
v -0.015166 -0.254956 0.252922
v -0.081330 -0.223870 0.247047
v -0.069871 -0.223456 0.251221
v -0.075937 -0.222247 0.248271
v -0.025050 -0.242409 0.302141
v -0.032001 -0.239293 0.305224
v -0.028369 -0.238369 0.303981
v -0.008248 -0.266822 0.283886
v -0.010129 -0.276311 0.290773
v -0.007887 -0.271621 0.288414
v -0.030847 -0.243066 0.244397
v -0.028748 -0.251155 0.242265
v -0.027859 -0.246993 0.242536
v -0.064746 -0.215097 0.270557
v -0.073874 -0.215885 0.269129
v -0.069596 -0.213849 0.269227
v -0.054949 -0.218725 0.286410
v -0.058230 -0.221381 0.293656
v -0.055765 -0.218810 0.291180
v -0.018361 -0.256608 0.301515
v -0.018210 -0.268150 0.304859
v -0.016563 -0.262859 0.303538
v -0.006977 -0.260661 0.270638
v -0.008373 -0.263156 0.264037
v -0.006368 -0.260589 0.265630
v -0.048361 -0.231645 0.241996
v -0.056236 -0.233697 0.238384
v -0.052325 -0.231291 0.239121
v 0.016704 -0.259287 0.291537
v 0.036196 -0.270747 0.322441
v 0.062583 -0.238918 0.250756
v 0.092251 -0.256361 0.297793
v 0.034584 -0.244985 0.267449
v 0.018340 -0.284029 0.305486
v 0.066332 -0.263651 0.317783
v 0.101544 -0.250238 0.254319
v 0.052923 -0.258446 0.288983
v 0.024826 -0.249800 0.280167
v 0.025015 -0.278164 0.314440
v 0.081284 -0.260174 0.308965
v 0.078511 -0.240455 0.250724
v 0.048427 -0.240856 0.256872
v 0.016009 -0.272869 0.300162
v 0.051159 -0.265282 0.321917
v 0.098168 -0.252012 0.281889
v 0.079301 -0.251584 0.271171
v 0.029743 -0.273885 0.300750
v 0.042664 -0.251552 0.278443
v 0.059069 -0.261197 0.304452
v 0.037890 -0.270933 0.312676
v 0.024804 -0.263239 0.291928
v 0.065444 -0.245769 0.263799
v 0.081239 -0.255055 0.288840
v 0.052709 -0.251628 0.291965
v 0.078853 -0.244589 0.274410
v 0.029373 -0.266954 0.303901
v 0.042497 -0.244768 0.281375
v 0.058902 -0.254413 0.307384
v 0.037575 -0.264042 0.315767
v 0.024489 -0.256348 0.295020
v 0.065305 -0.239006 0.266700
v 0.081100 -0.248292 0.291741
v 0.016637 -0.257922 0.292152
v 0.020497 -0.254131 0.292728
v 0.017668 -0.254525 0.293343
v 0.036130 -0.269382 0.323056
v 0.038433 -0.264677 0.321165
v 0.036705 -0.265717 0.323524
v 0.062547 -0.237385 0.251417
v 0.063180 -0.234094 0.258709
v 0.062692 -0.234256 0.254478
v 0.092215 -0.254828 0.298454
v 0.087924 -0.248642 0.297938
v 0.090918 -0.250852 0.299228
v 0.034541 -0.243496 0.268097
v 0.037671 -0.240848 0.274875
v 0.035402 -0.240524 0.271033
v 0.018272 -0.282816 0.306040
v 0.023401 -0.272429 0.306314
v 0.019665 -0.277416 0.307180
v 0.066289 -0.262162 0.318432
v 0.063188 -0.255851 0.315330
v 0.065325 -0.258117 0.318474
v 0.101152 -0.248780 0.255228
v 0.092717 -0.244878 0.263441
v 0.098062 -0.245584 0.258965
v 0.024513 -0.249199 0.288742
v 0.024773 -0.248360 0.280802
v 0.024618 -0.246369 0.284113
v 0.031896 -0.267295 0.316499
v 0.024946 -0.276904 0.315014
v 0.026875 -0.271754 0.316497
v 0.081111 -0.251599 0.304814
v 0.081249 -0.258657 0.309619
v 0.081172 -0.254422 0.309135
v 0.073539 -0.235352 0.258544
v 0.078414 -0.238896 0.251443
v 0.076881 -0.235648 0.254518
v 0.054250 -0.235806 0.262227
v 0.048392 -0.239339 0.257526
v 0.050071 -0.236136 0.259826
v 0.020626 -0.260668 0.298629
v 0.015940 -0.271609 0.300736
v 0.017206 -0.266069 0.301167
v 0.044655 -0.261041 0.320676
v 0.051107 -0.263843 0.322552
v 0.049138 -0.260785 0.322988
v 0.091800 -0.246089 0.287496
v 0.098072 -0.250453 0.282609
v 0.096129 -0.246965 0.285035
v 0.234330 -0.324239 0.364973
v 0.210112 -0.317862 0.362407
v 0.226879 -0.342793 0.397607
v 0.190017 -0.333088 0.393701
v 0.235527 -0.332937 0.382014
v 0.223952 -0.326527 0.350991
v 0.196081 -0.322550 0.377835
v 0.201621 -0.351376 0.405712
v 0.214998 -0.331057 0.379142
v 0.235562 -0.327403 0.374322
v 0.217990 -0.321868 0.355402
v 0.191470 -0.327696 0.386273
v 0.217643 -0.345941 0.402711
v 0.232295 -0.338445 0.390598
v 0.229180 -0.324814 0.356588
v 0.202843 -0.318789 0.370855
v 0.193219 -0.339510 0.400124
v 0.207809 -0.340870 0.394686
v 0.221048 -0.327162 0.361074
v 0.225823 -0.331665 0.380232
v 0.205441 -0.326299 0.378072
v 0.212662 -0.322411 0.364148
v 0.228921 -0.326692 0.365871
v 0.219323 -0.339868 0.393490
v 0.199698 -0.334701 0.391410
v 0.215251 -0.327523 0.382237
v 0.208133 -0.337129 0.397754
v 0.221348 -0.323493 0.364149
v 0.226062 -0.328172 0.383332
v 0.205680 -0.322806 0.381173
v 0.212945 -0.318790 0.367230
v 0.229205 -0.323071 0.368953
v 0.219553 -0.336400 0.396594
v 0.199928 -0.331233 0.394514
v 0.234387 -0.323519 0.365582
v 0.232679 -0.322679 0.368910
v 0.233980 -0.322074 0.367582
v 0.210169 -0.317142 0.363016
v 0.210393 -0.316812 0.366549
v 0.210327 -0.315846 0.365076
v 0.226933 -0.342005 0.398308
v 0.224520 -0.337899 0.399349
v 0.226298 -0.339694 0.399609
v 0.190070 -0.332299 0.394403
v 0.193776 -0.329804 0.396092
v 0.191228 -0.330461 0.395893
v 0.235582 -0.332167 0.382692
v 0.231834 -0.328904 0.384388
v 0.234562 -0.330079 0.384192
v 0.224005 -0.325883 0.351528
v 0.222864 -0.323242 0.358792
v 0.223769 -0.323870 0.354709
v 0.196135 -0.321781 0.378513
v 0.200129 -0.320556 0.381028
v 0.197383 -0.320290 0.380252
v 0.201772 -0.350446 0.406212
v 0.204244 -0.344245 0.404098
v 0.202728 -0.347287 0.406266
v 0.232738 -0.323461 0.373455
v 0.235617 -0.326654 0.374972
v 0.234859 -0.324555 0.375539
v 0.215301 -0.318591 0.363345
v 0.218045 -0.321200 0.355960
v 0.217338 -0.319209 0.359168
v 0.194597 -0.326673 0.391180
v 0.191523 -0.326916 0.386967
v 0.192495 -0.325737 0.389200
v 0.218519 -0.340091 0.402553
v 0.217714 -0.345109 0.403397
v 0.218042 -0.342476 0.404136
v 0.227972 -0.335461 0.394716
v 0.232347 -0.337665 0.391293
v 0.231137 -0.335912 0.393294
v 0.229305 -0.322278 0.364829
v 0.229235 -0.324146 0.357146
v 0.229352 -0.322372 0.360441
v 0.207712 -0.316871 0.370804
v 0.202898 -0.318039 0.371505
v 0.204394 -0.316533 0.372311
v 0.195829 -0.334117 0.400149
v 0.193290 -0.338678 0.400809
v 0.194126 -0.336179 0.401602
v 0.178619 -0.259287 0.288230
v 0.215797 -0.270747 0.282418
v 0.157166 -0.238917 0.232067
v 0.213754 -0.256361 0.223220
v 0.162393 -0.244985 0.263275
v 0.192639 -0.284028 0.291991
v 0.222947 -0.263651 0.253809
v 0.175608 -0.250238 0.198666
v 0.190133 -0.258446 0.254985
v 0.170837 -0.249799 0.276734
v 0.203807 -0.278164 0.289392
v 0.220248 -0.260174 0.237179
v 0.163277 -0.240455 0.217855
v 0.157578 -0.240856 0.246976
v 0.186630 -0.272869 0.292077
v 0.221064 -0.265282 0.268882
v 0.200770 -0.252012 0.211993
v 0.183208 -0.251584 0.224803
v 0.192490 -0.273885 0.280054
v 0.176061 -0.251551 0.260186
v 0.207350 -0.261196 0.255295
v 0.207078 -0.270933 0.277253
v 0.182118 -0.263239 0.281155
v 0.170788 -0.245768 0.234397
v 0.200914 -0.255055 0.229687
v 0.192913 -0.251628 0.256292
v 0.186144 -0.244589 0.226415
v 0.195372 -0.266954 0.281562
v 0.178811 -0.244768 0.261433
v 0.210100 -0.254412 0.256541
v 0.209924 -0.264041 0.278691
v 0.184964 -0.256347 0.282593
v 0.173519 -0.239005 0.235607
v 0.203645 -0.248292 0.230897
v 0.179184 -0.257921 0.288520
v 0.181225 -0.254131 0.285294
v 0.180725 -0.254525 0.288046
v 0.216363 -0.269381 0.282708
v 0.215435 -0.264676 0.279946
v 0.217034 -0.265717 0.282370
v 0.157787 -0.237384 0.232346
v 0.165029 -0.234094 0.234511
v 0.160780 -0.234256 0.233362
v 0.214374 -0.254828 0.223500
v 0.212224 -0.248642 0.227133
v 0.214617 -0.250851 0.224946
v 0.162999 -0.243496 0.263556
v 0.170710 -0.240848 0.263302
v 0.166149 -0.240524 0.263888
v 0.193145 -0.282815 0.292259
v 0.195385 -0.272429 0.287789
v 0.194775 -0.277416 0.291445
v 0.223553 -0.262162 0.254089
v 0.219380 -0.255851 0.255693
v 0.223222 -0.258117 0.254966
v 0.176329 -0.248780 0.199356
v 0.180960 -0.244878 0.209950
v 0.178726 -0.245584 0.203509
v 0.178947 -0.249199 0.280222
v 0.171426 -0.248360 0.277019
v 0.174545 -0.246369 0.278397
v 0.208436 -0.267294 0.284028
v 0.204332 -0.276904 0.289668
v 0.206498 -0.271753 0.288503
v 0.216197 -0.251599 0.235780
v 0.220862 -0.258657 0.237455
v 0.220368 -0.254422 0.237342
v 0.168866 -0.235352 0.225214
v 0.163930 -0.238896 0.218210
v 0.166290 -0.235648 0.220728
v 0.164963 -0.235806 0.243789
v 0.158192 -0.239339 0.247252
v 0.161048 -0.236136 0.246615
v 0.186939 -0.260668 0.287388
v 0.187154 -0.271609 0.292354
v 0.188056 -0.266068 0.291386
v 0.217365 -0.261041 0.274216
v 0.221654 -0.263843 0.269167
v 0.221313 -0.260785 0.271085
v 0.203696 -0.246088 0.219769
v 0.201423 -0.250453 0.212349
v 0.203003 -0.246965 0.214989
v 0.337837 -0.333164 0.249588
v 0.342767 -0.344625 0.285791
v 0.396493 -0.312795 0.231492
v 0.403996 -0.330238 0.286595
v 0.364094 -0.318862 0.235078
v 0.333545 -0.357906 0.262961
v 0.372123 -0.337528 0.294044
v 0.430473 -0.324115 0.250883
v 0.371857 -0.332323 0.262276
v 0.349941 -0.323677 0.242607
v 0.335908 -0.352041 0.273876
v 0.389385 -0.334052 0.292216
v 0.411002 -0.314332 0.238064
v 0.381076 -0.314733 0.231190
v 0.333630 -0.346746 0.257149
v 0.356601 -0.339159 0.291517
v 0.415973 -0.325890 0.274574
v 0.403246 -0.325461 0.257000
v 0.345884 -0.347762 0.263377
v 0.366890 -0.325429 0.248433
v 0.371039 -0.335074 0.278901
v 0.348356 -0.344810 0.277607
v 0.345047 -0.337116 0.253301
v 0.393691 -0.319646 0.244547
v 0.397686 -0.328932 0.273883
v 0.370426 -0.325506 0.264902
v 0.401495 -0.318466 0.259762
v 0.344242 -0.340831 0.266091
v 0.365522 -0.318645 0.251031
v 0.369671 -0.328290 0.281500
v 0.346788 -0.337919 0.280290
v 0.343479 -0.330225 0.255984
v 0.392362 -0.312883 0.247130
v 0.396356 -0.322169 0.276466
v 0.337522 -0.331799 0.250121
v 0.340796 -0.328009 0.252244
v 0.337966 -0.328402 0.251631
v 0.342451 -0.343259 0.286324
v 0.345332 -0.338554 0.285557
v 0.342781 -0.339594 0.286988
v 0.396186 -0.311262 0.232078
v 0.393740 -0.307972 0.238976
v 0.395050 -0.308134 0.234924
v 0.403689 -0.328705 0.287182
v 0.399998 -0.322519 0.284934
v 0.402188 -0.324729 0.287349
v 0.363786 -0.317373 0.235650
v 0.363825 -0.314726 0.243115
v 0.363352 -0.314401 0.238679
v 0.333253 -0.356693 0.263437
v 0.337807 -0.346306 0.265812
v 0.334048 -0.351293 0.265051
v 0.371815 -0.336039 0.294616
v 0.370279 -0.329728 0.290509
v 0.370919 -0.331994 0.294255
v 0.429740 -0.322657 0.251548
v 0.418659 -0.318756 0.255525
v 0.425378 -0.319461 0.253669
v 0.346103 -0.323076 0.250281
v 0.349631 -0.322238 0.243163
v 0.348117 -0.320246 0.246112
v 0.341317 -0.341172 0.278602
v 0.335607 -0.350781 0.274370
v 0.336748 -0.345631 0.276519
v 0.390948 -0.325476 0.288367
v 0.389082 -0.332534 0.292797
v 0.389213 -0.328299 0.292325
v 0.403236 -0.309229 0.243121
v 0.410616 -0.312773 0.238679
v 0.407946 -0.309525 0.240842
v 0.384155 -0.309683 0.238477
v 0.380773 -0.313216 0.231770
v 0.381347 -0.310014 0.234560
v 0.338467 -0.334545 0.257668
v 0.333329 -0.345486 0.257643
v 0.334303 -0.339946 0.258560
v 0.351196 -0.334918 0.287691
v 0.356290 -0.337720 0.292073
v 0.354318 -0.334663 0.291654
v 0.407854 -0.319966 0.277038
v 0.415587 -0.324331 0.275189
v 0.412814 -0.320842 0.276592
v 0.021538 -0.270389 0.320198
v 0.019415 -0.270529 0.319314
v 0.017249 -0.271123 0.319184
v 0.015369 -0.272094 0.319818
v 0.013923 -0.273244 0.321064
v 0.013255 -0.274299 0.322884
v 0.013499 -0.275180 0.324963
v 0.014542 -0.275809 0.326897
v 0.016249 -0.276088 0.328408
v 0.018403 -0.275969 0.329297
v 0.020672 -0.275466 0.329429
v 0.022735 -0.274500 0.328911
v 0.024139 -0.273415 0.327591
v 0.024752 -0.272342 0.325748
v 0.024412 -0.271444 0.323619
v 0.023362 -0.240550 0.329344
v 0.017799 -0.232463 0.329739
v 0.026312 -0.243223 0.334225
v 0.026925 -0.246476 0.339586
v 0.011802 -0.231979 0.327882
v 0.011038 -0.230193 0.333125
v 0.025108 -0.249818 0.344605
v 0.021130 -0.252772 0.348493
v 0.005565 -0.232822 0.328080
v 0.006151 -0.230854 0.333279
v 0.015603 -0.254860 0.350681
v 0.009370 -0.255755 0.350844
v 0.000037 -0.234863 0.330301
v 0.001820 -0.232453 0.335020
v 0.003378 -0.255333 0.348947
v -0.001461 -0.253658 0.345279
v -0.003939 -0.237791 0.334208
v -0.001295 -0.234747 0.338081
v -0.004411 -0.250985 0.340397
v -0.005022 -0.247722 0.335046
v -0.005758 -0.241161 0.339207
v -0.002721 -0.237387 0.341998
v 0.009407 -0.233563 0.345882
v -0.003202 -0.244364 0.330040
v 0.000773 -0.241423 0.326140
v -0.005144 -0.244459 0.344535
v -0.002239 -0.239972 0.346173
v 0.006298 -0.239348 0.323941
v 0.012530 -0.238453 0.323778
v -0.002190 -0.247184 0.349383
v 0.000075 -0.242107 0.349971
v 0.018523 -0.238875 0.325675
v 0.014058 -0.247818 0.330988
v 0.002655 -0.248921 0.353011
v 0.003871 -0.243467 0.352814
v 0.011952 -0.247614 0.330358
v 0.009774 -0.247948 0.330404
v 0.008652 -0.249404 0.354868
v 0.008571 -0.243846 0.354269
v 0.007857 -0.248775 0.331116
v 0.006453 -0.249755 0.332510
v 0.014890 -0.248562 0.354671
v 0.013458 -0.243186 0.354115
v 0.005804 -0.250867 0.334302
v 0.006020 -0.252031 0.336163
v 0.020417 -0.246521 0.352450
v 0.017789 -0.241587 0.352374
v 0.007053 -0.252953 0.337883
v 0.008752 -0.253571 0.339148
v 0.024393 -0.243593 0.348542
v 0.020904 -0.239293 0.349313
v 0.010866 -0.253823 0.339749
v 0.013068 -0.253593 0.339645
v 0.026212 -0.240223 0.343544
v 0.022329 -0.236652 0.345396
v 0.015004 -0.252870 0.338872
v 0.016400 -0.251865 0.337491
v 0.017038 -0.250697 0.335732
v 0.025598 -0.236924 0.338215
v 0.021848 -0.234068 0.341221
v 0.016828 -0.249568 0.333849
v 0.015770 -0.248518 0.332204
v 0.022644 -0.234199 0.333368
v 0.019533 -0.231933 0.337423
v 0.023294 -0.270711 0.321709
v 0.015738 -0.230572 0.334580
v 0.071740 -0.228700 0.344615
v 0.073098 -0.230959 0.343758
v 0.069263 -0.227429 0.343931
v 0.063858 -0.214674 0.320996
v 0.064665 -0.216125 0.318835
v 0.062425 -0.215245 0.323413
v 0.010810 -0.242906 0.340241
v 0.010797 -0.242941 0.340225
v 0.011437 -0.242405 0.340332
v 0.040192 -0.215954 0.319706
v 0.040254 -0.217379 0.317545
v 0.040839 -0.216695 0.322173
v 0.074446 -0.222189 0.330244
v 0.071650 -0.221988 0.331297
v 0.075935 -0.224005 0.328668
v 0.051900 -0.236782 0.354780
v 0.052552 -0.239257 0.354384
v 0.051124 -0.234991 0.352983
v 0.024657 -0.226538 0.328375
v 0.026659 -0.226835 0.329569
v 0.024159 -0.228149 0.326740
v 0.031912 -0.239441 0.350105
v 0.032988 -0.238085 0.348518
v 0.031798 -0.241737 0.349622
v 0.050876 -0.213693 0.319085
v 0.051054 -0.215204 0.320640
v 0.051127 -0.214796 0.317300
v 0.061883 -0.233263 0.352084
v 0.060893 -0.232671 0.350204
v 0.062624 -0.235241 0.351723
v 0.046711 -0.228302 0.335872
v 0.073224 -0.231621 0.343323
v 0.064748 -0.216771 0.318393
v 0.047402 -0.231922 0.333491
v 0.010799 -0.242950 0.340219
v 0.040381 -0.218042 0.317109
v 0.076061 -0.224666 0.328233
v 0.052679 -0.239919 0.353949
v 0.024285 -0.228809 0.326306
v 0.031924 -0.242397 0.349187
v 0.051241 -0.215452 0.316860
v 0.062751 -0.235903 0.351287
v 0.034699 -0.264600 0.395361
v 0.034934 -0.267350 0.395111
v 0.034877 -0.262367 0.393571
v 0.057148 -0.253394 0.381688
v 0.058571 -0.255668 0.380575
v 0.054385 -0.252624 0.381711
v 0.010443 -0.243419 0.340971
v 0.010437 -0.243444 0.340940
v 0.010889 -0.243422 0.341718
v 0.048750 -0.242123 0.362566
v 0.049928 -0.243748 0.360929
v 0.046652 -0.242604 0.364122
v 0.050308 -0.263423 0.392013
v 0.048480 -0.261571 0.390531
v 0.051362 -0.266066 0.391591
v 0.015409 -0.258790 0.382855
v 0.014907 -0.261254 0.382239
v 0.017364 -0.257244 0.381944
v 0.031223 -0.240950 0.351614
v 0.030870 -0.242028 0.353671
v 0.031679 -0.242330 0.349769
v 0.010568 -0.251276 0.364185
v 0.012859 -0.251033 0.364637
v 0.009927 -0.253203 0.363005
v 0.054257 -0.246046 0.371164
v 0.052397 -0.247089 0.371591
v 0.055336 -0.247439 0.369995
v 0.022896 -0.261700 0.390256
v 0.024320 -0.261048 0.388703
v 0.022615 -0.263795 0.389907
v 0.032616 -0.252669 0.371774
v 0.035052 -0.268047 0.394731
v 0.058678 -0.256409 0.380158
v 0.033263 -0.256471 0.369709
v 0.010439 -0.243454 0.340935
v 0.050047 -0.244441 0.360554
v 0.051472 -0.266794 0.391185
v 0.015026 -0.261952 0.381860
v 0.031796 -0.243025 0.349391
v 0.010045 -0.253898 0.362627
v 0.055455 -0.248134 0.369618
v 0.022733 -0.264493 0.389527
v 0.022854 -0.201186 0.292571
v 0.023531 -0.202290 0.290084
v 0.021182 -0.201931 0.294967
v -0.005210 -0.204224 0.291893
v -0.005758 -0.205885 0.289744
v -0.003401 -0.204300 0.294117
v 0.010198 -0.242696 0.339799
v 0.010658 -0.240461 0.334393
v 0.010151 -0.241981 0.339427
v -0.011871 -0.216499 0.311088
v -0.012709 -0.218503 0.309678
v -0.009363 -0.215743 0.311526
v 0.009110 -0.201409 0.285484
v 0.009056 -0.202076 0.288406
v 0.009293 -0.202753 0.282974
v 0.030364 -0.212699 0.312769
v 0.031653 -0.214512 0.311444
v 0.027738 -0.212405 0.313003
v -0.003297 -0.228175 0.325874
v -0.001662 -0.226996 0.324667
v -0.003773 -0.230356 0.325145
v 0.022870 -0.225820 0.326914
v 0.021156 -0.224939 0.325572
v 0.023781 -0.227877 0.326242
v -0.010759 -0.210146 0.302252
v -0.008643 -0.210594 0.302478
v -0.011436 -0.211652 0.300931
v 0.028906 -0.206504 0.303803
v 0.026890 -0.207327 0.303935
v 0.029827 -0.207750 0.302431
v 0.009474 -0.216395 0.310260
v 0.023531 -0.202841 0.289525
v -0.005682 -0.206532 0.289275
v 0.009893 -0.219929 0.307694
v 0.010203 -0.242745 0.339786
v -0.012633 -0.219150 0.309209
v 0.009353 -0.203369 0.282475
v 0.031729 -0.215159 0.310974
v -0.003696 -0.231001 0.324677
v 0.023857 -0.228522 0.325774
v -0.011359 -0.212299 0.300461
v 0.029855 -0.208353 0.301923
v -0.043031 -0.221730 0.312703
v -0.043369 -0.223296 0.310442
v -0.042023 -0.222166 0.315352
v -0.053763 -0.236756 0.334513
v -0.054682 -0.239140 0.333440
v -0.051353 -0.235218 0.334293
v 0.009440 -0.243154 0.340385
v 0.004468 -0.244221 0.339212
v 0.008661 -0.242717 0.340318
v -0.035519 -0.242833 0.348430
v -0.035818 -0.245359 0.347944
v -0.034607 -0.240949 0.346795
v -0.054366 -0.230459 0.319883
v -0.051861 -0.229974 0.321449
v -0.055324 -0.232407 0.318070
v -0.019585 -0.220518 0.316039
v -0.019081 -0.221920 0.313922
v -0.020610 -0.221347 0.318341
v -0.014838 -0.243309 0.347699
v -0.015723 -0.242058 0.345918
v -0.014392 -0.245575 0.347271
v -0.004967 -0.229483 0.327630
v -0.007118 -0.229999 0.328418
v -0.003997 -0.231017 0.326140
v -0.045070 -0.240318 0.343728
v -0.043823 -0.239673 0.342067
v -0.045508 -0.242331 0.343253
v -0.030084 -0.219312 0.313278
v -0.030411 -0.220826 0.314849
v -0.029870 -0.220431 0.311464
v -0.027733 -0.233654 0.330782
v -0.043339 -0.223963 0.309997
v -0.054652 -0.239807 0.332995
v -0.027568 -0.237303 0.328351
v 0.009460 -0.243197 0.340365
v -0.035788 -0.246027 0.347499
v -0.055294 -0.233074 0.317625
v -0.019051 -0.222588 0.313477
v -0.014362 -0.246240 0.346828
v -0.003967 -0.231682 0.325696
v -0.045478 -0.242999 0.342808
v -0.029840 -0.221099 0.311018
v -0.037123 -0.263124 0.378804
v -0.038022 -0.265509 0.377715
v -0.034603 -0.261760 0.378923
v -0.013165 -0.269386 0.393068
v -0.012758 -0.272108 0.392753
v -0.013797 -0.267204 0.391318
v 0.009878 -0.243372 0.340819
v 0.005557 -0.246568 0.343203
v 0.009463 -0.243334 0.341518
v 0.004764 -0.259039 0.381451
v 0.005831 -0.261309 0.380805
v 0.002538 -0.257949 0.380498
v -0.028456 -0.271675 0.389197
v -0.027049 -0.269418 0.387823
v -0.028894 -0.274429 0.388726
v -0.030817 -0.249744 0.360271
v -0.031542 -0.251546 0.358559
v -0.028718 -0.249783 0.361893
v 0.008374 -0.250100 0.363133
v 0.006072 -0.250391 0.363498
v 0.009473 -0.251800 0.361941
v -0.013671 -0.244341 0.350012
v -0.013154 -0.245370 0.352059
v -0.013740 -0.245736 0.348123
v -0.002206 -0.263765 0.388432
v -0.003652 -0.263464 0.386835
v -0.001463 -0.265707 0.388053
v -0.035671 -0.255002 0.368523
v -0.033605 -0.255571 0.369045
v -0.036383 -0.256585 0.367267
v -0.013018 -0.256641 0.369860
v -0.037966 -0.266203 0.377317
v -0.012703 -0.272803 0.392355
v -0.012716 -0.260441 0.367687
v 0.009892 -0.243405 0.340782
v 0.005886 -0.262005 0.380408
v -0.028839 -0.275124 0.388329
v -0.031487 -0.252242 0.358161
v 0.009528 -0.252493 0.361544
v -0.013685 -0.246429 0.347727
v -0.001407 -0.266403 0.387655
v -0.036327 -0.257281 0.366869
v -0.324880 -0.250598 0.334832
v -0.321224 -0.272203 0.370253
v -0.294424 -0.246852 0.342268
v -0.291994 -0.261214 0.365813
v -0.314336 -0.246959 0.334328
v -0.339935 -0.271201 0.348391
v -0.310424 -0.270082 0.372236
v -0.274162 -0.251524 0.355717
v -0.311649 -0.261568 0.351348
v -0.332827 -0.274701 0.363197
v -0.335471 -0.259071 0.337572
v -0.312878 -0.258029 0.353632
v -0.325105 -0.249950 0.335251
v -0.324618 -0.250042 0.338666
v -0.325378 -0.248779 0.337024
v -0.321449 -0.271555 0.370671
v -0.321464 -0.268635 0.369002
v -0.321870 -0.269502 0.370955
v -0.294648 -0.246207 0.342684
v -0.297278 -0.246302 0.345692
v -0.295835 -0.245036 0.344339
v -0.292218 -0.260568 0.366230
v -0.295261 -0.258195 0.365190
v -0.293526 -0.258675 0.366699
v -0.315126 -0.245810 0.339397
v -0.314561 -0.246311 0.334746
v -0.315143 -0.244967 0.336881
v -0.340159 -0.270554 0.348809
v -0.337493 -0.266411 0.351059
v -0.339795 -0.268143 0.350241
v -0.311854 -0.265149 0.371100
v -0.310649 -0.269434 0.372654
v -0.311418 -0.266981 0.372972
v -0.274981 -0.251359 0.355893
v -0.279211 -0.253186 0.353187
v -0.274194 -0.251492 0.355740
v -0.331750 -0.269007 0.363429
v -0.333051 -0.274053 0.363614
v -0.333086 -0.271378 0.364333
v -0.333919 -0.256126 0.342321
v -0.335696 -0.258423 0.337989
v -0.335592 -0.256553 0.340031
v -0.271583 -0.215362 0.315125
v -0.309421 -0.232623 0.317381
v -0.268956 -0.234918 0.339773
v -0.294109 -0.246392 0.341273
v -0.267160 -0.220545 0.323970
v -0.294231 -0.218448 0.297447
v -0.307656 -0.239018 0.326384
v -0.274067 -0.251158 0.355206
v -0.286346 -0.232415 0.322832
v -0.306877 -0.225932 0.305574
v -0.279503 -0.213445 0.303942
v -0.287717 -0.229080 0.325332
v -0.271834 -0.214752 0.315583
v -0.274852 -0.215148 0.317208
v -0.273182 -0.213739 0.316905
v -0.309672 -0.232012 0.317839
v -0.307279 -0.230010 0.319095
v -0.309435 -0.230297 0.319053
v -0.269206 -0.234310 0.340229
v -0.272703 -0.232443 0.339727
v -0.270695 -0.232634 0.340929
v -0.294359 -0.245784 0.341729
v -0.293531 -0.241948 0.340971
v -0.294581 -0.243531 0.342354
v -0.271670 -0.219152 0.326284
v -0.267411 -0.219935 0.324428
v -0.269122 -0.218577 0.325817
v -0.294482 -0.217838 0.297904
v -0.294579 -0.216926 0.303242
v -0.294974 -0.216442 0.300314
v -0.305537 -0.234602 0.328303
v -0.307907 -0.238408 0.326842
v -0.307677 -0.236164 0.328116
v -0.274438 -0.250435 0.354747
v -0.276390 -0.250369 0.350593
v -0.274087 -0.251112 0.355218
v -0.305099 -0.222811 0.310127
v -0.307127 -0.225323 0.306031
v -0.306998 -0.223458 0.308077
v -0.282546 -0.212528 0.308792
v -0.279753 -0.212836 0.304399
v -0.281036 -0.211617 0.306532
v -0.226002 -0.222929 0.356037
v -0.250659 -0.212670 0.324366
v -0.251522 -0.241323 0.360730
v -0.267888 -0.234307 0.339529
v -0.233014 -0.230511 0.361049
v -0.222599 -0.210151 0.330571
v -0.259363 -0.219214 0.326915
v -0.273091 -0.250948 0.355510
v -0.244587 -0.227439 0.341893
v -0.237564 -0.208476 0.323119
v -0.219328 -0.214861 0.345340
v -0.246236 -0.224134 0.344262
v -0.226311 -0.222384 0.356516
v -0.229196 -0.221090 0.355482
v -0.227726 -0.220987 0.357091
v -0.250961 -0.212065 0.324800
v -0.250279 -0.212106 0.328093
v -0.251320 -0.210958 0.326566
v -0.251823 -0.240720 0.361162
v -0.252411 -0.237035 0.359733
v -0.252554 -0.238521 0.361546
v -0.268188 -0.233704 0.339961
v -0.265967 -0.231228 0.342176
v -0.268096 -0.231859 0.341412
v -0.236556 -0.226703 0.360283
v -0.233316 -0.229906 0.361483
v -0.234823 -0.227849 0.361933
v -0.222918 -0.209582 0.331026
v -0.227158 -0.209199 0.334477
v -0.224749 -0.208411 0.332876
v -0.258592 -0.217256 0.331736
v -0.259665 -0.218609 0.327349
v -0.259909 -0.217095 0.329435
v -0.272715 -0.250190 0.355475
v -0.268252 -0.248624 0.353123
v -0.273095 -0.250901 0.355529
v -0.239549 -0.207445 0.328469
v -0.237865 -0.207872 0.323552
v -0.238917 -0.206628 0.325794
v -0.224822 -0.213548 0.347350
v -0.219669 -0.214378 0.345856
v -0.221822 -0.213265 0.347264
v -0.307636 -0.278652 0.389323
v -0.269516 -0.273078 0.405151
v -0.292753 -0.262775 0.366447
v -0.267413 -0.259071 0.376967
v -0.305968 -0.273198 0.379724
v -0.291784 -0.290592 0.410302
v -0.265171 -0.267232 0.396666
v -0.273955 -0.251764 0.356191
v -0.284516 -0.273445 0.386798
v -0.277105 -0.282585 0.411630
v -0.304753 -0.286458 0.400378
v -0.285872 -0.269781 0.388767
v -0.307885 -0.277979 0.389685
v -0.305451 -0.275898 0.390970
v -0.307632 -0.276127 0.390731
v -0.269763 -0.272408 0.405511
v -0.272733 -0.271187 0.404510
v -0.271093 -0.270808 0.405887
v -0.293001 -0.262105 0.366808
v -0.292113 -0.261153 0.370586
v -0.293202 -0.260583 0.368585
v -0.267660 -0.258402 0.377328
v -0.271126 -0.258085 0.379293
v -0.269136 -0.257065 0.378574
v -0.303817 -0.269568 0.382859
v -0.306217 -0.272526 0.380086
v -0.305974 -0.270417 0.381568
v -0.292044 -0.289896 0.410696
v -0.292225 -0.284637 0.409302
v -0.292570 -0.287083 0.410994
v -0.269696 -0.264581 0.397024
v -0.265418 -0.266563 0.397024
v -0.267131 -0.264740 0.397693
v -0.274282 -0.251934 0.357016
v -0.273959 -0.251755 0.356196
v -0.273975 -0.251735 0.356228
v -0.280289 -0.277679 0.410655
v -0.277369 -0.281878 0.412036
v -0.278717 -0.279331 0.412394
v -0.303007 -0.280991 0.401216
v -0.305002 -0.285786 0.400740
v -0.304878 -0.283139 0.401549
v -0.248814 -0.262919 0.402496
v -0.225726 -0.237717 0.378667
v -0.267072 -0.258512 0.377117
v -0.251721 -0.241769 0.361287
v -0.257690 -0.263464 0.395746
v -0.220952 -0.255429 0.400888
v -0.232976 -0.236509 0.370259
v -0.273096 -0.251368 0.356149
v -0.243716 -0.252919 0.381469
v -0.218901 -0.243598 0.388931
v -0.235539 -0.261934 0.406276
v -0.245375 -0.249431 0.383551
v -0.249117 -0.262280 0.402877
v -0.248564 -0.259190 0.401445
v -0.249516 -0.260195 0.403163
v -0.226027 -0.237089 0.379058
v -0.228727 -0.237653 0.380986
v -0.227377 -0.236078 0.380331
v -0.267374 -0.257876 0.377497
v -0.265180 -0.254778 0.378746
v -0.267293 -0.255787 0.378568
v -0.252024 -0.241134 0.361666
v -0.252470 -0.240914 0.365632
v -0.252716 -0.239888 0.363533
v -0.257062 -0.258251 0.395493
v -0.257994 -0.262826 0.396127
v -0.258282 -0.260305 0.396646
v -0.221255 -0.254792 0.401268
v -0.225565 -0.251615 0.400450
v -0.223079 -0.252681 0.401734
v -0.236393 -0.235708 0.374177
v -0.233279 -0.235870 0.370640
v -0.234752 -0.234642 0.372381
v -0.272704 -0.251078 0.356841
v -0.273100 -0.251359 0.356154
v -0.273100 -0.251331 0.356184
v -0.223950 -0.241690 0.390879
v -0.219185 -0.242991 0.389343
v -0.221108 -0.241488 0.390557
v -0.237721 -0.256698 0.405066
v -0.235842 -0.261296 0.406656
v -0.236954 -0.258769 0.406895
v -0.263638 -0.241055 0.359835
v -0.255803 -0.280525 0.345186
v -0.263755 -0.243786 0.363942
v -0.259098 -0.246714 0.362946
v -0.264792 -0.257782 0.353011
v -0.265598 -0.259226 0.354492
v -0.265645 -0.246804 0.367357
v -0.261510 -0.250567 0.367305
v -0.267118 -0.260473 0.355492
v -0.269066 -0.261463 0.355792
v -0.271155 -0.262023 0.355360
v -0.269019 -0.249651 0.369560
v -0.265817 -0.254199 0.370116
v -0.273056 -0.262097 0.354241
v -0.274517 -0.261579 0.352659
v -0.273366 -0.251892 0.370214
v -0.271364 -0.257059 0.370951
v -0.275299 -0.260593 0.350839
v -0.275250 -0.259363 0.349008
v -0.278022 -0.253186 0.369222
v -0.277307 -0.258712 0.369684
v -0.274393 -0.258042 0.347460
v -0.272888 -0.256762 0.346480
v -0.282280 -0.253337 0.366733
v -0.282741 -0.258904 0.366507
v -0.270917 -0.255826 0.346149
v -0.268817 -0.255293 0.346571
v -0.285490 -0.252321 0.363126
v -0.286837 -0.257608 0.361904
v -0.266958 -0.255117 0.347746
v -0.265538 -0.255534 0.349379
v -0.287164 -0.250294 0.358951
v -0.288974 -0.255020 0.356576
v -0.264776 -0.256473 0.351226
v -0.256437 -0.249248 0.353753
v -0.287047 -0.247563 0.354844
v -0.288825 -0.251535 0.351334
v -0.258550 -0.246718 0.348385
v -0.262626 -0.245470 0.343748
v -0.285158 -0.244544 0.351429
v -0.286414 -0.247682 0.346976
v -0.268046 -0.245694 0.340549
v -0.273984 -0.247358 0.339274
v -0.276756 -0.242427 0.361514
v -0.281783 -0.241698 0.349226
v -0.282106 -0.244050 0.344165
v -0.279536 -0.250207 0.340117
v -0.283857 -0.253807 0.342951
v -0.277436 -0.239457 0.348572
v -0.276559 -0.241190 0.343329
v -0.286289 -0.257611 0.347343
v -0.286462 -0.261039 0.352625
v -0.272780 -0.238163 0.349565
v -0.270616 -0.239537 0.344596
v -0.284349 -0.263570 0.357993
v -0.280272 -0.264818 0.362629
v -0.268523 -0.238012 0.352054
v -0.265183 -0.239345 0.347773
v -0.274857 -0.264583 0.365841
v -0.268924 -0.262909 0.367129
v -0.265312 -0.239027 0.355660
v -0.261086 -0.240641 0.352376
v -0.263366 -0.260072 0.366271
v -0.259041 -0.256481 0.363427
v -0.258949 -0.243229 0.357704
v -0.256609 -0.252677 0.359035
v -0.256723 -0.281707 0.346971
v -0.258316 -0.282796 0.348288
v -0.260298 -0.283711 0.348688
v -0.262359 -0.284338 0.348188
v -0.264180 -0.284583 0.346745
v -0.265545 -0.284283 0.344884
v -0.266189 -0.283616 0.342743
v -0.266013 -0.282686 0.340651
v -0.265046 -0.281626 0.338873
v -0.263436 -0.280588 0.337652
v -0.261441 -0.279710 0.337300
v -0.259401 -0.279040 0.337897
v -0.257601 -0.278722 0.339136
v -0.256281 -0.278901 0.340950
v -0.255648 -0.279539 0.343071
vn 0.2532 -0.5089 -0.8227
vn -0.9084 0.0550 0.4144
vn 0.6815 -0.7207 -0.1268
vn 0.5472 -0.8365 -0.0295
vn -0.0664 0.3294 -0.9419
vn 0.0661 0.1271 -0.9897
vn -0.3291 0.1907 -0.9248
vn -0.4993 -0.6834 -0.5327
vn -0.5573 -0.1036 -0.8238
vn 0.2810 -0.9593 -0.0281
vn -0.0847 -0.9877 -0.1316
vn 0.3430 0.6794 0.6487
vn 0.6934 -0.3551 0.6270
vn -0.2979 0.8743 -0.3832
vn 0.0253 0.9706 -0.2395
vn -0.9449 0.2622 -0.1960
vn -0.6678 0.6610 -0.3423
vn 0.4466 -0.5356 0.7167
vn 0.0509 -0.6959 0.7163
vn -0.4920 0.3575 0.7938
vn -0.4146 0.4483 0.7919
vn -0.3174 0.5065 0.8017
vn -0.2198 0.5576 0.8005
vn -0.2185 0.5264 0.8217
vn -0.4252 -0.7085 0.5633
vn -0.9182 -0.3581 0.1694
vn -0.1437 0.6289 0.7641
vn -0.0490 0.6007 0.7980
vn -0.1952 0.5095 0.8381
vn -0.0904 0.5220 0.8481
vn -0.2929 0.4577 0.8395
vn -0.3888 0.3951 0.8323
vn -0.6077 0.7191 0.3372
vn -0.3224 0.8976 0.3007
vn -0.1734 -0.0993 0.9798
vn -0.5166 -0.1797 0.8371
vn 0.4353 0.1136 0.8931
vn 0.1425 0.0161 0.9897
vn 0.0119 0.9717 0.2359
vn 0.7635 0.4649 0.4482
vn -0.8431 -0.0305 0.5370
vn -0.8323 0.4080 0.3753
vn 0.2602 -0.4648 -0.8463
vn -0.6634 0.7434 0.0848
vn -0.2112 -0.8071 -0.5513
vn -0.4247 -0.8232 -0.3769
vn 0.8448 0.1406 -0.5163
vn 0.8748 -0.0496 -0.4819
vn 0.6712 0.3327 -0.6624
vn -0.2455 0.1825 -0.9521
vn 0.3410 0.4390 -0.8313
vn -0.5830 -0.6198 -0.5254
vn -0.6242 -0.2964 -0.7228
vn 0.1233 0.0283 0.9920
vn -0.4791 -0.6512 0.5886
vn 0.7948 0.5843 0.1640
vn 0.8909 0.3272 0.3151
vn 0.0804 0.9642 -0.2529
vn 0.5263 0.8494 -0.0402
vn -0.7441 -0.5801 0.3315
vn -0.9542 -0.2733 0.1216
vn -0.4033 0.6266 0.6668
vn -0.3193 0.5887 0.7426
vn -0.2611 0.5208 0.8128
vn -0.2060 0.4487 0.8696
vn -0.2393 0.4385 0.8663
vn -0.9786 0.1560 -0.1341
vn -0.5918 0.7251 -0.3521
vn -0.1258 0.4046 0.9058
vn -0.1440 0.3216 0.9359
vn -0.2534 0.4093 0.8765
vn -0.2342 0.3180 0.9187
vn -0.3144 0.4817 0.8180
vn -0.3772 0.5468 0.7474
vn 0.1268 0.8473 0.5158
vn 0.3470 0.6479 0.6781
vn -0.7687 0.1696 0.6167
vn -0.8145 0.4509 0.3649
vn -0.3797 -0.3049 0.8734
vn -0.6161 -0.0795 0.7836
vn 0.5254 0.4004 0.7507
vn 0.5524 -0.2327 0.8005
vn -0.5900 0.7950 0.1410
vn -0.1722 0.9411 0.2911
vn 0.3090 -0.4561 -0.8345
vn 0.3065 0.9246 0.2265
vn -0.4692 -0.2699 -0.8409
vn -0.5164 -0.0781 -0.8528
vn 0.7769 -0.6236 -0.0869
vn 0.6552 -0.7249 -0.2126
vn 0.9140 -0.3687 -0.1690
vn 0.5607 0.3453 -0.7526
vn 0.9399 0.0314 -0.3401
vn -0.3602 0.1650 -0.9182
vn -0.0483 0.3824 -0.9227
vn -0.5550 -0.1819 0.8117
vn -0.9919 0.0180 -0.1255
vn 0.6534 -0.3586 0.6667
vn 0.3820 -0.5630 0.7329
vn 0.8028 0.4933 0.3348
vn 0.8334 0.0117 0.5525
vn -0.9145 0.3104 -0.2595
vn -0.6755 0.6554 -0.3378
vn -0.1717 0.6632 0.7285
vn -0.1861 0.5757 0.7962
vn -0.2480 0.4892 0.8362
vn -0.3052 0.4017 0.8634
vn -0.3251 0.4253 0.8446
vn -0.2499 0.9132 -0.3218
vn 0.3859 0.9201 -0.0671
vn -0.3197 0.3074 0.8963
vn -0.4030 0.2772 0.8722
vn -0.3570 0.4221 0.8333
vn -0.4284 0.3544 0.8312
vn -0.3130 0.5093 0.8017
vn -0.2715 0.5882 0.7618
vn 0.3109 0.3355 0.8893
vn 0.1892 0.0459 0.9809
vn -0.5906 0.7307 0.3425
vn -0.2731 0.9222 0.2737
vn -0.9059 0.1549 0.3942
vn -0.7905 0.4657 0.3976
vn 0.0427 -0.2557 0.9658
vn -0.6317 -0.5228 0.5724
vn 0.1418 0.9252 0.3519
vn 0.3480 0.6434 0.6819
vn 0.2862 -0.5373 -0.7934
vn 0.1500 0.3437 -0.9270
vn 0.8282 0.0584 -0.5573
vn 0.9284 -0.0695 -0.3650
vn -0.5976 -0.4010 -0.6943
vn -0.4861 -0.2056 -0.8494
vn -0.5802 -0.6369 -0.5078
vn 0.2331 -0.9683 -0.0894
vn -0.3836 -0.8798 -0.2806
vn 0.9332 -0.3083 -0.1845
vn 0.7808 -0.6231 -0.0465
vn -0.0995 0.9293 -0.3558
vn 0.7298 0.6823 0.0419
vn -0.9923 0.0267 -0.1210
vn -0.8805 0.3519 -0.3176
vn -0.6601 -0.6066 0.4430
vn -0.9414 -0.3024 0.1494
vn 0.8602 0.4276 0.2780
vn 0.8455 0.0795 0.5280
vn -0.2595 0.2946 0.9197
vn -0.3071 0.3899 0.8681
vn -0.3167 0.4896 0.8124
vn -0.3186 0.5780 0.7513
vn -0.2889 0.5706 0.7688
vn 0.6284 -0.3350 0.7020
vn 0.0082 -0.7034 0.7108
vn -0.3543 0.6338 0.6876
vn -0.2936 0.6790 0.6728
vn -0.2643 0.5901 0.7629
vn -0.2338 0.6591 0.7148
vn -0.2543 0.5029 0.8261
vn -0.2402 0.4040 0.8827
vn -0.7593 0.1452 0.6344
vn -0.8121 0.4032 0.4217
vn 0.3240 0.3778 0.8673
vn 0.2197 0.0232 0.9753
vn 0.2141 0.8381 0.5018
vn 0.3463 0.6540 0.6726
vn -0.7067 0.6443 0.2924
vn -0.2230 0.9570 0.1853
vn -0.1347 -0.2846 0.9491
vn -0.5674 -0.1401 0.8115
vn 0.3223 -0.4967 -0.8059
vn -0.5353 -0.2382 -0.8104
vn 0.0909 0.3140 -0.9451
vn 0.3298 0.4080 -0.8513
vn -0.1338 -0.9731 -0.1874
vn -0.2866 -0.8885 -0.3583
vn 0.1333 -0.9894 -0.0571
vn 0.8907 -0.3992 -0.2173
vn 0.4948 -0.8690 0.0036
vn 0.5904 0.3768 -0.7138
vn 0.8390 0.1893 -0.5101
vn -0.9603 0.1930 -0.2013
vn -0.2941 0.8646 -0.4073
vn -0.4761 -0.7192 0.5061
vn -0.7548 -0.5829 0.3010
vn 0.3822 -0.5398 0.7500
vn -0.0873 -0.7209 0.6875
vn 0.0865 0.9512 -0.2961
vn 0.4514 0.8885 -0.0830
vn -0.0582 0.4502 0.8911
vn -0.1767 0.4412 0.8798
vn -0.2824 0.4595 0.8421
vn -0.3783 0.4736 0.7954
vn -0.3569 0.5010 0.7884
vn 0.7663 0.6133 0.1915
vn 0.8267 -0.0006 0.5626
vn -0.4698 0.4473 0.7610
vn -0.5042 0.5075 0.6987
vn -0.3622 0.5277 0.7684
vn -0.4311 0.5667 0.7022
vn -0.2621 0.5167 0.8151
vn -0.1539 0.5027 0.8507
vn -0.2322 -0.1126 0.9661
vn -0.5426 -0.1203 0.8313
vn 0.0919 0.8604 0.5013
vn 0.3794 0.6549 0.6536
vn -0.4791 0.8384 0.2598
vn -0.1902 0.9246 0.3301
vn -0.7452 0.0164 0.6666
vn -0.8643 0.4058 0.2971
vn 0.4870 0.2443 0.8385
vn 0.1463 -0.0420 0.9884
vn -0.1429 0.1718 -0.9747
vn 0.1259 0.3014 -0.9451
vn -0.0246 0.7277 -0.6855
vn -0.3778 0.5720 -0.7280
vn 0.5360 -0.8365 0.1142
vn 0.2005 -0.9775 0.0654
vn 0.0019 -0.7092 0.7050
vn 0.3740 -0.5388 0.7548
vn 0.2716 0.7132 0.6461
vn -0.2833 0.4922 0.8231
vn 0.3366 0.5335 0.7759
vn 0.8377 0.1427 -0.5272
vn 0.9476 -0.0572 -0.3144
vn 0.9271 0.2757 0.2538
vn 0.8496 0.5266 -0.0301
vn 0.7101 0.6637 0.2350
vn 0.8142 0.3759 0.4425
vn -0.5166 -0.7120 -0.4756
vn -0.5632 -0.4888 -0.6662
vn -0.9288 -0.2803 -0.2422
vn -0.8449 -0.5334 0.0411
vn -0.3610 -0.0213 -0.9323
vn -0.6835 0.3175 -0.6573
vn 0.3155 0.3330 0.8886
vn 0.8012 -0.5968 0.0434
vn 0.6810 -0.2843 0.6749
vn 0.7806 0.0548 0.6226
vn 0.6461 0.2708 -0.7136
vn 0.6402 0.7033 -0.3090
vn -0.3715 -0.8911 -0.2608
vn -0.6363 -0.7019 0.3202
vn 0.2116 0.1421 0.9670
vn -0.5130 -0.2456 -0.8225
vn -0.8741 0.0164 -0.4854
vn 0.6143 -0.2506 0.7482
vn 0.9442 -0.3131 -0.1022
vn 0.8691 -0.0003 0.4947
vn 0.4020 0.3209 -0.8576
vn 0.3283 0.7741 -0.5412
vn 0.0408 -0.0100 0.9991
vn -0.1242 -0.9902 -0.0639
vn -0.3500 -0.7612 0.5460
vn 0.3406 -0.4942 0.7998
vn -0.1710 -0.1002 0.9802
vn 0.0013 -0.6388 0.7694
vn 0.9321 -0.3476 -0.1015
vn 0.7808 -0.6246 0.0156
vn -0.3915 -0.1147 0.9130
vn -0.6276 -0.1741 -0.7588
vn -0.4802 0.0992 -0.8715
vn -0.3516 -0.6622 0.6617
vn -0.0874 -0.9939 -0.0675
vn -0.3694 -0.9019 -0.2239
vn 0.3911 0.4695 -0.7916
vn 0.6668 0.3787 -0.6418
vn -0.5872 -0.0514 0.8078
vn -0.5675 -0.7144 -0.4093
vn -0.6648 -0.5608 0.4935
vn 0.5346 -0.8428 0.0628
vn -0.2374 0.3180 -0.9179
vn -0.7282 0.0801 0.6806
vn -0.6579 -0.4608 -0.5957
vn -0.8907 -0.3500 0.2902
vn 0.2306 -0.9725 0.0332
vn 0.0721 0.4502 -0.8900
vn -0.7931 0.2598 0.5509
vn 0.8666 0.1950 -0.4592
vn -0.9946 -0.0621 0.0829
vn 0.9613 -0.0576 -0.2695
vn -0.7721 0.4603 0.4382
vn -0.9609 0.2592 -0.0971
vn -0.6682 0.6512 0.3598
vn -0.7948 0.5648 -0.2222
vn -0.5213 0.8083 -0.2736
vn -0.4974 0.8033 0.3277
vn -0.1823 0.9527 -0.2433
vn 0.1708 0.9759 -0.1361
vn -0.2856 0.8935 0.3466
vn 0.4842 0.8744 0.0318
vn -0.0650 0.9080 0.4138
vn 0.1306 0.8448 0.5190
vn 0.1919 -0.7205 -0.6664
vn -0.5564 -0.5861 -0.5890
vn -0.4567 -0.4444 -0.7707
vn -0.2783 -0.2951 -0.9141
vn 0.3731 -0.8333 -0.4079
vn 0.1730 -0.9261 0.3352
vn -0.3207 -0.9438 -0.0799
vn 0.3217 -0.7612 -0.5631
vn 0.3344 -0.9416 -0.0405
vn 0.3229 -0.9013 -0.2887
vn 0.1686 -0.8658 -0.4711
vn 0.0105 -0.9353 -0.3536
vn -0.1249 -0.6837 -0.7190
vn 0.0724 -0.7460 -0.6620
vn -0.1635 -0.1786 -0.9702
vn -0.1351 -0.0554 -0.9893
vn 0.6445 -0.4077 -0.6469
vn 0.1342 0.0134 -0.9909
vn -0.0103 0.1031 -0.9946
vn 0.7866 -0.5283 0.3197
vn 0.7041 -0.6500 0.2858
vn 0.9177 -0.3192 0.2367
vn 0.9436 -0.3310 0.0049
vn 0.5632 -0.7694 0.3013
vn 0.3514 -0.8725 0.3395
vn -0.9957 -0.0802 -0.0458
vn -0.8784 0.1371 -0.4578
vn -0.2419 -0.3989 0.8845
vn -0.3388 -0.4381 0.8326
vn -0.2182 0.9718 0.0898
vn -0.1921 0.9807 0.0375
vn -0.2953 0.9099 0.2913
vn -0.3079 0.9062 0.2899
vn -0.6369 0.4124 -0.6513
vn -0.4267 0.5602 -0.7100
vn 0.1964 0.7771 0.5979
vn 0.1307 0.7821 0.6092
vn -0.0665 0.7597 0.6469
vn -0.0355 0.7777 0.6277
vn -0.1302 0.9911 -0.0287
vn -0.0710 0.9915 -0.1094
vn -0.2480 0.6353 -0.7314
vn 0.0798 0.7264 -0.6826
vn 0.7203 0.1609 0.6747
vn 0.5989 0.0275 0.8004
vn 0.7678 0.6394 -0.0404
vn 0.8400 0.4098 0.3556
vn 0.4111 0.7703 -0.4875
vn 0.4832 0.7020 -0.5231
vn 0.4157 -0.1457 0.8978
vn 0.1275 -0.3519 0.9273
vn -0.2056 0.9474 0.2455
vn -0.2359 0.8481 0.4744
vn -0.4362 0.7961 0.4194
vn -0.3718 0.8391 0.3970
vn -0.5616 0.6412 0.5230
vn -0.4414 0.6587 0.6094
vn -0.1848 0.7203 0.6685
vn -0.2188 0.6788 0.7010
vn 0.0142 0.8246 0.5656
vn -0.2022 0.8263 0.5257
vn -0.9799 -0.1908 0.0587
vn -0.4196 0.6420 0.6417
vn -0.3679 0.5413 0.7561
vn -0.1410 0.9833 0.1147
vn 0.2556 0.7924 0.5539
vn 0.1385 0.8325 0.5365
vn -0.3323 0.8237 0.4594
vn -0.3988 0.7705 0.4973
vn -0.2249 0.7564 0.6143
vn -0.2938 0.7087 0.6415
vn 0.7768 0.6094 -0.1588
vn 0.3497 0.7939 0.4973
vn 0.4153 0.8420 0.3442
vn 0.2846 0.6950 0.6603
vn 0.0925 0.9912 -0.0947
vn 0.4026 0.9147 0.0362
vn -0.8352 0.5499 -0.0082
vn -0.6257 0.7694 -0.1282
vn -0.0830 0.1600 0.9836
vn -0.4377 0.1661 0.8837
vn 0.2053 0.5377 0.8178
vn 0.1122 0.3544 0.9283
vn 0.3659 0.9120 -0.1852
vn 0.3518 0.9346 -0.0535
vn -0.4344 0.8930 -0.1179
vn -0.2353 0.9673 -0.0947
vn -0.8371 0.1883 0.5136
vn -0.8540 0.3481 0.3868
vn 0.5133 0.8580 -0.0171
vn -0.5480 0.0431 0.8354
vn -0.2211 -0.9752 -0.0075
vn -0.2654 -0.6360 -0.7246
vn -0.1045 -0.7190 -0.6871
vn 0.1002 -0.7982 -0.5940
vn -0.3727 -0.8839 0.2825
vn -0.9197 -0.2293 0.3188
vn -0.8226 -0.4653 -0.3269
vn -0.2620 -0.9504 0.1674
vn -0.6460 -0.6648 0.3750
vn -0.4922 -0.8255 0.2763
vn -0.4239 -0.9047 0.0430
vn -0.5778 -0.8117 -0.0853
vn -0.2231 -0.8983 -0.3785
vn -0.2677 -0.9528 -0.1431
vn 0.2541 -0.8111 -0.5267
vn 0.3852 -0.7742 -0.5022
vn 0.0604 -0.9230 0.3800
vn 0.5140 -0.8450 -0.1473
vn 0.5670 -0.7491 -0.3426
vn -0.3747 -0.2949 0.8790
vn -0.4634 -0.3577 0.8108
vn -0.1997 -0.2657 0.9431
vn -0.1409 -0.4406 0.8866
vn -0.6040 -0.3418 0.7200
vn -0.8023 -0.2715 0.5316
vn -0.1818 0.2162 -0.9593
vn 0.1336 -0.0142 -0.9909
vn -0.7699 0.6372 0.0350
vn -0.7944 0.5985 -0.1034
vn 0.6815 0.6960 -0.2262
vn 0.7324 0.6444 -0.2198
vn 0.5287 0.8157 -0.2347
vn 0.5009 0.8264 -0.2572
vn 0.4555 -0.1004 -0.8845
vn 0.6661 -0.1504 -0.7305
vn 0.3572 0.8409 0.4066
vn 0.3428 0.8699 0.3546
vn 0.2826 0.9483 0.1444
vn 0.2960 0.9438 0.1468
vn 0.7889 0.5901 -0.1716
vn 0.8578 0.4990 -0.1230
vn 0.8010 -0.1964 -0.5655
vn 0.9613 -0.2295 -0.1524
vn -0.0375 0.3647 0.9304
vn -0.2011 0.4438 0.8733
vn 0.6156 0.0473 0.7866
vn 0.2781 0.2011 0.9393
vn 0.9345 -0.1566 0.3195
vn 0.8852 -0.2370 0.4003
vn -0.4140 0.5102 0.7539
vn -0.6774 0.5634 0.4730
vn 0.5879 0.7937 -0.1563
vn 0.3899 0.9140 -0.1121
vn 0.3345 0.8818 -0.3324
vn 0.3803 0.8799 -0.2850
vn 0.1560 0.8915 -0.4253
vn 0.1488 0.9484 -0.2799
vn 0.2226 0.9747 0.0201
vn 0.1550 0.9878 -0.0170
vn 0.3828 0.9013 0.2027
vn 0.3578 0.9324 -0.0514
vn -0.2880 0.2203 -0.9319
vn 0.1301 0.9608 -0.2450
vn 0.0082 0.9858 -0.1676
vn 0.6994 0.7026 -0.1310
vn 0.3995 0.7839 0.4753
vn 0.4215 0.8397 0.3425
vn 0.3519 0.9095 -0.2214
vn 0.2809 0.9243 -0.2583
vn 0.2646 0.9631 -0.0495
vn 0.2029 0.9738 -0.1023
vn 0.6277 -0.0632 0.7759
vn 0.4297 0.7143 0.5523
vn 0.6041 0.6049 0.5188
vn 0.2935 0.8101 0.5075
vn 0.9068 0.4182 0.0542
vn 0.7905 0.3760 0.4834
vn 0.2548 0.5155 -0.8182
vn 0.5007 0.5028 -0.7046
vn -0.3271 0.9112 0.2502
vn -0.3459 0.9240 -0.1632
vn 0.0946 0.8676 0.4881
vn -0.1044 0.8938 0.4362
vn 0.8935 0.2179 0.3927
vn 0.8518 0.3657 0.3750
vn 0.6597 0.5259 -0.5369
vn 0.7878 0.5234 -0.3247
vn -0.2034 0.6829 -0.7016
vn -0.0433 0.7125 -0.7003
vn 0.7461 0.2946 0.5971
vn -0.3910 0.8601 -0.3276
vn 0.2174 -0.9749 -0.0481
vn 0.3976 -0.6380 0.6595
vn 0.2291 -0.7245 0.6501
vn 0.0133 -0.8021 0.5970
vn 0.3114 -0.8772 -0.3654
vn 0.8189 -0.2258 -0.5276
vn 0.8747 -0.4619 0.1465
vn 0.2242 -0.9474 -0.2285
vn 0.5533 -0.6524 -0.5179
vn 0.4273 -0.8166 -0.3880
vn 0.4040 -0.9031 -0.1458
vn 0.5782 -0.8141 -0.0544
vn 0.2886 -0.9036 0.3166
vn 0.2878 -0.9548 0.0737
vn -0.1437 -0.8126 0.5648
vn -0.2720 -0.7725 0.5738
vn -0.1432 -0.9217 -0.3605
vn -0.4737 -0.8381 0.2705
vn -0.4784 -0.7417 0.4702
vn 0.2008 -0.2847 -0.9373
vn 0.2992 -0.3496 -0.8878
vn 0.0097 -0.2554 -0.9668
vn -0.0498 -0.4302 -0.9014
vn 0.4468 -0.3403 -0.8274
vn 0.6653 -0.2743 -0.6944
vn 0.3583 0.2207 0.9072
vn 0.0525 -0.0135 0.9985
vn 0.7403 0.6352 -0.2201
vn 0.7974 0.5950 -0.1009
vn -0.6166 0.6860 0.3863
vn -0.6650 0.6359 0.3917
vn -0.4659 0.8093 0.3577
vn -0.4389 0.8178 0.3721
vn -0.2770 -0.0989 0.9558
vn -0.5016 -0.1461 0.8527
vn -0.4271 0.8484 -0.3128
vn -0.4030 0.8765 -0.2633
vn -0.3029 0.9504 -0.0711
vn -0.3179 0.9454 -0.0715
vn -0.7297 0.5817 0.3595
vn -0.8050 0.4926 0.3305
vn -0.6578 -0.1905 0.7287
vn -0.8996 -0.2232 0.3754
vn -0.1325 0.3658 -0.9212
vn 0.0365 0.4412 -0.8967
vn -0.7700 0.0491 -0.6362
vn -0.4574 0.2054 -0.8652
vn -0.9844 -0.1543 -0.0851
vn -0.9550 -0.2404 -0.1735
vn 0.2611 0.5022 -0.8244
vn 0.5627 0.5520 -0.6154
vn -0.5414 0.7869 0.2959
vn -0.3591 0.9104 0.2053
vn -0.2624 0.8750 0.4069
vn -0.3191 0.8726 0.3699
vn -0.0717 0.8886 0.4531
vn -0.0923 0.9472 0.3069
vn -0.2212 0.9746 0.0360
vn -0.1489 0.9873 0.0553
vn -0.4123 0.9051 -0.1044
vn -0.3389 0.9308 0.1373
vn 0.4606 0.2256 0.8584
vn -0.0820 0.9587 0.2723
vn 0.0221 0.9859 0.1656
vn -0.6526 0.6962 0.2989
vn -0.4827 0.7941 -0.3694
vn -0.4778 0.8479 -0.2298
vn -0.3017 0.9049 0.3001
vn -0.2287 0.9196 0.3195
vn -0.2480 0.9620 0.1138
vn -0.1807 0.9719 0.1506
vn -0.7777 -0.0674 -0.6251
vn -0.5297 0.7250 -0.4402
vn -0.6946 0.6141 -0.3748
vn -0.3822 0.8175 -0.4309
vn -0.8901 0.4279 0.1572
vn -0.8787 0.3850 -0.2822
vn -0.0964 0.5100 0.8547
vn -0.3539 0.4949 0.7936
vn 0.2686 0.9086 -0.3200
vn 0.3670 0.9271 0.0760
vn -0.1826 0.8726 -0.4530
vn 0.0203 0.8944 -0.4468
vn -0.9611 0.2186 -0.1685
vn -0.9142 0.3682 -0.1693
vn -0.5327 0.5197 0.6679
vn -0.6931 0.5213 0.4978
vn 0.3303 0.6904 0.6436
vn 0.1715 0.7144 0.6784
vn -0.8630 0.2990 -0.4072
vn 0.4556 0.8633 0.2171
vn -0.2274 0.9534 -0.1984
vn 0.2815 0.9395 -0.1954
vn 0.2805 0.6677 -0.6896
vn -0.2285 0.6771 -0.6996
vn 0.2805 0.6677 0.6896
vn -0.2285 0.6771 0.6996
vn -0.2192 0.1822 0.9585
vn 0.2724 0.1797 0.9452
vn -0.1657 -0.6606 -0.7322
vn -0.2192 0.1822 -0.9585
vn 0.2724 0.1797 -0.9452
vn 0.2101 -0.6499 -0.7304
vn 0.2101 -0.6499 0.7304
vn -0.1657 -0.6606 0.7322
vn 0.7289 -0.6459 -0.2270
vn 0.9461 0.0596 -0.3183
vn 0.9421 0.2295 -0.2444
vn 0.9490 0.3086 -0.0652
vn 0.9490 0.3086 0.0652
vn 0.9421 0.2295 0.2444
vn 0.9461 0.0596 0.3183
vn 0.7289 -0.6459 0.2270
vn -0.2274 0.9534 0.1984
vn 0.2815 0.9395 0.1954
vn -0.7310 -0.6704 0.1275
vn -0.9822 0.0345 0.1847
vn -0.9811 0.1322 0.1415
vn -0.9834 0.1777 0.0376
vn -0.9834 0.1777 -0.0376
vn -0.9811 0.1322 -0.1415
vn -0.9822 0.0345 -0.1847
vn -0.7310 -0.6704 -0.1275
vn -0.7339 0.6648 -0.1390
vn -0.7224 0.4783 -0.4994
vn 0.7013 0.4932 -0.5147
vn 0.7010 0.6980 -0.1459
vn -0.7247 0.1281 -0.6771
vn 0.6867 0.1352 -0.7143
vn 0.7010 0.6980 0.1459
vn 0.7013 0.4932 0.5147
vn -0.7224 0.4783 0.4994
vn -0.7339 0.6648 0.1390
vn 0.6867 0.1352 0.7143
vn -0.7247 0.1281 0.6771
vn 0.5168 -0.6643 0.5400
vn -0.5755 -0.6307 0.5207
vn -0.5755 -0.6307 -0.5207
vn 0.5168 -0.6643 -0.5400
vn -0.6410 -0.7205 -0.2646
vn -0.6470 -0.5861 0.4878
vn -0.8165 -0.4445 0.3685
vn -0.9393 -0.2951 0.1753
vn -0.3641 -0.8333 -0.4160
vn 0.3523 -0.9261 -0.1348
vn -0.1149 -0.9438 0.3099
vn -0.5240 -0.7612 -0.3821
vn -0.0032 -0.9416 -0.3368
vn -0.2511 -0.9013 -0.3529
vn -0.4496 -0.8658 -0.2197
vn -0.3503 -0.9353 -0.0496
vn -0.7284 -0.6837 0.0445
vn -0.6499 -0.7460 -0.1453
vn -0.9824 -0.1786 0.0550
vn -0.9982 -0.0553 0.0246
vn -0.5715 -0.4077 -0.7122
vn -0.9699 0.0134 -0.2432
vn -0.9896 0.1031 -0.0999
vn 0.4049 -0.5283 -0.7463
vn 0.3620 -0.6500 -0.6681
vn 0.3369 -0.3192 -0.8858
vn 0.1094 -0.3310 -0.9373
vn 0.3619 -0.7694 -0.5264
vn 0.3764 -0.8725 -0.3116
vn -0.1558 -0.0802 0.9845
vn -0.5523 0.1371 0.8223
vn 0.8523 -0.3989 0.3384
vn 0.7900 -0.4381 0.4289
vn 0.0651 0.9718 0.2268
vn 0.0160 0.9807 0.1951
vn 0.2568 0.9099 0.3258
vn 0.2540 0.9062 0.3382
vn -0.7179 0.4124 0.5609
vn -0.7529 0.5602 0.3454
vn 0.6160 0.7771 -0.1289
vn 0.6200 0.7821 -0.0624
vn 0.6355 0.7597 0.1378
vn 0.6199 0.7777 0.1048
vn -0.0430 0.9911 0.1262
vn -0.1166 0.9915 0.0585
vn -0.7543 0.6353 0.1654
vn -0.6696 0.7264 -0.1550
vn 0.7504 0.1609 -0.6411
vn 0.8618 0.0275 -0.5065
vn 0.0449 0.6394 -0.7676
vn 0.4465 0.4098 -0.7954
vn -0.4389 0.7703 -0.4626
vn -0.4663 0.7020 -0.5382
vn 0.9383 -0.1457 -0.3137
vn 0.9357 -0.3519 -0.0239
vn 0.2212 0.9474 0.2315
vn 0.4453 0.8481 0.2870
vn 0.3685 0.7961 0.4800
vn 0.3534 0.8391 0.4135
vn 0.4576 0.6412 0.6161
vn 0.5567 0.6587 0.5062
vn 0.6440 0.7203 0.2577
vn 0.6724 0.6788 0.2951
vn 0.5637 0.8246 0.0486
vn 0.5001 0.8263 0.2592
vn -0.0502 -0.1908 0.9803
vn 0.5913 0.6420 0.4881
vn 0.7106 0.5413 0.4494
vn 0.0984 0.9833 0.1528
vn 0.5788 0.7924 -0.1926
vn 0.5485 0.8325 -0.0782
vn 0.4198 0.8237 0.3812
vn 0.4501 0.7705 0.4515
vn 0.5856 0.7564 0.2916
vn 0.6050 0.7087 0.3630
vn -0.0717 0.6094 -0.7896
vn 0.5330 0.7940 -0.2925
vn 0.3881 0.8420 -0.3747
vn 0.6878 0.6950 -0.2097
vn -0.0839 0.9912 -0.1024
vn 0.0806 0.9147 -0.3961
vn -0.1007 0.5499 0.8291
vn -0.1967 0.7695 0.6077
vn 0.9684 0.1600 0.1914
vn 0.8297 0.1661 0.5329
vn 0.8355 0.5377 -0.1135
vn 0.9350 0.3544 -0.0086
vn -0.1435 0.9121 -0.3842
vn -0.0142 0.9346 -0.3555
vn -0.1653 0.8930 0.4186
vn -0.1202 0.9673 0.2234
vn 0.4177 0.1883 0.8888
vn 0.2898 0.3481 0.8916
vn 0.0399 0.8580 -0.5121
vn 0.7695 0.0430 0.6372
vn -0.5090 -0.8607 -0.0075
vn -0.4474 -0.5242 -0.7246
vn -0.3196 -0.6524 -0.6871
vn -0.1490 -0.7905 -0.5940
vn -0.6254 -0.7274 0.2825
vn -0.9457 0.0633 0.3188
vn -0.9255 -0.1911 -0.3269
vn -0.5404 -0.8246 0.1674
vn -0.8186 -0.4351 0.3750
vn -0.7213 -0.6351 0.2763
vn -0.6805 -0.7315 0.0430
vn -0.7986 -0.5958 -0.0853
vn -0.4874 -0.7869 -0.3785
vn -0.5465 -0.8251 -0.1431
vn -0.0064 -0.8500 -0.5267
vn 0.1297 -0.8550 -0.5022
vn -0.2251 -0.8972 0.3800
vn 0.2306 -0.9618 -0.1474
vn 0.3105 -0.8867 -0.3426
vn -0.4470 -0.1660 0.8790
vn -0.5506 -0.1987 0.8108
vn -0.2715 -0.1918 0.9431
vn -0.2690 -0.3763 0.8866
vn -0.6796 -0.1405 0.7200
vn -0.8469 -0.0128 0.5316
vn -0.1069 0.2615 -0.9593
vn 0.1229 -0.0544 -0.9909
vn -0.5378 0.8423 0.0350
vn -0.5731 0.8130 -0.1034
vn 0.8619 0.4539 -0.2262
vn 0.8945 0.3892 -0.2198
vn 0.7530 0.6147 -0.2347
vn 0.7298 0.6334 -0.2572
vn 0.4029 -0.2351 -0.8845
vn 0.5881 -0.3471 -0.7305
vn 0.5975 0.6911 0.4066
vn 0.5927 0.7232 0.3546
vn 0.5593 0.8163 0.1444
vn 0.5708 0.8079 0.1468
vn 0.9317 0.3202 -0.1716
vn 0.9694 0.2124 -0.1230
vn 0.7024 -0.4322 -0.5655
vn 0.8449 -0.5128 -0.1524
vn 0.0759 0.3587 0.9304
vn -0.0555 0.4840 0.8733
vn 0.6005 -0.1435 0.7866
vn 0.3264 0.1063 0.9392
vn 0.8417 -0.4352 0.3195
vn 0.7701 -0.4966 0.4003
vn -0.2379 0.6124 0.7539
vn -0.4723 0.7437 0.4730
vn 0.8027 0.5756 -0.1563
vn 0.6510 0.7508 -0.1121
vn 0.5884 0.7371 -0.3324
vn 0.6315 0.7212 -0.2850
vn 0.4214 0.8010 -0.4253
vn 0.4321 0.8573 -0.2799
vn 0.5103 0.8598 0.0201
vn 0.4500 0.8929 -0.0170
vn 0.6404 0.7408 0.2027
vn 0.6261 0.7781 -0.0514
vn -0.2067 0.2980 -0.9319
vn 0.4180 0.8748 -0.2450
vn 0.3096 0.9360 -0.1676
vn 0.8809 0.4547 -0.1310
vn 0.6204 0.6239 0.4753
vn 0.6583 0.6703 0.3425
vn 0.6134 0.7581 -0.2214
vn 0.5504 0.7939 -0.2583
vn 0.5467 0.8358 -0.0495
vn 0.4913 0.8649 -0.1023
vn 0.5782 -0.2523 0.7759
vn 0.6278 0.5485 0.5523
vn 0.7603 0.3909 0.5188
vn 0.5275 0.6813 0.5075
vn 0.9912 0.1205 0.0542
vn 0.8677 0.1159 0.4834
vn 0.4004 0.4127 -0.8182
vn 0.6306 0.3254 -0.7046
vn -0.0324 0.9676 0.2502
vn -0.0464 0.9855 -0.1632
vn 0.3557 0.7970 0.4881
vn 0.1743 0.8828 0.4362
vn 0.9173 -0.0662 0.3927
vn 0.9229 0.0873 0.3750
vn 0.7890 0.2987 -0.5369
vn 0.9102 0.2571 -0.3247
vn 0.0155 0.7124 -0.7016
vn 0.1770 0.6916 -0.7003
vn 0.8005 0.0520 0.5971
vn -0.1089 0.9385 -0.3276
vn 0.0866 -0.9749 -0.2051
vn 0.7679 -0.6380 0.0572
vn 0.6627 -0.7245 0.1893
vn 0.4947 -0.8021 0.3345
vn -0.1178 -0.8772 -0.4654
vn 0.0435 -0.2258 -0.9732
vn 0.6256 -0.4619 -0.6287
vn -0.0567 -0.9474 -0.3151
vn -0.1023 -0.6524 -0.7509
vn -0.0692 -0.8166 -0.5730
vn 0.1148 -0.9031 -0.4139
vn 0.2901 -0.8141 -0.5031
vn 0.4252 -0.9036 -0.0522
vn 0.2266 -0.9548 -0.1921
vn 0.3776 -0.8126 0.4440
vn 0.3107 -0.7725 0.5538
vn -0.3769 -0.9217 -0.0917
vn -0.0534 -0.8381 0.5429
vn 0.1067 -0.7417 0.6622
vn -0.6483 -0.2847 -0.7061
vn -0.5510 -0.3496 -0.7577
vn -0.7829 -0.2554 -0.5673
vn -0.7640 -0.4302 -0.4809
vn -0.4163 -0.3403 -0.8431
vn -0.1814 -0.2743 -0.9444
vn 0.9472 0.2207 0.2326
vn 0.8448 -0.0135 0.5349
vn 0.2488 0.6352 -0.7312
vn 0.3791 0.5950 -0.7087
vn -0.0416 0.6860 0.7264
vn -0.0653 0.6359 0.7690
vn 0.0222 0.8093 0.5870
vn 0.0496 0.8178 0.5733
vn 0.6193 -0.0989 0.7789
vn 0.4053 -0.1461 0.9024
vn -0.5023 0.8484 0.1674
vn -0.4479 0.8765 0.1764
vn -0.2333 0.9504 0.2059
vn -0.2422 0.9454 0.2179
vn -0.1290 0.5817 0.8031
vn -0.1962 0.4926 0.8478
vn 0.2137 -0.1905 0.9581
vn -0.2143 -0.2232 0.9509
vn -0.8280 0.3658 -0.4249
vn -0.7103 0.4412 -0.5486
vn -0.9644 0.0491 0.2599
vn -0.9703 0.2054 -0.1275
vn -0.6389 -0.1543 0.7537
vn -0.6941 -0.2404 0.6786
vn -0.5214 0.5022 -0.6899
vn -0.1763 0.5520 -0.8150
vn -0.0719 0.7869 0.6128
vn -0.0403 0.9104 0.4117
vn 0.1800 0.8750 0.4495
vn 0.1171 0.8726 0.4743
vn 0.3281 0.8886 0.3207
vn 0.1969 0.9472 0.2529
vn -0.0986 0.9746 0.2012
vn -0.0411 0.9873 0.1534
vn -0.3237 0.9050 0.2759
vn -0.0840 0.9308 0.3558
vn 0.9667 0.2256 0.1210
vn 0.1746 0.9587 0.2244
vn 0.1478 0.9859 0.0778
vn -0.1338 0.6962 0.7053
vn -0.5806 0.7941 0.1800
vn -0.4639 0.8479 0.2568
vn 0.0702 0.9049 0.4197
vn 0.1282 0.9196 0.3714
vn -0.0507 0.9620 0.2681
vn 0.0183 0.9719 0.2345
vn -0.9598 -0.0674 0.2726
vn -0.6655 0.7250 0.1774
vn -0.7076 0.6141 0.3497
vn -0.5726 0.8175 0.0624
vn -0.3868 0.4279 0.8169
vn -0.7386 0.3850 0.5534
vn 0.6414 0.5100 0.5732
vn 0.4425 0.4949 0.7478
vn -0.1056 0.9086 -0.4042
vn 0.2743 0.9271 -0.2553
vn -0.4752 0.8726 -0.1132
vn -0.3527 0.8944 -0.2751
vn -0.6935 0.2186 0.6864
vn -0.6670 0.3682 0.6477
vn 0.2366 0.5197 0.8210
vn 0.0050 0.5212 0.8534
vn 0.7160 0.6904 0.1030
vn 0.6526 0.7144 0.2526
vn -0.8314 0.2990 0.4683
vn 0.4406 0.8633 -0.2460
vn -0.2946 -0.7205 -0.6278
vn -0.8066 -0.5861 -0.0765
vn -0.8513 -0.4444 -0.2789
vn -0.8116 -0.2950 -0.5043
vn 0.0119 -0.8333 -0.5526
vn 0.3510 -0.9261 0.1383
vn -0.2938 -0.9438 0.1512
vn -0.1290 -0.7612 -0.6355
vn 0.2249 -0.9416 -0.2507
vn 0.0528 -0.9013 -0.4299
vn -0.1836 -0.8658 -0.4655
vn -0.2251 -0.9353 -0.2729
vn -0.5676 -0.6837 -0.4586
vn -0.3817 -0.7460 -0.5457
vn -0.7622 -0.1786 -0.6222
vn -0.7534 -0.0553 -0.6553
vn 0.0588 -0.4077 -0.9112
vn -0.5518 0.0134 -0.8339
vn -0.6630 0.1031 -0.7415
vn 0.8024 -0.5283 -0.2777
vn 0.7180 -0.6500 -0.2489
vn 0.8463 -0.3191 -0.4265
vn 0.7131 -0.3310 -0.6180
vn 0.6222 -0.7694 -0.1444
vn 0.4881 -0.8725 0.0240
vn -0.7792 -0.0802 0.6216
vn -0.9624 0.1371 0.2343
vn 0.4008 -0.3989 0.8248
vn 0.2937 -0.4381 0.8496
vn -0.1050 0.9718 0.2113
vn -0.1198 0.9807 0.1548
vn -0.0303 0.9099 0.4137
vn -0.0407 0.9062 0.4210
vn -0.9083 0.4124 -0.0704
vn -0.7887 0.5602 -0.2530
vn 0.5416 0.7771 0.3205
vn 0.4997 0.7821 0.3722
vn 0.3761 0.7597 0.5305
vn 0.3868 0.7777 0.4956
vn -0.1169 0.9911 0.0642
vn -0.1255 0.9915 -0.0355
vn -0.6684 0.6353 -0.3869
vn -0.3897 0.7264 -0.5662
vn 0.9864 0.1609 0.0330
vn 0.9778 0.0275 0.2076
vn 0.5510 0.6394 -0.5362
vn 0.8662 0.4098 -0.2859
vn -0.0118 0.7703 -0.6376
vn 0.0189 0.7020 -0.7119
vn 0.9042 -0.1457 0.4015
vn 0.7068 -0.3519 0.6137
vn 0.0071 0.9474 0.3201
vn 0.1350 0.8481 0.5123
vn -0.0519 0.7961 0.6029
vn -0.0182 0.8391 0.5436
vn -0.0780 0.6412 0.7634
vn 0.0694 0.6587 0.7492
vn 0.3014 0.7203 0.6247
vn 0.2972 0.6788 0.6715
vn 0.3833 0.8246 0.4162
vn 0.1942 0.8263 0.5287
vn -0.6985 -0.1908 0.6897
vn 0.1071 0.6420 0.7592
vn 0.2213 0.5413 0.8112
vn -0.0305 0.9833 0.1792
vn 0.5572 0.7924 0.2484
vn 0.4576 0.8325 0.3123
vn 0.0527 0.8237 0.5646
vn 0.0276 0.7705 0.6369
vn 0.2355 0.7564 0.6103
vn 0.2016 0.7087 0.6761
vn 0.4798 0.6094 -0.6312
vn 0.5908 0.7939 0.1437
vn 0.5392 0.8420 -0.0147
vn 0.6491 0.6950 0.3093
vn 0.0071 0.9912 -0.1322
vn 0.3267 0.9147 -0.2380
vn -0.6337 0.5499 0.5440
vn -0.5552 0.7694 0.3158
vn 0.5856 0.1600 0.7947
vn 0.2529 0.1661 0.9531
vn 0.6932 0.5377 0.4799
vn 0.6960 0.3544 0.6245
vn 0.1533 0.9121 -0.3804
vn 0.2294 0.9346 -0.2720
vn -0.4045 0.8930 0.1975
vn -0.2394 0.9673 0.0838
vn -0.2914 0.1883 0.9379
vn -0.3876 0.3481 0.8536
vn 0.3749 0.8580 -0.3510
vn 0.1381 0.0431 0.9895
vn -0.1504 -0.9752 -0.1622
vn 0.3275 -0.6360 -0.6988
vn 0.4142 -0.7190 -0.5581
vn 0.4923 -0.7982 -0.3472
vn -0.4630 -0.8839 -0.0656
vn -0.8740 -0.2293 -0.4284
vn -0.3473 -0.4653 -0.8142
vn -0.3034 -0.9504 -0.0681
vn -0.7212 -0.6648 -0.1945
vn -0.5428 -0.8255 -0.1548
vn -0.3290 -0.9047 -0.2707
vn -0.3464 -0.8117 -0.4703
vn 0.1115 -0.8983 -0.4249
vn -0.0869 -0.9528 -0.2908
vn 0.5529 -0.8111 -0.1905
vn 0.6278 -0.7742 -0.0802
vn -0.2273 -0.9230 0.3105
vn 0.4666 -0.8450 0.2611
vn 0.6426 -0.7491 0.1613
vn -0.8879 -0.2949 0.3531
vn -0.9019 -0.3577 0.2420
vn -0.8102 -0.2657 0.5224
vn -0.7286 -0.4406 0.5244
vn -0.9365 -0.3418 0.0783
vn -0.9424 -0.2715 -0.1952
vn 0.5529 0.2162 -0.8047
vn 0.7976 -0.0142 -0.6030
vn -0.5671 0.6372 -0.5219
vn -0.4861 0.5985 -0.6368
vn 0.6405 0.6960 0.3245
vn 0.6719 0.6444 0.3651
vn 0.5390 0.8157 0.2100
vn 0.5354 0.8264 0.1744
vn 0.9488 -0.1004 -0.2996
vn 0.9878 -0.1504 -0.0416
vn -0.0371 0.8409 0.5400
vn -0.0103 0.8699 0.4931
vn 0.0965 0.9483 0.3023
vn 0.1043 0.9438 0.3135
vn 0.6774 0.5901 0.4392
vn 0.6915 0.4990 0.5223
vn 0.9656 -0.1964 0.1704
vn 0.7852 -0.2295 0.5751
vn -0.6869 0.3647 0.6286
vn -0.7616 0.4438 0.4723
vn -0.1249 0.0473 0.9910
vn -0.4709 0.2011 0.8590
vn 0.4313 -0.1566 0.8885
vn 0.3392 -0.2370 0.9104
vn -0.8268 0.5102 0.2370
vn -0.8129 0.5634 -0.1477
vn 0.5250 0.7937 0.3073
vn 0.3542 0.9140 0.1978
vn 0.4716 0.8818 0.0033
vn 0.4702 0.8799 0.0693
vn 0.4117 0.8915 -0.1888
vn 0.3035 0.9484 -0.0914
vn 0.1425 0.9747 0.1722
vn 0.1212 0.9878 0.0980
vn 0.1257 0.9013 0.4145
vn 0.2885 0.9324 0.2178
vn 0.4587 0.2203 -0.8608
vn 0.2655 0.9608 -0.0802
vn 0.1247 0.9858 -0.1122
vn 0.5856 0.7026 0.4043
vn -0.0560 0.7839 0.6184
vn 0.0537 0.8397 0.5404
vn 0.4050 0.9095 0.0939
vn 0.3813 0.9243 0.0175
vn 0.2214 0.9631 0.1530
vn 0.2155 0.9738 0.0720
vn -0.1087 -0.0632 0.9921
vn -0.0895 0.7143 0.6941
vn 0.0571 0.6049 0.7942
vn -0.1535 0.8101 0.5658
vn 0.6001 0.4182 0.6819
vn 0.2136 0.3760 0.9017
vn 0.7603 0.5155 -0.3953
vn 0.8528 0.5029 -0.1408
vn -0.4080 0.9112 -0.0560
vn -0.1277 0.9240 -0.3605
vn -0.2799 0.8676 0.4109
vn -0.3832 0.8938 0.2331
vn 0.3505 0.2179 0.9109
vn 0.3337 0.3657 0.8689
vn 0.8457 0.5259 0.0902
vn 0.7853 0.5234 0.3306
vn 0.3549 0.6829 -0.6385
vn 0.4667 0.7125 -0.5239
vn 0.1016 0.2946 0.9502
vn -0.0428 0.8601 -0.5083
vn 0.1638 -0.9749 -0.1508
vn 0.6751 -0.6380 0.3704
vn 0.5247 -0.7245 0.4470
vn 0.3115 -0.8021 0.5095
vn 0.0857 -0.8772 -0.4724
vn 0.4430 -0.2258 -0.8677
vn 0.8299 -0.4619 -0.3128
vn 0.0790 -0.9474 -0.3103
vn 0.2182 -0.6524 -0.7258
vn 0.1745 -0.8166 -0.5502
vn 0.2760 -0.9031 -0.3290
vn 0.4725 -0.8141 -0.3376
vn 0.4086 -0.9036 0.1287
vn 0.2859 -0.9548 -0.0809
vn 0.1595 -0.8126 0.5606
vn 0.0532 -0.7725 0.6328
vn -0.3050 -0.9217 -0.2397
vn -0.2736 -0.8381 0.4719
vn -0.1774 -0.7417 0.6469
vn -0.2973 -0.2847 -0.9113
vn -0.1874 -0.3496 -0.9180
vn -0.4774 -0.2554 -0.8408
vn -0.4960 -0.4302 -0.7543
vn -0.0294 -0.3403 -0.9399
vn 0.2263 -0.2743 -0.9346
vn 0.7656 0.2207 0.6043
vn 0.5471 -0.0135 0.8370
vn 0.5295 0.6352 -0.5623
vn 0.6387 0.5950 -0.4879
vn -0.3390 0.6860 0.6438
vn -0.3781 0.6359 0.6728
vn -0.2231 0.8093 0.5434
vn -0.1925 0.8178 0.5423
vn 0.2407 -0.0989 0.9655
vn -0.0053 -0.1461 0.9892
vn -0.5265 0.8484 -0.0558
vn -0.4807 0.8765 -0.0252
vn -0.2976 0.9504 0.0907
vn -0.3108 0.9454 0.0979
vn -0.4503 0.5817 0.6774
vn -0.5299 0.4926 0.6903
vn -0.2026 -0.1906 0.9605
vn -0.5892 -0.2232 0.7765
vn -0.5774 0.3658 -0.7299
vn -0.4190 0.4412 -0.7936
vn -0.9854 0.0491 -0.1632
vn -0.8302 0.2054 -0.5183
vn -0.8938 -0.1543 0.4210
vn -0.9129 -0.2404 0.3298
vn -0.1885 0.5022 -0.8440
vn 0.1774 0.5520 -0.8148
vn -0.3194 0.7869 0.5279
vn -0.2074 0.9104 0.3579
vn -0.0225 0.8750 0.4837
vn -0.0900 0.8726 0.4801
vn 0.1656 0.8886 0.4278
vn 0.0744 0.9472 0.3118
vn -0.1732 0.9746 0.1423
vn -0.1010 0.9873 0.1226
vn -0.4089 0.9050 0.1169
vn -0.2240 0.9308 0.2890
vn 0.8296 0.2256 0.5108
vn 0.0659 0.9587 0.2766
vn 0.1023 0.9859 0.1321
vn -0.4141 0.6962 0.5864
vn -0.6030 0.7941 -0.0769
vn -0.5286 0.8479 0.0414
vn -0.1101 0.9049 0.4110
vn -0.0372 0.9196 0.3912
vn -0.1573 0.9620 0.2230
vn -0.0805 0.9719 0.2210
vn -0.9864 -0.0674 -0.1497
vn -0.6791 0.7250 -0.1144
vn -0.7889 0.6141 0.0249
vn -0.5470 0.8175 -0.1805
vn -0.6906 0.4279 0.5831
vn -0.9015 0.3850 0.1975
vn 0.3461 0.5100 0.7875
vn 0.0927 0.4949 0.8640
vn 0.0715 0.9086 -0.4116
vn 0.3555 0.9271 -0.1187
vn -0.3855 0.8726 -0.2999
vn -0.2070 0.8944 -0.3965
vn -0.9157 0.2186 0.3372
vn -0.8755 0.3682 0.3130
vn -0.1250 0.5197 0.8452
vn -0.3492 0.5213 0.7787
vn 0.6089 0.6904 0.3905
vn 0.4892 0.7144 0.5004
vn -0.9507 0.2990 0.0816
vn 0.5030 0.8633 -0.0412
vn 0.0617 0.7803 -0.6224
vn -0.0203 0.9976 -0.0663
vn 0.1997 0.9799 0.0018
vn 0.4139 0.7515 -0.5136
vn -0.1233 -0.2437 0.9620
vn -0.4755 -0.2150 0.8531
vn -0.3469 -0.8772 0.3320
vn -0.0340 -0.9004 0.4337
vn -0.0968 0.8412 0.5319
vn 0.2430 -0.1944 0.9503
vn 0.2980 -0.8538 0.4270
vn 0.5675 -0.0745 0.8200
vn 0.5918 -0.7432 0.3121
vn -0.3045 0.7311 -0.6105
vn -0.2491 0.9667 -0.0590
vn 0.4493 -0.0105 -0.8933
vn 0.1377 0.0111 -0.9904
vn 0.8012 0.0977 0.5904
vn 0.8020 -0.5875 0.1079
vn 0.9081 0.2956 0.2966
vn 0.8982 -0.4107 -0.1565
vn -0.6291 0.6116 -0.4798
vn -0.4518 0.8918 0.0224
vn 0.8720 0.4891 -0.0163
vn 0.8647 -0.2370 -0.4429
vn 0.6985 0.6493 -0.3008
vn 0.7048 -0.0955 -0.7029
vn -0.8625 0.4397 -0.2503
vn -0.5977 0.7844 0.1658
vn -0.1860 -0.0320 -0.9820
vn -0.4805 -0.1396 -0.8658
vn -0.6936 -0.2970 -0.6563
vn -0.9694 0.2418 0.0431
vn -0.6644 0.6608 0.3491
vn -0.7599 -0.1126 0.6402
vn -0.9333 0.0478 0.3558
vn -0.7536 -0.6473 -0.1146
vn -0.5980 -0.7890 0.1411
vn -0.7871 -0.4745 -0.3941
vn -0.6419 0.5398 0.5446
vn 0.8606 -0.2080 -0.4649
vn 0.6752 -0.1225 -0.7274
vn -0.1443 -0.1893 -0.9713
vn -0.3991 -0.2860 -0.8712
vn -0.5335 0.4398 0.7224
vn 0.2677 -0.8528 0.4485
vn 0.5820 -0.7321 0.3539
vn 0.4189 -0.0952 -0.9030
vn -0.6565 -0.7292 -0.1931
vn -0.5374 -0.8418 0.0502
vn -0.3558 0.3761 0.8555
vn 0.1347 -0.1199 -0.9836
vn -0.5804 -0.4377 -0.6867
vn 0.8214 -0.5526 0.1409
vn -0.1358 0.3584 0.9236
vn -0.3327 -0.9078 0.2555
vn -0.6655 -0.5939 -0.4521
vn 0.9152 -0.3699 -0.1601
vn 0.0930 0.3893 0.9164
vn -0.0549 -0.9131 0.4039
vn 0.2957 0.4642 0.8349
vn 0.2371 -0.3411 0.9096
vn 0.5701 -0.1685 0.8041
vn 0.4416 0.5716 0.6916
vn -0.2581 0.3519 -0.8997
vn -0.5882 0.1922 -0.7855
vn 0.9151 0.3806 -0.1330
vn 0.7552 0.4720 -0.4549
vn -0.9220 -0.3628 0.1355
vn -0.7500 -0.4693 0.4661
vn 0.5083 0.6952 0.5082
vn -0.1135 -0.4547 0.8834
vn 0.1206 0.4627 -0.8783
vn 0.9467 0.2335 0.2218
vn 0.4858 0.8162 0.3128
vn -0.9550 -0.1967 -0.2221
vn -0.4652 -0.5019 0.7291
vn 0.4763 0.5033 -0.7210
vn 0.3774 0.9162 0.1349
vn 0.8283 0.0394 0.5589
vn -0.8338 0.0026 -0.5520
vn 0.2031 -0.9111 0.3587
vn 0.4820 -0.8197 0.3094
vn 0.4943 -0.1980 0.8465
vn 0.1004 -0.3439 0.9336
vn 0.2447 0.4392 0.8644
vn 0.5368 0.5511 0.6389
vn 0.0165 0.8799 0.4748
vn -0.0925 0.8588 0.5039
vn 0.8335 0.0367 0.5514
vn 0.6421 0.7345 0.2196
vn 0.3147 0.9488 -0.0280
vn 0.0341 0.8444 0.5346
vn 0.1325 0.8712 0.4727
vn 0.9079 0.4148 -0.0610
vn 0.4627 0.6919 -0.5542
vn -0.6242 0.7758 0.0923
vn -0.7530 0.4041 0.5193
vn -0.3351 0.7576 0.5601
vn -0.2575 0.7485 0.6110
vn -0.7522 0.4336 -0.4962
vn -0.9488 -0.0655 0.3089
vn -0.0655 0.9958 -0.0639
vn -0.3925 0.9181 -0.0558
vn -0.1788 0.7997 0.5732
vn -0.0754 0.8258 0.5589
vn -0.0173 0.7220 -0.6917
vn -0.4287 0.6097 -0.6666
vn -0.3500 0.3146 0.8823
vn -0.0621 0.3211 0.9450
vn -0.1981 0.8298 0.5218
vn -0.2972 0.8156 0.4964
vn -0.2662 -0.3824 0.8848
vn 0.7558 -0.6472 0.0992
vn 0.8044 -0.3500 -0.4800
vn -0.1750 0.8203 0.5445
vn 0.4082 -0.0475 -0.9116
vn 0.0465 -0.0403 -0.9981
vn -0.6720 -0.7196 -0.1750
vn -0.0256 -0.9578 0.2863
vn -0.2361 -0.1231 -0.9639
vn -0.4329 -0.2796 -0.8570
vn 0.1377 -0.8307 -0.5394
vn -0.6122 -0.7907 0.0118
vn -0.4281 -0.8725 0.2358
vn -0.5932 -0.2631 0.7609
vn -0.8759 -0.1578 0.4559
vn -0.4261 0.3989 0.8120
vn -0.0826 0.2909 0.9532
vn -0.0021 0.8089 0.5880
vn -0.0761 0.8548 0.5133
vn -0.1215 -0.3094 0.9431
vn 0.3867 0.3009 0.8717
vn 0.5659 0.6045 0.5607
vn -0.0574 0.7817 0.6210
vn 0.0408 0.7394 0.6720
vn 0.5753 -0.1598 0.8022
vn 0.9348 0.2022 0.2921
vn 0.0441 0.9915 -0.1222
vn -0.4910 0.8574 -0.1544
vn -0.2408 0.9050 0.3507
vn -0.2667 0.8701 0.4144
vn 0.3447 0.6577 -0.6699
vn -0.5970 0.5372 -0.5959
vn 0.4663 0.8412 0.2737
vn 0.2955 0.9553 0.0044
vn -0.1892 0.8655 0.4637
vn -0.1277 0.8293 0.5440
vn 0.8773 0.4619 -0.1304
vn 0.6491 0.6016 -0.4655
vn -0.7206 0.6122 0.3256
vn -0.6587 0.4796 0.5797
vn -0.1448 0.8880 0.4365
vn -0.1667 0.9196 0.3557
vn -0.9934 0.0049 0.1144
vn -0.0774 -0.9168 0.3918
vn 0.5426 -0.8102 0.2218
vn -0.1548 0.8728 0.4628
vn 0.8725 -0.4452 -0.2013
vn 0.8163 -0.2528 -0.5194
vn -0.3892 -0.2386 -0.8897
vn -0.6612 -0.7093 -0.2444
vn 0.6440 -0.1637 -0.7473
vn 0.4327 -0.1819 -0.8830
vn 0.1293 -0.8603 -0.4930
vn 0.8532 -0.4694 -0.2276
vn 0.8309 -0.2949 -0.4718
vn 0.9044 0.4197 -0.0772
vn 0.9504 0.1655 0.2632
vn 0.4813 0.8181 0.3147
vn 0.3048 0.9523 0.0146
vn -0.1504 0.8850 0.4405
vn -0.1368 0.8395 0.5259
vn 0.5987 0.6812 -0.4213
vn -0.1108 0.9678 -0.2258
vn -0.4826 0.8745 -0.0487
vn -0.0612 0.9042 0.4228
vn -0.1117 0.9377 0.3291
vn -0.0774 0.7495 -0.6575
vn -0.7007 0.5269 -0.4810
vn -0.6477 0.2522 0.7189
vn -0.0792 -0.1639 0.9833
vn -0.0897 0.6821 0.7257
vn -0.0234 0.7296 0.6835
vn -0.8740 -0.1674 0.4562
vn -0.0557 0.2585 0.9644
vn -0.6394 0.7238 0.2595
vn -0.6757 0.5188 0.5238
vn -0.0625 0.7887 0.6116
vn -0.0614 0.8503 0.5228
vn -0.9543 0.2618 -0.1444
vn -0.9813 0.0009 0.1925
vn 0.5279 0.3535 0.7722
vn 0.5339 0.6228 0.5719
vn -0.1254 0.7822 0.6103
vn -0.1579 0.7182 0.6777
vn 0.8356 0.0080 0.5492
vn 0.6231 -0.0664 -0.7793
vn 0.0189 -0.0914 -0.9956
vn -0.0959 0.7948 0.5992
vn -0.5657 -0.2267 -0.7928
vn -0.7335 -0.4347 -0.5224
vn -0.0258 0.9133 -0.4065
vn 0.7427 -0.6373 -0.2057
vn -0.7384 -0.6113 -0.2846
vn -0.6181 -0.7546 -0.2202
vn 0.0990 -0.8158 -0.5699
vn 0.4300 -0.0899 -0.8984
vn 0.1513 -0.0376 -0.9878
vn 0.0772 0.7232 -0.6863
vn 0.4866 0.6557 -0.5773
vn -0.0257 0.9974 -0.0675
vn -0.4000 0.9110 -0.1007
vn -0.2266 0.8316 0.5071
vn -0.1204 0.8264 0.5501
vn -0.4215 0.6445 -0.6380
vn -0.7461 0.6600 0.0883
vn -0.7027 0.4853 0.5202
vn -0.1976 0.8691 0.4534
vn -0.3126 0.8469 0.4302
vn -0.9191 0.3192 -0.2311
vn -0.9216 -0.0591 0.3836
vn 0.1627 0.2137 0.9632
vn 0.8711 0.3334 0.3606
vn 0.1314 0.7834 0.6075
vn 0.1011 0.8353 0.5404
vn 0.1041 -0.2417 0.9647
vn 0.4913 0.6076 0.6241
vn -0.4507 0.4074 0.7942
vn -0.1582 0.3185 0.9346
vn 0.0029 0.8414 0.5404
vn -0.0942 0.8609 0.4999
vn -0.6266 -0.2570 0.7358
vn -0.2462 -0.3614 0.8993
vn 0.5758 0.8147 0.0688
vn 0.3008 0.9536 0.0106
vn -0.0176 0.8081 0.5887
vn 0.0518 0.7606 0.6472
vn 0.7295 0.5450 -0.4132
vn -0.2311 -0.0852 -0.9692
vn -0.6599 -0.4274 -0.6180
vn -0.0218 0.8275 0.5610
vn -0.6874 -0.7253 -0.0385
vn -0.4443 -0.8690 0.2175
vn -0.8086 0.5777 0.1114
vn 0.5446 -0.2209 -0.8091
vn -0.1728 -0.9308 0.3220
vn -0.0742 -0.9946 0.0721
vn 0.0575 -0.8350 -0.5473
vn -0.5671 -0.2826 -0.7736
vn -0.7209 -0.4143 -0.5555
vn -0.9519 0.2646 -0.1543
vn -0.7494 0.4548 -0.4812
vn -0.6509 0.7095 0.2701
vn -0.6960 0.4545 0.5559
vn -0.1412 0.7562 0.6389
vn -0.0844 0.8217 0.5637
vn -0.9614 -0.0049 0.2752
vn -0.4642 0.1912 0.8648
vn -0.0147 0.2792 0.9601
vn -0.2000 0.7732 0.6017
vn -0.2266 0.6922 0.6852
vn -0.5438 -0.2941 0.7860
vn 0.1611 -0.2968 0.9412
vn 0.6738 0.6543 0.3432
vn 0.6236 0.7191 -0.3066
vn 0.0423 0.9406 0.3368
vn -0.0606 0.9335 0.3535
vn 0.9659 0.1500 0.2112
vn 0.2730 0.9618 -0.0216
vn 0.2933 0.4644 0.8356
vn 0.5110 0.5985 0.6170
vn -0.0800 0.8882 0.4524
vn -0.1393 0.8367 0.5296
vn 0.6097 -0.1458 0.7791
vn 0.8713 0.0281 0.4900
vn -0.2831 0.9244 -0.2556
vn -0.5024 0.8646 0.0086
vn -0.0253 0.8736 0.4860
vn 0.0600 0.9012 0.4293
vn -0.4639 0.6513 -0.6005
vn -0.7502 -0.6198 -0.2303
vn -0.3530 -0.9155 0.1929
vn -0.0578 0.8753 0.4800
vn 0.2718 -0.8853 0.3772
vn 0.6032 -0.7623 0.2347
vn -0.6017 0.1826 0.7776
vn -0.3966 -0.4594 -0.7948
vn 0.7726 -0.6341 0.0326
vn 0.7974 -0.5815 -0.1611
vn 0.0790 -0.8579 -0.5077
vn 0.2973 -0.8016 -0.5187
vn -0.9385 0.3265 0.1120
vn 0.5133 -0.8050 0.2974
vn 0.3393 -0.8580 0.3857
vn 0.2061 -0.0272 -0.9782
vn 0.2967 -0.2494 -0.9218
vn -0.0788 -0.1124 -0.9905
vn -0.5184 -0.7532 -0.4049
vn -0.3831 -0.3157 -0.8681
vn 0.0579 -0.9337 0.3532
vn -0.2752 -0.9465 0.1685
vn 0.3447 0.8131 0.4691
vn 0.4504 -0.1973 0.8708
vn -0.0078 0.7092 -0.7050
vn 0.2918 0.8049 -0.5167
vn -0.8002 0.3022 -0.5181
vn -0.4164 0.5786 -0.7013
vn 0.1564 -0.2970 0.9420
vn -0.2563 -0.3901 0.8844
vn -0.5527 0.6847 0.4751
vn -0.4582 0.7570 0.4658
vn -0.3546 0.8007 0.4829
vn -0.2500 0.8338 0.4922
vn -0.2601 0.8125 0.5217
vn -0.6808 -0.3908 0.6195
vn -0.9898 -0.1415 0.0168
vn -0.1540 0.8758 0.4574
vn -0.0771 0.8489 0.5229
vn -0.2452 0.7996 0.5483
vn -0.1446 0.8002 0.5820
vn -0.3501 0.7659 0.5392
vn -0.4540 0.7189 0.5264
vn -0.4870 0.8692 -0.0855
vn -0.1677 0.9810 -0.0972
vn -0.3905 0.2864 0.8749
vn -0.7058 0.2084 0.6770
vn 0.2548 0.3669 0.8947
vn -0.0659 0.3525 0.9335
vn 0.1807 0.9796 -0.0884
vn 0.7385 0.4845 0.4689
vn -0.9209 0.2829 0.2682
vn -0.7786 0.6273 -0.0140
vn 0.3188 -0.7704 -0.5522
vn -0.4823 0.8082 -0.3378
vn -0.2681 -0.9140 -0.3045
vn -0.5111 -0.8362 -0.1989
vn 0.9430 -0.1742 -0.2837
vn 0.9217 -0.3413 -0.1843
vn 0.8511 -0.0257 -0.5243
vn 0.0046 -0.1415 -0.9899
vn 0.5956 0.0572 -0.8013
vn -0.5854 -0.6803 -0.4411
vn -0.5111 -0.4477 -0.7337
vn -0.0819 0.3672 0.9265
vn -0.7244 -0.3213 0.6099
vn 0.8540 0.4877 0.1814
vn 0.8564 0.2918 0.4259
vn 0.3455 0.7866 -0.5118
vn 0.7002 0.6956 -0.1609
vn -0.9075 -0.3118 0.2816
vn -0.9951 -0.0756 -0.0631
vn -0.3815 0.8746 0.2990
vn -0.3257 0.8554 0.4027
vn -0.3001 0.8100 0.5038
vn -0.2756 0.7564 0.5932
vn -0.3090 0.7505 0.5842
vn -0.8689 0.2313 -0.4375
vn -0.3277 0.6236 -0.7098
vn -0.2167 0.7177 0.6618
vn -0.2589 0.6546 0.7103
vn -0.3311 0.7292 0.5989
vn -0.3420 0.6575 0.6713
vn -0.3608 0.7833 0.5063
vn -0.3913 0.8266 0.4045
vn 0.2041 0.9499 0.2365
vn 0.3353 0.7941 0.5069
vn -0.8216 0.4859 0.2980
vn -0.7499 0.6607 -0.0321
vn -0.6111 0.0870 0.7868
vn -0.7669 0.2953 0.5698
vn 0.4346 0.5674 0.6994
vn 0.3077 -0.0022 0.9515
vn -0.4125 0.8659 -0.2830
vn -0.0129 0.9968 -0.0787
vn 0.3648 -0.7649 -0.5309
vn 0.4525 0.8918 -0.0020
vn -0.3331 -0.4874 -0.8072
vn -0.3324 -0.3083 -0.8913
vn 0.6176 -0.7144 0.3290
vn 0.5051 -0.8362 0.2134
vn 0.8225 -0.5280 0.2114
vn 0.7674 -0.0313 -0.6404
vn 0.9724 -0.2244 -0.0631
vn -0.1155 -0.1294 -0.9848
vn 0.2312 0.0261 -0.9726
vn -0.7376 0.2025 0.6441
vn -0.9144 0.1091 -0.3899
vn 0.4033 -0.1807 0.8970
vn 0.0853 -0.3075 0.9477
vn 0.8058 0.4643 0.3675
vn 0.6816 0.0946 0.7256
vn -0.7472 0.3195 -0.5827
vn -0.4260 0.5762 -0.6976
vn -0.1656 0.8985 0.4066
vn -0.2130 0.8442 0.4918
vn -0.2996 0.7875 0.5386
vn -0.3794 0.7246 0.5753
vn -0.3891 0.7424 0.5454
vn 0.0339 0.7605 -0.6484
vn 0.5880 0.7706 -0.2458
vn -0.4212 0.6515 0.6309
vn -0.5023 0.6266 0.5959
vn -0.4179 0.7397 0.5274
vn -0.5006 0.6865 0.5274
vn -0.3498 0.8026 0.4832
vn -0.2843 0.8552 0.4333
vn 0.1871 0.5873 0.7875
vn -0.0129 0.3703 0.9288
vn -0.4692 0.8795 -0.0796
vn -0.1096 0.9872 -0.1161
vn -0.9095 0.4110 0.0629
vn -0.7305 0.6829 -0.0005
vn -0.2170 0.1070 0.9703
vn -0.8375 -0.1875 0.5132
vn 0.2699 0.9606 0.0670
vn 0.3345 0.7912 0.5119
vn 0.3163 -0.8217 -0.4741
vn 0.4115 -0.0391 -0.9106
vn 0.9173 -0.2624 -0.2995
vn 0.9440 -0.3248 -0.0571
vn -0.5152 -0.5375 -0.6676
vn -0.3329 -0.4288 -0.8398
vn -0.5902 -0.6900 -0.4189
vn 0.0230 -0.9576 0.2873
vn -0.5047 -0.8593 -0.0823
vn 0.8575 -0.4806 0.1835
vn 0.6131 -0.6998 0.3666
vn 0.1883 0.7422 -0.6431
vn 0.8395 0.5430 0.0218
vn -0.9137 0.1187 -0.3886
vn -0.6935 0.3321 -0.6394
vn -0.8566 -0.3076 0.4142
vn -0.9952 -0.0941 -0.0252
vn 0.8574 0.3752 0.3522
vn 0.7135 0.1465 0.6852
vn -0.3715 0.6398 0.6727
vn -0.3848 0.7157 0.5828
vn -0.3600 0.7888 0.4981
vn -0.3293 0.8485 0.4142
vn -0.3063 0.8439 0.4405
vn 0.3776 -0.1427 0.9149
vn -0.2976 -0.3930 0.8701
vn -0.3375 0.8820 0.3290
vn -0.2665 0.9099 0.3178
vn -0.2773 0.8563 0.4357
vn -0.2227 0.8984 0.3785
vn -0.3004 0.7974 0.5234
vn -0.3210 0.7247 0.6098
vn -0.8218 0.4685 0.3243
vn -0.7701 0.6369 0.0353
vn 0.2136 0.6166 0.7577
vn 0.0122 0.3431 0.9392
vn 0.2881 0.9243 0.2505
vn 0.3372 0.7979 0.4997
vn -0.5887 0.7979 -0.1296
vn -0.0358 0.9804 -0.1938
vn -0.3890 0.0991 0.9159
vn -0.7399 0.2427 0.6274
vn 0.3623 -0.7938 -0.4884
vn -0.3947 -0.4382 -0.8076
vn 0.3530 -0.0644 -0.9334
vn 0.5821 0.0230 -0.8128
vn -0.3071 -0.9464 0.0998
vn -0.3982 -0.9089 -0.1238
vn -0.0835 -0.9515 0.2961
vn 0.8035 -0.5703 0.1707
vn 0.2752 -0.8687 0.4118
vn 0.7947 0.0077 -0.6069
vn 0.9471 -0.1262 -0.2950
vn -0.8291 0.2388 -0.5055
vn -0.0014 0.6911 -0.7228
vn -0.7198 -0.4142 0.5571
vn -0.9120 -0.3239 0.2518
vn 0.0872 -0.2799 0.9561
vn -0.3876 -0.4044 0.8284
vn 0.3574 0.7582 -0.5454
vn 0.6465 0.7266 -0.2325
vn -0.1391 0.7450 0.6524
vn -0.2515 0.7492 0.6128
vn -0.3403 0.7671 0.5439
vn -0.4187 0.7765 0.4709
vn -0.3907 0.7963 0.4618
vn 0.8276 0.5283 0.1895
vn 0.6704 0.0878 0.7368
vn -0.5046 0.7526 0.4230
vn -0.5110 0.7903 0.3381
vn -0.3856 0.8144 0.4337
vn -0.4288 0.8360 0.3425
vn -0.3024 0.8072 0.5069
vn -0.2100 0.7921 0.5731
vn -0.4467 0.2773 0.8506
vn -0.7160 0.2647 0.6460
vn 0.1768 0.9616 0.2097
vn 0.3729 0.7872 0.4912
vn -0.3217 0.9335 -0.1584
vn -0.0418 0.9982 -0.0430
vn -0.8441 0.3594 0.3980
vn -0.7936 0.6014 -0.0929
vn 0.3447 0.4605 0.8180
vn -0.0751 0.2979 0.9516
vn 0.1046 -0.1737 -0.9792
vn 0.3835 -0.0809 -0.9200
vn 0.2821 0.4268 -0.8592
vn -0.0803 0.3170 -0.9450
vn 0.2988 -0.8045 0.5133
vn -0.0423 -0.9056 0.4220
vn -0.3036 -0.3996 0.8650
vn 0.0786 -0.2762 0.9579
vn 0.2849 0.8533 0.4367
vn -0.3298 0.7904 0.5162
vn 0.2794 0.7255 0.6290
vn 0.9389 -0.1751 -0.2962
vn 0.9546 -0.2979 -0.0098
vn 0.8921 0.2171 0.3964
vn 0.9334 0.3567 0.0381
vn 0.7765 0.5983 0.1979
vn 0.7679 0.3933 0.5055
vn -0.5532 -0.7566 -0.3487
vn -0.5080 -0.6131 -0.6051
vn -0.8971 -0.2170 -0.3848
vn -0.9328 -0.3596 -0.0246
vn -0.1552 -0.3062 -0.9392
vn -0.4432 0.1504 -0.8837
vn 0.1910 0.5842 0.7889
vn 0.6199 -0.6459 0.4456
vn 0.4446 -0.1130 0.8886
vn 0.6264 0.1670 0.7614
vn 0.8239 -0.0977 -0.5582
vn 0.8316 0.4480 -0.3282
vn -0.4997 -0.8643 -0.0575
vn -0.8299 -0.4432 0.3390
vn 0.0330 0.4509 0.8920
vn -0.3731 -0.4523 -0.8101
vn -0.7280 -0.0388 -0.6845
vn 0.3735 -0.0462 0.9265
vn 0.8499 -0.4567 0.2629
vn 0.7248 0.0577 0.6865
vn 0.6326 -0.0697 -0.7713
vn 0.5987 0.4727 -0.6466
vn -0.1705 0.3460 0.9226
vn -0.3274 -0.9189 0.2201
vn -0.6174 -0.4561 0.6409
vn 0.0475 -0.2142 0.9756
vn -0.3885 0.2854 0.8761
vn -0.3017 -0.3114 0.9011
vn 0.8305 -0.4867 0.2710
vn 0.5999 -0.6787 0.4236
vn -0.5878 0.2783 0.7596
vn -0.4794 -0.3474 -0.8059
vn -0.2543 -0.1566 -0.9544
vn -0.6207 -0.3228 0.7145
vn -0.2925 -0.9287 0.2279
vn -0.5079 -0.8612 -0.0199
vn 0.6419 0.0927 -0.7611
vn 0.8530 0.0247 -0.5213
vn -0.7381 0.3259 0.5908
vn -0.6160 -0.7277 -0.3016
vn -0.8613 -0.2465 0.4443
vn 0.3067 -0.8287 0.4682
vn 0.0356 -0.0053 -0.9994
vn -0.8165 0.4208 0.3953
vn -0.6064 -0.5486 -0.5756
vn -0.9868 -0.0942 0.1316
vn -0.0058 -0.9168 0.3994
vn 0.3543 0.0837 -0.9314
vn -0.8110 0.5486 0.2030
vn 0.9642 -0.1064 -0.2430
vn -0.9781 0.1108 -0.1759
vn 0.9582 -0.2839 0.0348
vn -0.7226 0.6899 0.0431
vn -0.8366 0.3374 -0.4315
vn -0.5646 0.8232 -0.0600
vn -0.5838 0.5509 -0.5964
vn -0.2581 0.7190 -0.6454
vn -0.3611 0.9281 -0.0906
vn 0.0909 0.8159 -0.5710
vn 0.4100 0.8270 -0.3847
vn -0.1431 0.9887 -0.0441
vn 0.6508 0.7505 -0.1147
vn 0.0562 0.9958 0.0724
vn 0.2065 0.9482 0.2412
vt 0.468962 0.787670
vt 0.436735 0.787670
vt 0.741682 0.497361
vt 0.505447 0.728674
vt 0.822888 0.497361
vt 0.813045 0.497361
vt 0.949764 0.501267
s 1
usemtl Tex_MultiGradient
f 9/1/1 8/1/2 4/1/3 7/1/4
f 5/1/5 3/1/6 8/1/2 9/1/1
f 1/1/7 5/1/5 9/1/1 6/1/8 11/1/9
f 6/1/8 9/1/1 7/1/4 2/1/10 10/1/11
f 4/1/3 8/1/2 35/1/12 22/1/13
f 3/1/6 5/1/5 26/1/14 19/1/15
f 1/1/7 11/1/9 41/1/16 13/1/17
f 2/1/10 7/1/4 32/1/18 16/1/19
f 7/1/4 4/1/3 22/1/13 32/1/18
f 29/2/20 37/2/21 17/2/22 31/2/23 12/2/24
f 6/1/8 10/1/11 38/1/25 28/1/26
f 12/2/24 31/2/23 23/2/27 34/2/28
f 8/1/2 3/1/6 19/1/15 35/1/12
f 10/1/11 2/1/10 16/1/19 38/1/25
f 25/1/29 12/1/24 34/1/28 20/1/30
f 14/1/31 40/1/32 29/1/20 12/1/24 25/1/29
f 11/1/9 6/1/8 28/1/26 41/1/16
f 26/1/14 13/1/17 15/1/33 27/1/34
f 27/1/34 15/1/33 14/1/31 25/1/29
f 38/1/25 16/1/19 18/1/35 39/1/36
f 39/1/36 18/1/35 17/1/22 37/1/21
f 32/1/18 22/1/13 24/1/37 33/1/38
f 33/1/38 24/1/37 23/1/27 31/1/23
f 35/1/12 19/1/15 21/1/39 36/1/40
f 36/1/40 21/1/39 20/1/30 34/1/28
f 19/1/15 26/1/14 27/1/34 21/1/39
f 21/1/39 27/1/34 25/1/29 20/1/30
f 41/1/16 28/1/26 30/1/41 42/1/42
f 42/1/42 30/1/41 29/1/20 40/1/32
f 16/1/19 32/1/18 33/1/38 18/1/35
f 18/1/35 33/1/38 31/1/23 17/1/22
f 22/1/13 35/1/12 36/1/40 24/1/37
f 24/1/37 36/1/40 34/1/28 23/1/27
f 28/1/26 38/1/25 39/1/36 30/1/41
f 30/1/41 39/1/36 37/1/21 29/1/20
f 13/1/17 41/1/16 42/1/42 15/1/33
f 15/1/33 42/1/42 40/1/32 14/1/31
f 5/1/5 1/1/7 13/1/17 26/1/14
f 51/1/43 50/1/44 46/1/45 49/1/46
f 47/1/47 45/1/48 50/1/44 51/1/43
f 43/1/49 47/1/47 51/1/43 48/1/50 53/1/51
f 48/1/50 51/1/43 49/1/46 44/1/52 52/1/53
f 46/1/45 50/1/44 77/1/54 64/1/55
f 45/1/48 47/1/47 68/1/56 61/1/57
f 43/1/49 53/1/51 83/1/58 55/1/59
f 44/1/52 49/1/46 74/1/60 58/1/61
f 49/1/46 46/1/45 64/1/55 74/1/60
f 71/2/62 79/2/63 59/2/64 73/2/65 54/2/66
f 48/1/50 52/1/53 80/1/67 70/1/68
f 54/2/66 73/2/65 65/2/69 76/2/70
f 50/1/44 45/1/48 61/1/57 77/1/54
f 52/1/53 44/1/52 58/1/61 80/1/67
f 67/1/71 54/1/66 76/1/70 62/1/72
f 56/1/73 82/1/74 71/1/62 54/1/66 67/1/71
f 53/1/51 48/1/50 70/1/68 83/1/58
f 68/1/56 55/1/59 57/1/75 69/1/76
f 69/1/76 57/1/75 56/1/73 67/1/71
f 80/1/67 58/1/61 60/1/77 81/1/78
f 81/1/78 60/1/77 59/1/64 79/1/63
f 74/1/60 64/1/55 66/1/79 75/1/80
f 75/1/80 66/1/79 65/1/69 73/1/65
f 77/1/54 61/1/57 63/1/81 78/1/82
f 78/1/82 63/1/81 62/1/72 76/1/70
f 61/1/57 68/1/56 69/1/76 63/1/81
f 63/1/81 69/1/76 67/1/71 62/1/72
f 83/1/58 70/1/68 72/1/83 84/1/84
f 84/1/84 72/1/83 71/1/62 82/1/74
f 58/1/61 74/1/60 75/1/80 60/1/77
f 60/1/77 75/1/80 73/1/65 59/1/64
f 64/1/55 77/1/54 78/1/82 66/1/79
f 66/1/79 78/1/82 76/1/70 65/1/69
f 70/1/68 80/1/67 81/1/78 72/1/83
f 72/1/83 81/1/78 79/1/63 71/1/62
f 55/1/59 83/1/58 84/1/84 57/1/75
f 57/1/75 84/1/84 82/1/74 56/1/73
f 47/1/47 43/1/49 55/1/59 68/1/56
f 93/1/85 92/1/86 88/1/87 91/1/88
f 89/1/89 87/1/90 92/1/86 93/1/85
f 85/1/91 89/1/89 93/1/85 90/1/92 95/1/93
f 90/1/92 93/1/85 91/1/88 86/1/94 94/1/95
f 88/1/87 92/1/86 119/1/96 106/1/97
f 87/1/90 89/1/89 110/1/98 103/1/99
f 85/1/91 95/1/93 125/1/100 97/1/101
f 86/1/94 91/1/88 116/1/102 100/1/103
f 91/1/88 88/1/87 106/1/97 116/1/102
f 113/2/104 121/2/105 101/2/106 115/2/107 96/2/108
f 90/1/92 94/1/95 122/1/109 112/1/110
f 96/2/108 115/2/107 107/2/111 118/2/112
f 92/1/86 87/1/90 103/1/99 119/1/96
f 94/1/95 86/1/94 100/1/103 122/1/109
f 109/1/113 96/1/108 118/1/112 104/1/114
f 98/1/115 124/1/116 113/1/104 96/1/108 109/1/113
f 95/1/93 90/1/92 112/1/110 125/1/100
f 110/1/98 97/1/101 99/1/117 111/1/118
f 111/1/118 99/1/117 98/1/115 109/1/113
f 122/1/109 100/1/103 102/1/119 123/1/120
f 123/1/120 102/1/119 101/1/106 121/1/105
f 116/1/102 106/1/97 108/1/121 117/1/122
f 117/1/122 108/1/121 107/1/111 115/1/107
f 119/1/96 103/1/99 105/1/123 120/1/124
f 120/1/124 105/1/123 104/1/114 118/1/112
f 103/1/99 110/1/98 111/1/118 105/1/123
f 105/1/123 111/1/118 109/1/113 104/1/114
f 125/1/100 112/1/110 114/1/125 126/1/126
f 126/1/126 114/1/125 113/1/104 124/1/116
f 100/1/103 116/1/102 117/1/122 102/1/119
f 102/1/119 117/1/122 115/1/107 101/1/106
f 106/1/97 119/1/96 120/1/124 108/1/121
f 108/1/121 120/1/124 118/1/112 107/1/111
f 112/1/110 122/1/109 123/1/120 114/1/125
f 114/1/125 123/1/120 121/1/105 113/1/104
f 97/1/101 125/1/100 126/1/126 99/1/117
f 99/1/117 126/1/126 124/1/116 98/1/115
f 89/1/89 85/1/91 97/1/101 110/1/98
f 135/1/127 134/1/128 130/1/129 133/1/130
f 131/1/131 129/1/132 134/1/128 135/1/127
f 127/1/133 131/1/131 135/1/127 132/1/134 137/1/135
f 132/1/134 135/1/127 133/1/130 128/1/136 136/1/137
f 130/1/129 134/1/128 161/1/138 148/1/139
f 129/1/132 131/1/131 152/1/140 145/1/141
f 127/1/133 137/1/135 167/1/142 139/1/143
f 128/1/136 133/1/130 158/1/144 142/1/145
f 133/1/130 130/1/129 148/1/139 158/1/144
f 155/2/146 163/2/147 143/2/148 157/2/149 138/2/150
f 132/1/134 136/1/137 164/1/151 154/1/152
f 138/2/150 157/2/149 149/2/153 160/2/154
f 134/1/128 129/1/132 145/1/141 161/1/138
f 136/1/137 128/1/136 142/1/145 164/1/151
f 151/1/155 138/1/150 160/1/154 146/1/156
f 140/1/157 166/1/158 155/1/146 138/1/150 151/1/155
f 137/1/135 132/1/134 154/1/152 167/1/142
f 152/1/140 139/1/143 141/1/159 153/1/160
f 153/1/160 141/1/159 140/1/157 151/1/155
f 164/1/151 142/1/145 144/1/161 165/1/162
f 165/1/162 144/1/161 143/1/148 163/1/147
f 158/1/144 148/1/139 150/1/163 159/1/164
f 159/1/164 150/1/163 149/1/153 157/1/149
f 161/1/138 145/1/141 147/1/165 162/1/166
f 162/1/166 147/1/165 146/1/156 160/1/154
f 145/1/141 152/1/140 153/1/160 147/1/165
f 147/1/165 153/1/160 151/1/155 146/1/156
f 167/1/142 154/1/152 156/1/167 168/1/168
f 168/1/168 156/1/167 155/1/146 166/1/158
f 142/1/145 158/1/144 159/1/164 144/1/161
f 144/1/161 159/1/164 157/1/149 143/1/148
f 148/1/139 161/1/138 162/1/166 150/1/163
f 150/1/163 162/1/166 160/1/154 149/1/153
f 154/1/152 164/1/151 165/1/162 156/1/167
f 156/1/167 165/1/162 163/1/147 155/1/146
f 139/1/143 167/1/142 168/1/168 141/1/159
f 141/1/159 168/1/168 166/1/158 140/1/157
f 131/1/131 127/1/133 139/1/143 152/1/140
f 177/1/169 176/1/170 172/1/171 175/1/172
f 173/1/173 171/1/174 176/1/170 177/1/169
f 169/1/175 173/1/173 177/1/169 174/1/176 179/1/177
f 174/1/176 177/1/169 175/1/172 170/1/178 178/1/179
f 172/1/171 176/1/170 203/1/180 190/1/181
f 171/1/174 173/1/173 194/1/182 187/1/183
f 169/1/175 179/1/177 209/1/184 181/1/185
f 170/1/178 175/1/172 200/1/186 184/1/187
f 175/1/172 172/1/171 190/1/181 200/1/186
f 197/2/188 205/2/189 185/2/190 199/2/191 180/2/192
f 174/1/176 178/1/179 206/1/193 196/1/194
f 180/2/192 199/2/191 191/2/195 202/2/196
f 176/1/170 171/1/174 187/1/183 203/1/180
f 178/1/179 170/1/178 184/1/187 206/1/193
f 193/1/197 180/1/192 202/1/196 188/1/198
f 182/1/199 208/1/200 197/1/188 180/1/192 193/1/197
f 179/1/177 174/1/176 196/1/194 209/1/184
f 194/1/182 181/1/185 183/1/201 195/1/202
f 195/1/202 183/1/201 182/1/199 193/1/197
f 206/1/193 184/1/187 186/1/203 207/1/204
f 207/1/204 186/1/203 185/1/190 205/1/189
f 200/1/186 190/1/181 192/1/205 201/1/206
f 201/1/206 192/1/205 191/1/195 199/1/191
f 203/1/180 187/1/183 189/1/207 204/1/208
f 204/1/208 189/1/207 188/1/198 202/1/196
f 187/1/183 194/1/182 195/1/202 189/1/207
f 189/1/207 195/1/202 193/1/197 188/1/198
f 209/1/184 196/1/194 198/1/209 210/1/210
f 210/1/210 198/1/209 197/1/188 208/1/200
f 184/1/187 200/1/186 201/1/206 186/1/203
f 186/1/203 201/1/206 199/1/191 185/1/190
f 190/1/181 203/1/180 204/1/208 192/1/205
f 192/1/205 204/1/208 202/1/196 191/1/195
f 196/1/194 206/1/193 207/1/204 198/1/209
f 198/1/209 207/1/204 205/1/189 197/1/188
f 181/1/185 209/1/184 210/1/210 183/1/201
f 183/1/201 210/1/210 208/1/200 182/1/199
f 173/1/173 169/1/175 181/1/185 194/1/182
f 236/3/211 237/3/212 288/3/213 287/3/214
f 220/3/215 221/3/216 280/3/217 279/3/218
f 211/4/219 254/4/220 213/4/221
f 244/3/222 215/3/223 212/3/224 291/3/225
f 275/4/226 211/4/219 213/4/221 214/4/227
f 228/3/228 229/3/229 284/3/230 283/3/231
f 233/3/232 236/3/211 287/3/214 286/3/233
f 213/4/221 254/4/220 217/4/234
f 219/3/235 220/3/215 279/3/218 278/3/236
f 214/4/227 213/4/221 217/4/234 218/4/237
f 241/3/238 244/3/222 291/3/225 290/3/239
f 225/3/240 228/3/228 283/3/231 282/3/241
f 217/4/234 254/4/220 222/4/242
f 232/3/243 233/3/232 286/3/233 285/3/244
f 218/4/237 217/4/234 222/4/242 223/4/245
f 216/3/246 219/3/235 278/3/236 277/3/247
f 240/3/248 241/3/238 290/3/239 289/3/249
f 222/4/242 254/4/220 226/4/250
f 224/3/251 225/3/240 282/3/241 281/3/252
f 223/4/245 222/4/242 226/4/250 227/4/253
f 229/3/229 232/3/243 285/3/244 284/3/230
f 215/3/223 216/3/246 277/3/247 212/3/224
f 226/4/250 254/4/220 230/4/254
f 237/3/212 240/3/248 289/3/249 288/3/213
f 227/4/253 226/4/250 230/4/254 231/4/255
f 221/3/216 224/3/251 281/3/252 280/3/217
f 274/3/256 273/3/257 219/3/235 216/3/246
f 230/4/254 254/4/220 234/4/258
f 258/3/259 257/3/260 233/3/232 232/3/243
f 231/4/255 230/4/254 234/4/258 235/4/261
f 266/3/262 265/3/263 225/3/240 224/3/251
f 249/3/264 248/3/265 241/3/238 240/3/248
f 234/4/258 254/4/220 238/4/266
f 265/3/263 262/3/267 228/3/228 225/3/240
f 235/4/261 234/4/258 238/4/266 239/4/268
f 273/3/257 270/3/269 220/3/215 219/3/235
f 257/3/260 253/3/270 236/3/211 233/3/232
f 238/4/266 254/4/220 242/4/271
f 262/3/267 261/3/272 229/3/229 228/3/228
f 239/4/268 238/4/266 242/4/271 243/4/273
f 270/3/269 269/3/274 221/3/216 220/3/215
f 253/3/270 252/3/275 237/3/212 236/3/211
f 242/4/271 254/4/220 246/4/276
f 248/3/265 245/3/277 244/3/222 241/3/238
f 243/4/273 242/4/271 246/4/276 247/4/278
f 261/3/272 258/3/259 232/3/243 229/3/229
f 245/3/277 276/3/279 215/3/223 244/3/222
f 246/4/276 254/4/220 250/4/280
f 269/3/274 266/3/262 224/3/251 221/3/216
f 247/4/278 246/4/276 250/4/280 251/4/281
f 252/3/275 249/3/264 240/3/248 237/3/212
f 276/3/279 274/3/256 216/3/246 215/3/223
f 250/4/280 254/4/220 255/4/282
f 251/3/281 256/3/283 257/3/260 258/3/259
f 251/4/281 250/4/280 255/4/282 256/4/283
f 243/3/273 247/3/278 261/3/272 262/3/267
f 256/3/283 260/3/284 253/3/270 257/3/260
f 255/4/282 254/4/220 259/4/285
f 247/3/278 251/3/281 258/3/259 261/3/272
f 256/4/283 255/4/282 259/4/285 260/4/284
f 260/3/284 264/3/286 252/3/275 253/3/270
f 264/3/286 268/3/287 249/3/264 252/3/275
f 259/4/285 254/4/220 263/4/288
f 268/3/287 272/3/289 248/3/265 249/3/264
f 260/4/284 259/4/285 263/4/288 264/4/286
f 275/3/226 214/3/227 276/3/279 245/3/277
f 214/3/227 218/3/237 274/3/256 276/3/279
f 263/4/288 254/4/220 267/4/290
f 218/3/237 223/3/245 273/3/257 274/3/256
f 264/4/286 263/4/288 267/4/290 268/4/287
f 223/3/245 227/3/253 270/3/269 273/3/257
f 227/3/253 231/3/255 269/3/274 270/3/269
f 267/4/290 254/4/220 271/4/291
f 272/3/289 275/3/226 245/3/277 248/3/265
f 268/4/287 267/4/290 271/4/291 272/4/289
f 231/3/255 235/3/261 266/3/262 269/3/274
f 235/3/261 239/3/268 265/3/263 266/3/262
f 271/4/291 254/4/220 211/4/219
f 239/3/268 243/3/273 262/3/267 265/3/263
f 272/4/289 271/4/291 211/4/219 275/4/226
f 316/3/292 308/3/293 295/3/294 303/3/295
f 315/3/296 304/3/297 299/3/298 309/3/299
f 314/3/300 311/3/301 300/3/302 310/3/303
f 313/3/304 312/3/305 298/3/306 307/3/307
f 310/3/303 300/3/302 312/3/305 313/3/304
f 297/3/308 310/3/303 313/3/304 302/3/309
f 302/3/309 313/3/304 307/3/307 293/3/310
f 301/3/311 296/3/312 311/3/301 314/3/300
f 292/3/313 301/3/311 314/3/300 306/3/314
f 306/3/314 314/3/300 310/3/303 297/3/308
f 305/3/315 294/3/316 304/3/297 315/3/296
f 296/3/312 305/3/315 315/3/296 311/3/301
f 311/3/301 315/3/296 309/3/299 300/3/302
f 309/3/299 299/3/298 308/3/293 316/3/292
f 300/3/302 309/3/299 316/3/292 312/3/305
f 312/3/305 316/3/292 303/3/295 298/3/306
f 295/3/294 308/3/293 372/3/317 335/3/318
f 299/3/298 304/3/297 360/3/319 347/3/320
f 323/5/321 319/5/322 317/5/323 320/5/324
f 298/3/306 303/3/295 357/3/325 344/3/326
f 319/3/327 322/3/328 321/3/329 317/3/330
f 365/5/331 342/5/332 319/5/322 323/5/321
f 293/3/310 307/3/307 369/3/333 329/3/334
f 296/3/312 301/3/311 351/3/335 338/3/336
f 292/3/313 306/3/314 366/3/337 326/3/338
f 297/3/308 302/3/309 354/3/339 341/3/340
f 294/3/316 305/3/315 363/3/341 332/3/342
f 350/5/343 323/5/321 320/5/324 339/5/344
f 320/5/324 317/5/323 318/5/345 324/5/346
f 324/5/346 318/5/345 348/5/347 359/5/348
f 317/3/330 321/3/329 325/3/349 318/3/350
f 322/3/328 368/3/351 345/3/352 321/3/329
f 308/3/293 299/3/298 347/3/353 372/3/317
f 318/3/350 325/3/349 371/3/354 348/3/355
f 327/5/356 365/5/331 323/5/321 350/5/343
f 353/3/357 330/3/358 368/3/351 322/3/328
f 303/3/295 295/3/294 335/3/318 357/3/325
f 325/3/349 356/3/359 336/3/360 371/3/354
f 302/3/309 293/3/310 329/3/334 354/3/339
f 362/5/361 324/5/346 359/5/348 333/5/362
f 304/3/297 294/3/316 332/3/342 360/3/319
f 339/5/344 320/5/324 324/5/346 362/5/361
f 305/3/315 296/3/312 338/3/336 363/3/341
f 306/3/314 297/3/308 341/3/363 366/3/337
f 342/3/364 353/3/357 322/3/328 319/3/327
f 307/3/307 298/3/306 344/3/326 369/3/333
f 321/3/329 345/3/352 356/3/359 325/3/349
f 351/3/335 326/3/338 328/3/365 352/3/366
f 352/3/366 328/3/365 327/3/356 350/3/343
f 354/3/339 329/3/334 331/3/367 355/3/368
f 355/3/368 331/3/367 330/3/358 353/3/357
f 357/3/325 335/3/318 337/3/369 358/3/370
f 358/3/370 337/3/369 336/3/360 356/3/359
f 360/3/319 332/3/342 334/3/371 361/3/372
f 361/3/372 334/3/371 333/3/362 359/3/348
f 363/3/341 338/3/336 340/3/373 364/3/374
f 364/3/374 340/3/373 339/3/344 362/3/361
f 366/3/337 341/3/363 343/3/375 367/3/376
f 367/5/376 343/5/375 342/5/332 365/5/331
f 369/3/333 344/3/326 346/3/377 370/3/378
f 370/3/378 346/3/377 345/3/352 368/3/351
f 372/3/317 347/3/353 349/3/379 373/3/380
f 373/3/380 349/3/379 348/3/355 371/3/354
f 338/3/336 351/3/335 352/3/366 340/3/373
f 340/3/373 352/3/366 350/3/343 339/3/344
f 341/3/340 354/3/339 355/3/368 343/3/381
f 343/3/381 355/3/368 353/3/357 342/3/364
f 344/3/326 357/3/325 358/3/370 346/3/377
f 346/3/377 358/3/370 356/3/359 345/3/352
f 347/3/320 360/3/319 361/3/372 349/3/382
f 349/3/382 361/3/372 359/3/348 348/3/347
f 332/3/342 363/3/341 364/3/374 334/3/371
f 334/3/371 364/3/374 362/3/361 333/3/362
f 326/3/338 366/3/337 367/3/376 328/3/365
f 328/5/365 367/5/376 365/5/331 327/5/356
f 329/3/334 369/3/333 370/3/378 331/3/367
f 331/3/367 370/3/378 368/3/351 330/3/358
f 335/3/318 372/3/317 373/3/380 337/3/369
f 337/3/369 373/3/380 371/3/354 336/3/360
f 301/3/311 292/3/313 326/3/338 351/3/335
f 398/3/383 390/3/384 377/3/385 385/3/386
f 397/3/387 386/3/388 381/3/389 391/3/390
f 396/3/391 393/3/392 382/3/393 392/3/394
f 395/3/395 394/3/396 380/3/397 389/3/398
f 392/3/394 382/3/393 394/3/396 395/3/395
f 379/3/399 392/3/394 395/3/395 384/3/400
f 384/3/400 395/3/395 389/3/398 375/3/401
f 383/3/402 378/3/403 393/3/392 396/3/391
f 374/3/404 383/3/402 396/3/391 388/3/405
f 388/3/405 396/3/391 392/3/394 379/3/399
f 387/3/406 376/3/407 386/3/388 397/3/387
f 378/3/403 387/3/406 397/3/387 393/3/392
f 393/3/392 397/3/387 391/3/390 382/3/393
f 391/3/390 381/3/389 390/3/384 398/3/383
f 382/3/393 391/3/390 398/3/383 394/3/396
f 394/3/396 398/3/383 385/3/386 380/3/397
f 377/3/385 390/3/384 454/3/408 417/3/409
f 381/3/389 386/3/388 442/3/410 429/3/411
f 405/5/412 401/5/413 399/5/414 402/5/415
f 380/3/397 385/3/386 439/3/416 426/3/417
f 401/3/418 404/3/419 403/3/420 399/3/421
f 447/5/422 424/5/423 401/5/413 405/5/412
f 375/3/401 389/3/398 451/3/424 411/3/425
f 378/3/403 383/3/402 433/3/426 420/3/427
f 374/3/404 388/3/405 448/3/428 408/3/429
f 379/3/399 384/3/400 436/3/430 423/3/431
f 376/3/407 387/3/406 445/3/432 414/3/433
f 432/5/434 405/5/412 402/5/415 421/5/435
f 402/5/415 399/5/414 400/5/436 406/5/437
f 406/5/437 400/5/436 430/5/438 441/5/439
f 399/3/421 403/3/420 407/3/440 400/3/441
f 404/3/419 450/3/442 427/3/443 403/3/420
f 390/3/384 381/3/389 429/3/444 454/3/408
f 400/3/441 407/3/440 453/3/445 430/3/446
f 409/5/447 447/5/422 405/5/412 432/5/434
f 435/3/448 412/3/449 450/3/442 404/3/419
f 385/3/386 377/3/385 417/3/409 439/3/416
f 407/3/440 438/3/450 418/3/451 453/3/445
f 384/3/400 375/3/401 411/3/425 436/3/430
f 444/5/452 406/5/437 441/5/439 415/5/453
f 386/3/388 376/3/407 414/3/433 442/3/410
f 421/5/435 402/5/415 406/5/437 444/5/452
f 387/3/406 378/3/403 420/3/427 445/3/432
f 388/3/405 379/3/399 423/3/454 448/3/428
f 424/3/455 435/3/448 404/3/419 401/3/418
f 389/3/398 380/3/397 426/3/417 451/3/424
f 403/3/420 427/3/443 438/3/450 407/3/440
f 433/3/426 408/3/429 410/3/456 434/3/457
f 434/3/457 410/3/456 409/3/447 432/3/434
f 436/3/430 411/3/425 413/3/458 437/3/459
f 437/3/459 413/3/458 412/3/449 435/3/448
f 439/3/416 417/3/409 419/3/460 440/3/461
f 440/3/461 419/3/460 418/3/451 438/3/450
f 442/3/410 414/3/433 416/3/462 443/3/463
f 443/3/463 416/3/462 415/3/453 441/3/439
f 445/3/432 420/3/427 422/3/464 446/3/465
f 446/3/465 422/3/464 421/3/435 444/3/452
f 448/3/428 423/3/454 425/3/466 449/3/467
f 449/5/467 425/5/466 424/5/423 447/5/422
f 451/3/424 426/3/417 428/3/468 452/3/469
f 452/3/469 428/3/468 427/3/443 450/3/442
f 454/3/408 429/3/444 431/3/470 455/3/471
f 455/3/471 431/3/470 430/3/446 453/3/445
f 420/3/427 433/3/426 434/3/457 422/3/464
f 422/3/464 434/3/457 432/3/434 421/3/435
f 423/3/431 436/3/430 437/3/459 425/3/472
f 425/3/472 437/3/459 435/3/448 424/3/455
f 426/3/417 439/3/416 440/3/461 428/3/468
f 428/3/468 440/3/461 438/3/450 427/3/443
f 429/3/411 442/3/410 443/3/463 431/3/473
f 431/3/473 443/3/463 441/3/439 430/3/438
f 414/3/433 445/3/432 446/3/465 416/3/462
f 416/3/462 446/3/465 444/3/452 415/3/453
f 408/3/429 448/3/428 449/3/467 410/3/456
f 410/5/456 449/5/467 447/5/422 409/5/447
f 411/3/425 451/3/424 452/3/469 413/3/458
f 413/3/458 452/3/469 450/3/442 412/3/449
f 417/3/409 454/3/408 455/3/471 419/3/460
f 419/3/460 455/3/471 453/3/445 418/3/451
f 383/3/402 374/3/404 408/3/429 433/3/426
f 480/3/474 472/3/475 459/3/476 467/3/477
f 479/3/478 468/3/479 463/3/480 473/3/481
f 478/3/482 475/3/483 464/3/484 474/3/485
f 477/3/486 476/3/487 462/3/488 471/3/489
f 474/3/485 464/3/484 476/3/487 477/3/486
f 461/3/490 474/3/485 477/3/486 466/3/491
f 466/3/491 477/3/486 471/3/489 457/3/492
f 465/3/493 460/3/494 475/3/483 478/3/482
f 456/3/495 465/3/493 478/3/482 470/3/496
f 470/3/496 478/3/482 474/3/485 461/3/490
f 469/3/497 458/3/498 468/3/479 479/3/478
f 460/3/494 469/3/497 479/3/478 475/3/483
f 475/3/483 479/3/478 473/3/481 464/3/484
f 473/3/481 463/3/480 472/3/475 480/3/474
f 464/3/484 473/3/481 480/3/474 476/3/487
f 476/3/487 480/3/474 467/3/477 462/3/488
f 459/3/476 472/3/475 536/3/499 499/3/500
f 463/3/480 468/3/479 524/3/501 511/3/502
f 487/5/503 483/5/504 481/5/505 484/5/506
f 462/3/488 467/3/477 521/3/507 508/3/508
f 483/3/509 486/3/510 485/3/511 481/3/512
f 529/5/513 506/5/514 483/5/504 487/5/503
f 457/3/492 471/3/489 533/3/515 493/3/516
f 460/3/494 465/3/493 515/3/517 502/3/518
f 456/3/495 470/3/496 530/3/519 490/3/520
f 461/3/490 466/3/491 518/3/521 505/3/522
f 458/3/498 469/3/497 527/3/523 496/3/524
f 514/5/525 487/5/503 484/5/506 503/5/526
f 484/5/506 481/5/505 482/5/527 488/5/528
f 488/5/528 482/5/527 512/5/529 523/5/530
f 481/3/512 485/3/511 489/3/531 482/3/532
f 486/3/510 532/3/533 509/3/534 485/3/511
f 472/3/475 463/3/480 511/3/535 536/3/499
f 482/3/532 489/3/531 535/3/536 512/3/537
f 491/5/538 529/5/513 487/5/503 514/5/525
f 517/3/539 494/3/540 532/3/533 486/3/510
f 467/3/477 459/3/476 499/3/500 521/3/507
f 489/3/531 520/3/541 500/3/542 535/3/536
f 466/3/491 457/3/492 493/3/516 518/3/521
f 526/5/543 488/5/528 523/5/530 497/5/544
f 468/3/479 458/3/498 496/3/524 524/3/501
f 503/5/526 484/5/506 488/5/528 526/5/543
f 469/3/497 460/3/494 502/3/518 527/3/523
f 470/3/496 461/3/490 505/3/545 530/3/519
f 506/3/546 517/3/539 486/3/510 483/3/509
f 471/3/489 462/3/488 508/3/508 533/3/515
f 485/3/511 509/3/534 520/3/541 489/3/531
f 515/3/517 490/3/520 492/3/547 516/3/548
f 516/3/548 492/3/547 491/3/538 514/3/525
f 518/3/521 493/3/516 495/3/549 519/3/550
f 519/3/550 495/3/549 494/3/540 517/3/539
f 521/3/507 499/3/500 501/3/551 522/3/552
f 522/3/552 501/3/551 500/3/542 520/3/541
f 524/3/501 496/3/524 498/3/553 525/3/554
f 525/3/554 498/3/553 497/3/544 523/3/530
f 527/3/523 502/3/518 504/3/555 528/3/556
f 528/3/556 504/3/555 503/3/526 526/3/543
f 530/3/519 505/3/545 507/3/557 531/3/558
f 531/5/558 507/5/557 506/5/514 529/5/513
f 533/3/515 508/3/508 510/3/559 534/3/560
f 534/3/560 510/3/559 509/3/534 532/3/533
f 536/3/499 511/3/535 513/3/561 537/3/562
f 537/3/562 513/3/561 512/3/537 535/3/536
f 502/3/518 515/3/517 516/3/548 504/3/555
f 504/3/555 516/3/548 514/3/525 503/3/526
f 505/3/522 518/3/521 519/3/550 507/3/563
f 507/3/563 519/3/550 517/3/539 506/3/546
f 508/3/508 521/3/507 522/3/552 510/3/559
f 510/3/559 522/3/552 520/3/541 509/3/534
f 511/3/502 524/3/501 525/3/554 513/3/564
f 513/3/564 525/3/554 523/3/530 512/3/529
f 496/3/524 527/3/523 528/3/556 498/3/553
f 498/3/553 528/3/556 526/3/543 497/3/544
f 490/3/520 530/3/519 531/3/558 492/3/547
f 492/5/547 531/5/558 529/5/513 491/5/538
f 493/3/516 533/3/515 534/3/560 495/3/549
f 495/3/549 534/3/560 532/3/533 494/3/540
f 499/3/500 536/3/499 537/3/562 501/3/551
f 501/3/551 537/3/562 535/3/536 500/3/542
f 465/3/493 456/3/495 490/3/520 515/3/517
f 560/6/565 581/6/566 584/6/567 566/6/568
f 575/6/569 557/6/570 551/6/571 572/6/572
f 542/6/573 563/6/574 578/6/575 548/6/576
f 545/6/577 572/6/572 551/6/571 539/6/578
f 547/6/579 577/6/580 583/6/581 580/6/582 568/6/583 574/6/584 571/6/585 544/6/586
f 566/6/568 584/6/567 578/6/575 563/6/574
f 581/6/566 560/6/565 554/6/587 569/6/588
f 569/6/588 554/6/587 557/6/570 575/6/569
f 538/6/589 550/6/590 556/6/591 553/6/592 559/6/593 565/6/594 562/6/595 541/6/596
f 565/6/594 559/6/593 561/6/597 567/6/598
f 567/6/598 561/6/597 560/6/565 566/6/568
f 580/6/582 583/6/581 585/6/599 582/6/600
f 582/6/600 585/6/599 584/6/567 581/6/566
f 562/6/595 565/6/594 567/6/598 564/6/601
f 564/6/601 567/6/598 566/6/568 563/6/574
f 583/6/581 577/6/580 579/6/602 585/6/599
f 585/6/599 579/6/602 578/6/575 584/6/567
f 574/6/584 568/6/583 570/6/603 576/6/604
f 576/6/604 570/6/603 569/6/588 575/6/569
f 553/6/592 556/6/591 558/6/605 555/6/606
f 555/6/606 558/6/605 557/6/570 554/6/587
f 571/6/585 574/6/584 576/6/604 573/6/607
f 573/6/607 576/6/604 575/6/569 572/6/572
f 556/6/591 550/6/590 552/6/608 558/6/605
f 558/6/605 552/6/608 551/6/571 557/6/570
f 544/6/586 571/6/585 573/6/607 546/6/609
f 546/6/609 573/6/607 572/6/572 545/6/577
f 550/6/590 538/6/589 540/6/610 552/6/608
f 552/6/608 540/6/610 539/6/578 551/6/571
f 554/6/587 560/6/565 561/6/597 555/6/606
f 555/6/606 561/6/597 559/6/593 553/6/592
f 563/6/574 542/6/573 543/6/611 564/6/601
f 564/6/601 543/6/611 541/6/596 562/6/595
f 568/6/583 580/6/582 582/6/600 570/6/603
f 570/6/603 582/6/600 581/6/566 569/6/588
f 577/6/580 547/6/579 549/6/612 579/6/602
f 579/6/602 549/6/612 548/6/576 578/6/575
f 610/3/613 602/3/614 589/3/615 597/3/616
f 609/3/617 598/3/618 593/3/619 603/3/620
f 608/3/621 605/3/622 594/3/623 604/3/624
f 607/3/625 606/3/626 592/3/627 601/3/628
f 604/3/624 594/3/623 606/3/626 607/3/625
f 591/3/629 604/3/624 607/3/625 596/3/630
f 596/3/630 607/3/625 601/3/628 587/3/631
f 595/3/632 590/3/633 605/3/622 608/3/621
f 586/3/634 595/3/632 608/3/621 600/3/635
f 600/3/635 608/3/621 604/3/624 591/3/629
f 599/3/636 588/3/637 598/3/618 609/3/617
f 590/3/633 599/3/636 609/3/617 605/3/622
f 605/3/622 609/3/617 603/3/620 594/3/623
f 603/3/620 593/3/619 602/3/614 610/3/613
f 594/3/623 603/3/620 610/3/613 606/3/626
f 606/3/626 610/3/613 597/3/616 592/3/627
f 589/3/615 602/3/614 666/3/638 629/3/639
f 593/3/619 598/3/618 654/3/640 641/3/641
f 617/3/642 613/3/643 611/3/644 614/3/645
f 592/3/627 597/3/616 651/3/646 638/3/647
f 613/5/648 616/5/649 615/5/650 611/5/651
f 659/3/652 636/3/653 613/3/643 617/3/642
f 587/3/631 601/3/628 663/3/654 623/3/655
f 590/3/633 595/3/632 645/3/656 632/3/657
f 586/3/634 600/3/635 660/3/658 620/3/659
f 591/3/629 596/3/630 648/3/660 635/3/661
f 588/3/637 599/3/636 657/3/662 626/3/663
f 644/3/664 617/3/642 614/3/645 633/3/665
f 614/3/645 611/3/644 612/3/666 618/3/667
f 618/3/667 612/3/666 642/3/668 653/3/669
f 611/5/651 615/5/650 619/5/670 612/5/671
f 616/5/649 662/5/672 639/5/673 615/5/650
f 602/3/614 593/3/619 641/3/674 666/3/638
f 612/5/671 619/5/670 665/5/675 642/5/676
f 621/3/677 659/3/652 617/3/642 644/3/664
f 647/5/678 624/5/679 662/5/672 616/5/649
f 597/3/616 589/3/615 629/3/639 651/3/646
f 619/5/670 650/5/680 630/5/681 665/5/675
f 596/3/630 587/3/631 623/3/655 648/3/660
f 656/3/682 618/3/667 653/3/669 627/3/683
f 598/3/618 588/3/637 626/3/663 654/3/640
f 633/3/665 614/3/645 618/3/667 656/3/682
f 599/3/636 590/3/633 632/3/657 657/3/662
f 600/3/635 591/3/629 635/3/684 660/3/658
f 636/5/685 647/5/678 616/5/649 613/5/648
f 601/3/628 592/3/627 638/3/647 663/3/654
f 615/5/650 639/5/673 650/5/680 619/5/670
f 645/3/656 620/3/659 622/3/686 646/3/687
f 646/3/687 622/3/686 621/3/677 644/3/664
f 648/3/660 623/3/655 625/3/688 649/3/689
f 649/5/689 625/5/688 624/5/679 647/5/678
f 651/3/646 629/3/639 631/3/690 652/3/691
f 652/3/691 631/3/690 630/3/681 650/3/680
f 654/3/640 626/3/663 628/3/692 655/3/693
f 655/3/693 628/3/692 627/3/683 653/3/669
f 657/3/662 632/3/657 634/3/694 658/3/695
f 658/3/695 634/3/694 633/3/665 656/3/682
f 660/3/658 635/3/684 637/3/696 661/3/697
f 661/3/697 637/3/696 636/3/653 659/3/652
f 663/3/654 638/3/647 640/3/698 664/3/699
f 664/3/699 640/3/698 639/3/673 662/3/672
f 666/3/638 641/3/674 643/3/700 667/3/701
f 667/3/701 643/3/700 642/3/676 665/3/675
f 632/3/657 645/3/656 646/3/687 634/3/694
f 634/3/694 646/3/687 644/3/664 633/3/665
f 635/5/661 648/5/660 649/5/689 637/5/702
f 637/5/702 649/5/689 647/5/678 636/5/685
f 638/3/647 651/3/646 652/3/691 640/3/698
f 640/3/698 652/3/691 650/3/680 639/3/673
f 641/3/641 654/3/640 655/3/693 643/3/703
f 643/3/703 655/3/693 653/3/669 642/3/668
f 626/3/663 657/3/662 658/3/695 628/3/692
f 628/3/692 658/3/695 656/3/682 627/3/683
f 620/3/659 660/3/658 661/3/697 622/3/686
f 622/3/686 661/3/697 659/3/652 621/3/677
f 623/3/655 663/3/654 664/3/699 625/3/688
f 625/3/688 664/3/699 662/3/672 624/3/679
f 629/3/639 666/3/638 667/3/701 631/3/690
f 631/3/690 667/3/701 665/3/675 630/3/681
f 595/3/632 586/3/634 620/3/659 645/3/656
f 692/3/704 684/3/705 671/3/706 679/3/707
f 691/3/708 680/3/709 675/3/710 685/3/711
f 690/3/712 687/3/713 676/3/714 686/3/715
f 689/3/716 688/3/717 674/3/718 683/3/719
f 686/3/715 676/3/714 688/3/717 689/3/716
f 673/3/720 686/3/715 689/3/716 678/3/721
f 678/3/721 689/3/716 683/3/719 669/3/722
f 677/3/723 672/3/724 687/3/713 690/3/712
f 668/3/725 677/3/723 690/3/712 682/3/726
f 682/3/726 690/3/712 686/3/715 673/3/720
f 681/3/727 670/3/728 680/3/709 691/3/708
f 672/3/724 681/3/727 691/3/708 687/3/713
f 687/3/713 691/3/708 685/3/711 676/3/714
f 685/3/711 675/3/710 684/3/705 692/3/704
f 676/3/714 685/3/711 692/3/704 688/3/717
f 688/3/717 692/3/704 679/3/707 674/3/718
f 671/3/706 684/3/705 748/3/729 711/3/730
f 675/3/710 680/3/709 736/3/731 723/3/732
f 699/5/733 695/5/734 693/5/735 696/5/736
f 674/3/718 679/3/707 733/3/737 720/3/738
f 695/3/739 698/3/740 697/3/741 693/3/742
f 741/5/743 718/5/744 695/5/734 699/5/733
f 669/3/722 683/3/719 745/3/745 705/3/746
f 672/3/724 677/3/723 727/3/747 714/3/748
f 668/3/725 682/3/726 742/3/749 702/3/750
f 673/3/720 678/3/721 730/3/751 717/3/752
f 670/3/728 681/3/727 739/3/753 708/3/754
f 726/5/755 699/5/733 696/5/736 715/5/756
f 696/5/736 693/5/735 694/5/757 700/5/758
f 700/5/758 694/5/757 724/5/759 735/5/760
f 693/3/742 697/3/741 701/3/761 694/3/762
f 698/3/740 744/3/763 721/3/764 697/3/741
f 684/3/705 675/3/710 723/3/765 748/3/729
f 694/3/762 701/3/761 747/3/766 724/3/767
f 703/5/768 741/5/743 699/5/733 726/5/755
f 729/3/769 706/3/770 744/3/763 698/3/740
f 679/3/707 671/3/706 711/3/730 733/3/737
f 701/3/761 732/3/771 712/3/772 747/3/766
f 678/3/721 669/3/722 705/3/746 730/3/751
f 738/5/773 700/5/758 735/5/760 709/5/774
f 680/3/709 670/3/728 708/3/754 736/3/731
f 715/5/756 696/5/736 700/5/758 738/5/773
f 681/3/727 672/3/724 714/3/748 739/3/753
f 682/3/726 673/3/720 717/3/775 742/3/749
f 718/3/776 729/3/769 698/3/740 695/3/739
f 683/3/719 674/3/718 720/3/738 745/3/745
f 697/3/741 721/3/764 732/3/771 701/3/761
f 727/3/747 702/3/750 704/3/777 728/3/778
f 728/3/778 704/3/777 703/3/768 726/3/755
f 730/3/751 705/3/746 707/3/779 731/3/780
f 731/3/780 707/3/779 706/3/770 729/3/769
f 733/3/737 711/3/730 713/3/781 734/3/782
f 734/3/782 713/3/781 712/3/772 732/3/771
f 736/3/731 708/3/754 710/3/783 737/3/784
f 737/3/784 710/3/783 709/3/774 735/3/760
f 739/3/753 714/3/748 716/3/785 740/3/786
f 740/3/786 716/3/785 715/3/756 738/3/773
f 742/3/749 717/3/775 719/3/787 743/3/788
f 743/5/788 719/5/787 718/5/744 741/5/743
f 745/3/745 720/3/738 722/3/789 746/3/790
f 746/3/790 722/3/789 721/3/764 744/3/763
f 748/3/729 723/3/765 725/3/791 749/3/792
f 749/3/792 725/3/791 724/3/767 747/3/766
f 714/3/748 727/3/747 728/3/778 716/3/785
f 716/3/785 728/3/778 726/3/755 715/3/756
f 717/3/752 730/3/751 731/3/780 719/3/793
f 719/3/793 731/3/780 729/3/769 718/3/776
f 720/3/738 733/3/737 734/3/782 722/3/789
f 722/3/789 734/3/782 732/3/771 721/3/764
f 723/3/732 736/3/731 737/3/784 725/3/794
f 725/3/794 737/3/784 735/3/760 724/3/759
f 708/3/754 739/3/753 740/3/786 710/3/783
f 710/3/783 740/3/786 738/3/773 709/3/774
f 702/3/750 742/3/749 743/3/788 704/3/777
f 704/5/777 743/5/788 741/5/743 703/5/768
f 705/3/746 745/3/745 746/3/790 707/3/779
f 707/3/779 746/3/790 744/3/763 706/3/770
f 711/3/730 748/3/729 749/3/792 713/3/781
f 713/3/781 749/3/792 747/3/766 712/3/772
f 677/3/723 668/3/725 702/3/750 727/3/747
f 774/3/795 766/3/796 753/3/797 761/3/798
f 773/3/799 762/3/800 757/3/801 767/3/802
f 772/3/803 769/3/804 758/3/805 768/3/806
f 771/3/807 770/3/808 756/3/809 765/3/810
f 768/3/806 758/3/805 770/3/808 771/3/807
f 755/3/811 768/3/806 771/3/807 760/3/812
f 760/3/812 771/3/807 765/3/810 751/3/813
f 759/3/814 754/3/815 769/3/804 772/3/803
f 750/3/816 759/3/814 772/3/803 764/3/817
f 764/3/817 772/3/803 768/3/806 755/3/811
f 763/3/818 752/3/819 762/3/800 773/3/799
f 754/3/815 763/3/818 773/3/799 769/3/804
f 769/3/804 773/3/799 767/3/802 758/3/805
f 767/3/802 757/3/801 766/3/796 774/3/795
f 758/3/805 767/3/802 774/3/795 770/3/808
f 770/3/808 774/3/795 761/3/798 756/3/809
f 753/3/797 766/3/796 830/3/820 793/3/821
f 757/3/801 762/3/800 818/3/822 805/3/823
f 781/5/824 777/5/825 775/5/826 778/5/827
f 756/3/809 761/3/798 815/3/828 802/3/829
f 777/3/830 780/3/831 779/3/832 775/3/833
f 823/5/834 800/5/835 777/5/825 781/5/824
f 751/3/813 765/3/810 827/3/836 787/3/837
f 754/3/815 759/3/814 809/3/838 796/3/839
f 750/3/816 764/3/817 824/3/840 784/3/841
f 755/3/811 760/3/812 812/3/842 799/3/843
f 752/3/819 763/3/818 821/3/844 790/3/845
f 808/5/846 781/5/824 778/5/827 797/5/847
f 778/5/827 775/5/826 776/5/848 782/5/849
f 782/5/849 776/5/848 806/5/850 817/5/851
f 775/3/833 779/3/832 783/3/852 776/3/853
f 780/3/831 826/3/854 803/3/855 779/3/832
f 766/3/796 757/3/801 805/3/856 830/3/820
f 776/3/853 783/3/852 829/3/857 806/3/858
f 785/5/859 823/5/834 781/5/824 808/5/846
f 811/3/860 788/3/861 826/3/854 780/3/831
f 761/3/798 753/3/797 793/3/821 815/3/828
f 783/3/852 814/3/862 794/3/863 829/3/857
f 760/3/812 751/3/813 787/3/837 812/3/842
f 820/5/864 782/5/849 817/5/851 791/5/865
f 762/3/800 752/3/819 790/3/845 818/3/822
f 797/5/847 778/5/827 782/5/849 820/5/864
f 763/3/818 754/3/815 796/3/839 821/3/844
f 764/3/817 755/3/811 799/3/866 824/3/840
f 800/3/867 811/3/860 780/3/831 777/3/830
f 765/3/810 756/3/809 802/3/829 827/3/836
f 779/3/832 803/3/855 814/3/862 783/3/852
f 809/3/838 784/3/841 786/3/868 810/3/869
f 810/5/869 786/5/868 785/5/859 808/5/846
f 812/3/842 787/3/837 789/3/870 813/3/871
f 813/3/871 789/3/870 788/3/861 811/3/860
f 815/3/828 793/3/821 795/3/872 816/3/873
f 816/3/873 795/3/872 794/3/863 814/3/862
f 818/3/822 790/3/845 792/3/874 819/3/875
f 819/5/875 792/5/874 791/5/865 817/5/851
f 821/3/844 796/3/839 798/3/876 822/3/877
f 822/5/877 798/5/876 797/5/847 820/5/864
f 824/3/840 799/3/866 801/3/878 825/3/879
f 825/5/879 801/5/878 800/5/835 823/5/834
f 827/3/836 802/3/829 804/3/880 828/3/881
f 828/3/881 804/3/880 803/3/855 826/3/854
f 830/3/820 805/3/856 807/3/882 831/3/883
f 831/3/883 807/3/882 806/3/858 829/3/857
f 796/3/839 809/3/838 810/3/869 798/3/876
f 798/5/876 810/5/869 808/5/846 797/5/847
f 799/3/843 812/3/842 813/3/871 801/3/884
f 801/3/884 813/3/871 811/3/860 800/3/867
f 802/3/829 815/3/828 816/3/873 804/3/880
f 804/3/880 816/3/873 814/3/862 803/3/855
f 805/3/823 818/3/822 819/3/875 807/3/885
f 807/5/885 819/5/875 817/5/851 806/5/850
f 790/3/845 821/3/844 822/3/877 792/3/874
f 792/5/874 822/5/877 820/5/864 791/5/865
f 784/3/841 824/3/840 825/3/879 786/3/868
f 786/5/868 825/5/879 823/5/834 785/5/859
f 787/3/837 827/3/836 828/3/881 789/3/870
f 789/3/870 828/3/881 826/3/854 788/3/861
f 793/3/821 830/3/820 831/3/883 795/3/872
f 795/3/872 831/3/883 829/3/857 794/3/863
f 759/3/814 750/3/816 784/3/841 809/3/838
f 856/3/886 848/3/887 835/3/888 843/3/889
f 855/3/890 844/3/891 839/3/892 849/3/893
f 854/3/894 851/3/895 840/3/896 850/3/897
f 853/3/898 852/3/899 838/3/900 847/3/901
f 850/3/897 840/3/896 852/3/899 853/3/898
f 837/3/902 850/3/897 853/3/898 842/3/903
f 842/3/903 853/3/898 847/3/901 833/3/904
f 841/3/905 836/3/906 851/3/895 854/3/894
f 832/3/907 841/3/905 854/3/894 846/3/908
f 846/3/908 854/3/894 850/3/897 837/3/902
f 845/3/909 834/3/910 844/3/891 855/3/890
f 836/3/906 845/3/909 855/3/890 851/3/895
f 851/3/895 855/3/890 849/3/893 840/3/896
f 849/3/893 839/3/892 848/3/887 856/3/886
f 840/3/896 849/3/893 856/3/886 852/3/899
f 852/3/899 856/3/886 843/3/889 838/3/900
f 835/3/888 848/3/887 912/3/911 875/3/912
f 839/3/892 844/3/891 900/3/913 887/3/914
f 863/3/915 859/3/916 857/3/917 860/3/918
f 838/3/900 843/3/889 897/3/919 884/3/920
f 859/5/921 862/5/922 861/5/923 857/5/924
f 905/3/925 882/3/926 859/3/916 863/3/915
f 833/3/904 847/3/901 909/3/927 869/3/928
f 836/3/906 841/3/905 891/3/929 878/3/930
f 832/3/907 846/3/908 906/3/931 866/3/932
f 837/3/902 842/3/903 894/3/933 881/3/934
f 834/3/910 845/3/909 903/3/935 872/3/936
f 890/3/937 863/3/915 860/3/918 879/3/938
f 860/3/918 857/3/917 858/3/939 864/3/940
f 864/3/940 858/3/939 888/3/941 899/3/942
f 857/5/924 861/5/923 865/5/943 858/5/944
f 862/5/922 908/5/945 885/5/946 861/5/923
f 848/3/887 839/3/892 887/3/947 912/3/911
f 858/5/944 865/5/943 911/5/948 888/5/949
f 867/3/950 905/3/925 863/3/915 890/3/937
f 893/5/951 870/5/952 908/5/945 862/5/922
f 843/3/889 835/3/888 875/3/912 897/3/919
f 865/5/943 896/5/953 876/5/954 911/5/948
f 842/3/903 833/3/904 869/3/928 894/3/933
f 902/3/955 864/3/940 899/3/942 873/3/956
f 844/3/891 834/3/910 872/3/936 900/3/913
f 879/3/938 860/3/918 864/3/940 902/3/955
f 845/3/909 836/3/906 878/3/930 903/3/935
f 846/3/908 837/3/902 881/3/957 906/3/931
f 882/5/958 893/5/951 862/5/922 859/5/921
f 847/3/901 838/3/900 884/3/920 909/3/927
f 861/5/923 885/5/946 896/5/953 865/5/943
f 891/3/929 866/3/932 868/3/959 892/3/960
f 892/3/960 868/3/959 867/3/950 890/3/937
f 894/5/933 869/5/928 871/5/961 895/5/962
f 895/5/962 871/5/961 870/5/952 893/5/951
f 897/3/919 875/3/912 877/3/963 898/3/964
f 898/3/964 877/3/963 876/3/954 896/3/953
f 900/3/913 872/3/936 874/3/965 901/3/966
f 901/3/966 874/3/965 873/3/956 899/3/942
f 903/3/935 878/3/930 880/3/967 904/3/968
f 904/3/968 880/3/967 879/3/938 902/3/955
f 906/3/931 881/3/957 883/3/969 907/3/970
f 907/3/970 883/3/969 882/3/926 905/3/925
f 909/3/927 884/3/920 886/3/971 910/3/972
f 910/3/972 886/3/971 885/3/946 908/3/945
f 912/3/911 887/3/947 889/3/973 913/3/974
f 913/3/974 889/3/973 888/3/949 911/3/948
f 878/3/930 891/3/929 892/3/960 880/3/967
f 880/3/967 892/3/960 890/3/937 879/3/938
f 881/5/934 894/5/933 895/5/962 883/5/975
f 883/5/975 895/5/962 893/5/951 882/5/958
f 884/3/920 897/3/919 898/3/964 886/3/971
f 886/3/971 898/3/964 896/3/953 885/3/946
f 887/3/914 900/3/913 901/3/966 889/3/976
f 889/3/976 901/3/966 899/3/942 888/3/941
f 872/3/936 903/3/935 904/3/968 874/3/965
f 874/3/965 904/3/968 902/3/955 873/3/956
f 866/3/932 906/3/931 907/3/970 868/3/959
f 868/3/959 907/3/970 905/3/925 867/3/950
f 869/3/928 909/3/927 910/3/972 871/3/961
f 871/3/961 910/3/972 908/3/945 870/3/952
f 875/3/912 912/3/911 913/3/974 877/3/963
f 877/3/963 913/3/974 911/3/948 876/3/954
f 841/3/905 832/3/907 866/3/932 891/3/929
f 938/3/977 930/3/978 917/3/979 925/3/980
f 937/3/981 926/3/982 921/3/983 931/3/984
f 936/3/985 933/3/986 922/3/987 932/3/988
f 935/3/989 934/3/990 920/3/991 929/3/992
f 932/3/988 922/3/987 934/3/990 935/3/989
f 919/3/993 932/3/988 935/3/989 924/3/994
f 924/3/994 935/3/989 929/3/992 915/3/995
f 923/3/996 918/3/997 933/3/986 936/3/985
f 914/3/998 923/3/996 936/3/985 928/3/999
f 928/3/999 936/3/985 932/3/988 919/3/993
f 927/3/1000 916/3/1001 926/3/982 937/3/981
f 918/3/997 927/3/1000 937/3/981 933/3/986
f 933/3/986 937/3/981 931/3/984 922/3/987
f 931/3/984 921/3/983 930/3/978 938/3/977
f 922/3/987 931/3/984 938/3/977 934/3/990
f 934/3/990 938/3/977 925/3/980 920/3/991
f 917/3/979 930/3/978 994/3/1002 957/3/1003
f 921/3/983 926/3/982 982/3/1004 969/3/1005
f 945/3/1006 941/3/1007 939/3/1008 942/3/1009
f 920/3/991 925/3/980 979/3/1010 966/3/1011
f 941/5/1012 944/5/1013 943/5/1014 939/5/1015
f 987/3/1016 964/3/1017 941/3/1007 945/3/1006
f 915/3/995 929/3/992 991/3/1018 951/3/1019
f 918/3/997 923/3/996 973/3/1020 960/3/1021
f 914/3/998 928/3/999 988/3/1022 948/3/1023
f 919/3/993 924/3/994 976/3/1024 963/3/1025
f 916/3/1001 927/3/1000 985/3/1026 954/3/1027
f 972/3/1028 945/3/1006 942/3/1009 961/3/1029
f 942/3/1009 939/3/1008 940/3/1030 946/3/1031
f 946/3/1031 940/3/1030 970/3/1032 981/3/1033
f 939/5/1015 943/5/1014 947/5/1034 940/5/1035
f 944/5/1013 990/5/1036 967/5/1037 943/5/1014
f 930/3/978 921/3/983 969/3/1038 994/3/1002
f 940/5/1035 947/5/1034 993/5/1039 970/5/1040
f 949/3/1041 987/3/1016 945/3/1006 972/3/1028
f 975/5/1042 952/5/1043 990/5/1036 944/5/1013
f 925/3/980 917/3/979 957/3/1003 979/3/1010
f 947/5/1034 978/5/1044 958/5/1045 993/5/1039
f 924/3/994 915/3/995 951/3/1019 976/3/1024
f 984/3/1046 946/3/1031 981/3/1033 955/3/1047
f 926/3/982 916/3/1001 954/3/1027 982/3/1004
f 961/3/1029 942/3/1009 946/3/1031 984/3/1046
f 927/3/1000 918/3/997 960/3/1021 985/3/1026
f 928/3/999 919/3/993 963/3/1048 988/3/1022
f 964/5/1049 975/5/1042 944/5/1013 941/5/1012
f 929/3/992 920/3/991 966/3/1011 991/3/1018
f 943/5/1014 967/5/1037 978/5/1044 947/5/1034
f 973/3/1020 948/3/1023 950/3/1050 974/3/1051
f 974/3/1051 950/3/1050 949/3/1041 972/3/1028
f 976/5/1024 951/5/1019 953/5/1052 977/5/1053
f 977/5/1053 953/5/1052 952/5/1043 975/5/1042
f 979/3/1010 957/3/1003 959/3/1054 980/3/1055
f 980/3/1055 959/3/1054 958/3/1045 978/3/1044
f 982/3/1004 954/3/1027 956/3/1056 983/3/1057
f 983/3/1057 956/3/1056 955/3/1047 981/3/1033
f 985/3/1026 960/3/1021 962/3/1058 986/3/1059
f 986/3/1059 962/3/1058 961/3/1029 984/3/1046
f 988/3/1022 963/3/1048 965/3/1060 989/3/1061
f 989/3/1061 965/3/1060 964/3/1017 987/3/1016
f 991/3/1018 966/3/1011 968/3/1062 992/3/1063
f 992/3/1063 968/3/1062 967/3/1037 990/3/1036
f 994/3/1002 969/3/1038 971/3/1064 995/3/1065
f 995/3/1065 971/3/1064 970/3/1040 993/3/1039
f 960/3/1021 973/3/1020 974/3/1051 962/3/1058
f 962/3/1058 974/3/1051 972/3/1028 961/3/1029
f 963/5/1025 976/5/1024 977/5/1053 965/5/1066
f 965/5/1066 977/5/1053 975/5/1042 964/5/1049
f 966/3/1011 979/3/1010 980/3/1055 968/3/1062
f 968/3/1062 980/3/1055 978/3/1044 967/3/1037
f 969/3/1005 982/3/1004 983/3/1057 971/3/1067
f 971/3/1067 983/3/1057 981/3/1033 970/3/1032
f 954/3/1027 985/3/1026 986/3/1059 956/3/1056
f 956/3/1056 986/3/1059 984/3/1046 955/3/1047
f 948/3/1023 988/3/1022 989/3/1061 950/3/1050
f 950/3/1050 989/3/1061 987/3/1016 949/3/1041
f 951/3/1019 991/3/1018 992/3/1063 953/3/1052
f 953/3/1052 992/3/1063 990/3/1036 952/3/1043
f 957/3/1003 994/3/1002 995/3/1065 959/3/1054
f 959/3/1054 995/3/1065 993/3/1039 958/3/1045
f 923/3/996 914/3/998 948/3/1023 973/3/1020
f 1020/3/1068 1012/3/1069 999/3/1070 1007/3/1071
f 1019/3/1072 1008/3/1073 1003/3/1074 1013/3/1075
f 1018/3/1076 1015/3/1077 1004/3/1078 1014/3/1079
f 1017/3/1080 1016/3/1081 1002/3/1082 1011/3/1083
f 1014/3/1079 1004/3/1078 1016/3/1081 1017/3/1080
f 1001/3/1084 1014/3/1079 1017/3/1080 1006/3/1085
f 1006/3/1085 1017/3/1080 1011/3/1083 997/3/1086
f 1005/3/1087 1000/3/1088 1015/3/1077 1018/3/1076
f 996/3/1089 1005/3/1087 1018/3/1076 1010/3/1090
f 1010/3/1090 1018/3/1076 1014/3/1079 1001/3/1084
f 1009/3/1091 998/3/1092 1008/3/1073 1019/3/1072
f 1000/3/1088 1009/3/1091 1019/3/1072 1015/3/1077
f 1015/3/1077 1019/3/1072 1013/3/1075 1004/3/1078
f 1013/3/1075 1003/3/1074 1012/3/1069 1020/3/1068
f 1004/3/1078 1013/3/1075 1020/3/1068 1016/3/1081
f 1016/3/1081 1020/3/1068 1007/3/1071 1002/3/1082
f 999/3/1070 1012/3/1069 1076/3/1093 1039/3/1094
f 1003/3/1074 1008/3/1073 1064/3/1095 1051/3/1096
f 1027/3/1097 1023/3/1098 1021/3/1099 1024/3/1100
f 1002/3/1082 1007/3/1071 1061/3/1101 1048/3/1102
f 1023/5/1103 1026/5/1104 1025/5/1105 1021/5/1106
f 1069/3/1107 1046/3/1108 1023/3/1098 1027/3/1097
f 997/3/1086 1011/3/1083 1073/3/1109 1033/3/1110
f 1000/3/1088 1005/3/1087 1055/3/1111 1042/3/1112
f 996/3/1089 1010/3/1090 1070/3/1113 1030/3/1114
f 1001/3/1084 1006/3/1085 1058/3/1115 1045/3/1116
f 998/3/1092 1009/3/1091 1067/3/1117 1036/3/1118
f 1054/3/1119 1027/3/1097 1024/3/1100 1043/3/1120
f 1024/3/1100 1021/3/1099 1022/3/1121 1028/3/1122
f 1028/3/1122 1022/3/1121 1052/3/1123 1063/3/1124
f 1021/5/1106 1025/5/1105 1029/5/1125 1022/5/1126
f 1026/5/1104 1072/5/1127 1049/5/1128 1025/5/1105
f 1012/3/1069 1003/3/1074 1051/3/1129 1076/3/1093
f 1022/5/1126 1029/5/1125 1075/5/1130 1052/5/1131
f 1031/3/1132 1069/3/1107 1027/3/1097 1054/3/1119
f 1057/5/1133 1034/5/1134 1072/5/1127 1026/5/1104
f 1007/3/1071 999/3/1070 1039/3/1094 1061/3/1101
f 1029/5/1125 1060/5/1135 1040/5/1136 1075/5/1130
f 1006/3/1085 997/3/1086 1033/3/1110 1058/3/1115
f 1066/3/1137 1028/3/1122 1063/3/1124 1037/3/1138
f 1008/3/1073 998/3/1092 1036/3/1118 1064/3/1095
f 1043/3/1120 1024/3/1100 1028/3/1122 1066/3/1137
f 1009/3/1091 1000/3/1088 1042/3/1112 1067/3/1117
f 1010/3/1090 1001/3/1084 1045/3/1139 1070/3/1113
f 1046/5/1140 1057/5/1133 1026/5/1104 1023/5/1103
f 1011/3/1083 1002/3/1082 1048/3/1102 1073/3/1109
f 1025/5/1105 1049/5/1128 1060/5/1135 1029/5/1125
f 1055/3/1111 1030/3/1114 1032/3/1141 1056/3/1142
f 1056/3/1142 1032/3/1141 1031/3/1132 1054/3/1119
f 1058/3/1115 1033/3/1110 1035/3/1143 1059/3/1144
f 1059/5/1144 1035/5/1143 1034/5/1134 1057/5/1133
f 1061/3/1101 1039/3/1094 1041/3/1145 1062/3/1146
f 1062/3/1146 1041/3/1145 1040/3/1136 1060/3/1135
f 1064/3/1095 1036/3/1118 1038/3/1147 1065/3/1148
f 1065/3/1148 1038/3/1147 1037/3/1138 1063/3/1124
f 1067/3/1117 1042/3/1112 1044/3/1149 1068/3/1150
f 1068/3/1150 1044/3/1149 1043/3/1120 1066/3/1137
f 1070/3/1113 1045/3/1139 1047/3/1151 1071/3/1152
f 1071/3/1152 1047/3/1151 1046/3/1108 1069/3/1107
f 1073/3/1109 1048/3/1102 1050/3/1153 1074/3/1154
f 1074/3/1154 1050/3/1153 1049/3/1128 1072/3/1127
f 1076/3/1093 1051/3/1129 1053/3/1155 1077/3/1156
f 1077/3/1156 1053/3/1155 1052/3/1131 1075/3/1130
f 1042/3/1112 1055/3/1111 1056/3/1142 1044/3/1149
f 1044/3/1149 1056/3/1142 1054/3/1119 1043/3/1120
f 1045/3/1116 1058/3/1115 1059/3/1144 1047/3/1157
f 1047/5/1157 1059/5/1144 1057/5/1133 1046/5/1140
f 1048/3/1102 1061/3/1101 1062/3/1146 1050/3/1153
f 1050/3/1153 1062/3/1146 1060/3/1135 1049/3/1128
f 1051/3/1096 1064/3/1095 1065/3/1148 1053/3/1158
f 1053/3/1158 1065/3/1148 1063/3/1124 1052/3/1123
f 1036/3/1118 1067/3/1117 1068/3/1150 1038/3/1147
f 1038/3/1147 1068/3/1150 1066/3/1137 1037/3/1138
f 1030/3/1114 1070/3/1113 1071/3/1152 1032/3/1141
f 1032/3/1141 1071/3/1152 1069/3/1107 1031/3/1132
f 1033/3/1110 1073/3/1109 1074/3/1154 1035/3/1143
f 1035/3/1143 1074/3/1154 1072/3/1127 1034/3/1134
f 1039/3/1094 1076/3/1093 1077/3/1156 1041/3/1145
f 1041/3/1145 1077/3/1156 1075/3/1130 1040/3/1136
f 1005/3/1087 996/3/1089 1030/3/1114 1055/3/1111
f 1097/4/1159 1098/4/1160 1158/4/1161 1094/4/1162
f 1130/3/1163 1126/3/1164 1107/3/1165 1104/3/1166
f 1098/4/1160 1115/4/1167 1158/4/1161
f 1134/3/1168 1130/3/1163 1104/3/1166 1103/3/1169
f 1138/3/1170 1134/3/1168 1103/3/1169 1100/3/1171
f 1101/4/1172 1102/4/1173 1098/4/1160 1097/4/1159
f 1097/3/1159 1094/3/1162 1124/3/1174 1121/3/1175
f 1102/4/1173 1115/4/1167 1098/4/1160
f 1142/3/1176 1138/3/1170 1100/3/1171 1099/3/1177
f 1146/3/1178 1142/3/1176 1099/3/1177 1096/3/1179
f 1105/4/1180 1106/4/1181 1102/4/1173 1101/4/1172
f 1151/3/1182 1146/3/1178 1096/3/1179 1095/3/1183
f 1106/4/1181 1115/4/1167 1102/4/1173
f 1155/3/1184 1151/3/1182 1095/3/1183 1093/3/1185
f 1094/3/1162 1155/3/1184 1093/3/1185 1124/3/1174
f 1109/4/1186 1110/4/1187 1106/4/1181 1105/4/1180
f 1101/3/1172 1097/3/1159 1121/3/1175 1120/3/1188
f 1110/4/1187 1115/4/1167 1106/4/1181
f 1105/3/1180 1101/3/1172 1120/3/1188 1117/3/1189
f 1109/3/1186 1105/3/1180 1117/3/1189 1116/3/1190
f 1113/4/1191 1114/4/1192 1110/4/1187 1109/4/1186
f 1122/3/1193 1118/3/1194 1111/3/1195 1108/3/1196
f 1114/4/1192 1115/4/1167 1110/4/1187
f 1113/3/1191 1109/3/1186 1116/3/1190 1112/3/1197
f 1126/3/1164 1122/3/1193 1108/3/1196 1107/3/1165
f 1118/4/1194 1119/4/1198 1114/4/1192 1113/4/1191
f 1118/3/1194 1113/3/1191 1112/3/1197 1111/3/1195
f 1119/4/1198 1115/4/1167 1114/4/1192
f 1093/3/1185 1095/3/1183 1153/3/1199 1154/3/1200
f 1117/3/1189 1120/3/1188 1129/3/1201 1132/3/1202
f 1122/4/1193 1123/4/1203 1119/4/1198 1118/4/1194
f 1100/3/1171 1103/3/1169 1145/3/1204 1148/3/1205
f 1123/4/1203 1115/4/1167 1119/4/1198
f 1124/3/1174 1093/3/1185 1154/3/1200 1125/3/1206
f 1108/3/1196 1111/3/1195 1137/3/1207 1140/3/1208
f 1126/4/1164 1127/4/1209 1123/4/1203 1122/4/1193
f 1121/3/1175 1124/3/1174 1125/3/1206 1128/3/1210
f 1127/4/1209 1115/4/1167 1123/4/1203
f 1116/3/1190 1117/3/1189 1132/3/1202 1133/3/1211
f 1099/3/1177 1100/3/1171 1148/3/1205 1149/3/1212
f 1130/4/1163 1131/4/1213 1127/4/1209 1126/4/1164
f 1107/3/1165 1108/3/1196 1140/3/1208 1141/3/1214
f 1131/4/1213 1115/4/1167 1127/4/1209
f 1112/3/1197 1116/3/1190 1133/3/1211 1136/3/1215
f 1096/3/1179 1099/3/1177 1149/3/1212 1150/3/1216
f 1134/4/1168 1135/4/1217 1131/4/1213 1130/4/1163
f 1104/3/1166 1107/3/1165 1141/3/1214 1144/3/1218
f 1135/4/1217 1115/4/1167 1131/4/1213
f 1120/3/1188 1121/3/1175 1128/3/1210 1129/3/1201
f 1103/3/1169 1104/3/1166 1144/3/1218 1145/3/1204
f 1138/4/1170 1139/4/1219 1135/4/1217 1134/4/1168
f 1111/3/1195 1112/3/1197 1136/3/1215 1137/3/1207
f 1139/4/1219 1115/4/1167 1135/4/1217
f 1095/3/1183 1096/3/1179 1150/3/1216 1153/3/1199
f 1148/3/1205 1145/3/1204 1088/3/1220 1089/3/1221
f 1142/4/1176 1143/4/1222 1139/4/1219 1138/4/1170
f 1132/3/1202 1129/3/1201 1080/3/1223 1081/3/1224
f 1143/4/1222 1115/4/1167 1139/4/1219
f 1154/3/1200 1153/3/1199 1092/3/1225 1157/3/1226
f 1140/3/1208 1137/3/1207 1084/3/1227 1085/3/1228
f 1146/4/1178 1147/4/1229 1143/4/1222 1142/4/1176
f 1145/3/1204 1144/3/1218 1087/3/1230 1088/3/1220
f 1147/4/1229 1115/4/1167 1143/4/1222
f 1129/3/1201 1128/3/1210 1079/3/1231 1080/3/1223
f 1153/3/1199 1150/3/1216 1091/3/1232 1092/3/1225
f 1151/4/1182 1152/4/1233 1147/4/1229 1146/4/1178
f 1137/3/1207 1136/3/1215 1083/3/1234 1084/3/1227
f 1152/4/1233 1115/4/1167 1147/4/1229
f 1144/3/1218 1141/3/1214 1086/3/1235 1087/3/1230
f 1128/3/1210 1125/3/1206 1078/3/1236 1079/3/1231
f 1155/4/1184 1156/4/1237 1152/4/1233 1151/4/1182
f 1150/3/1216 1149/3/1212 1090/3/1238 1091/3/1232
f 1156/4/1237 1115/4/1167 1152/4/1233
f 1136/3/1215 1133/3/1211 1082/3/1239 1083/3/1234
f 1141/3/1214 1140/3/1208 1085/3/1228 1086/3/1235
f 1094/4/1162 1158/4/1161 1156/4/1237 1155/4/1184
f 1125/3/1206 1154/3/1200 1157/3/1226 1078/3/1236
f 1158/4/1161 1115/4/1167 1156/4/1237
f 1149/3/1212 1148/3/1205 1089/3/1221 1090/3/1238
f 1133/3/1211 1132/3/1202 1081/3/1224 1082/3/1239
f 1196/1/1240 1200/1/1241 1188/1/1242 1175/1/1243
f 1186/1/1244 1159/1/1245 1161/1/1246 1187/1/1247
f 1188/1/1242 1160/1/1248 1159/1/1245 1186/1/1244
f 1171/1/1249 1162/1/1250 1164/1/1251 1172/1/1252
f 1173/1/1253 1163/1/1254 1162/1/1250 1171/1/1249
f 1177/1/1255 1165/1/1256 1167/1/1257 1178/1/1258
f 1179/1/1259 1166/1/1260 1165/1/1256 1177/1/1255
f 1183/1/1261 1168/1/1262 1170/1/1263 1184/1/1264
f 1185/1/1265 1169/1/1266 1168/1/1262 1183/1/1261
f 1159/1/1245 1171/1/1249 1172/1/1252 1161/1/1246
f 1160/1/1248 1173/1/1253 1171/1/1249 1159/1/1245
f 1180/1/1267 1174/1/1268 1176/1/1269 1181/1/1270
f 1182/1/1271 1175/1/1243 1174/1/1268 1180/1/1267
f 1165/1/1256 1180/1/1267 1181/1/1270 1167/1/1257
f 1166/1/1260 1182/1/1271 1180/1/1267 1165/1/1256
f 1168/1/1262 1177/1/1255 1178/1/1258 1170/1/1263
f 1169/1/1266 1179/1/1259 1177/1/1255 1168/1/1262
f 1162/1/1250 1183/1/1261 1184/1/1264 1164/1/1251
f 1163/1/1254 1185/1/1265 1183/1/1261 1162/1/1250
f 1174/1/1268 1186/1/1244 1187/1/1247 1176/1/1269
f 1175/1/1243 1188/1/1242 1186/1/1244 1174/1/1268
f 1190/1/1272 1195/1/1273 1173/1/1253 1160/1/1248
f 1187/1/1247 1161/1/1246 1172/1/1252 1189/1/1274 1176/1/1269
f 1176/1/1269 1189/1/1274 1167/1/1257 1181/1/1270
f 1191/1/1275 1199/1/1276 1185/1/1265 1163/1/1254
f 1193/1/1277 1198/1/1278 1182/1/1271 1166/1/1260
f 1189/2/1274 1170/2/1263 1178/2/1258 1167/2/1257
f 1195/1/1273 1191/1/1275 1163/1/1254 1173/1/1253
f 1172/2/1252 1164/2/1251 1184/2/1264 1170/2/1263 1189/2/1274
f 1194/1/1279 1197/1/1280 1179/1/1259 1169/1/1266
f 1199/1/1276 1194/1/1279 1169/1/1266 1185/1/1265
f 1200/1/1241 1190/1/1272 1160/1/1248 1188/1/1242
f 1198/1/1278 1196/1/1240 1175/1/1243 1182/1/1271
f 1197/1/1280 1193/1/1277 1166/1/1260 1179/1/1259
f 1195/1/1273 1192/1/1281 1194/1/1279 1199/1/1276 1191/1/1275
f 1200/1/1241 1196/1/1240 1192/1/1281 1195/1/1273 1190/1/1272
f 1196/1/1240 1198/1/1278 1193/1/1277 1192/1/1281
f 1192/1/1281 1193/1/1277 1197/1/1280 1194/1/1279
f 1238/1/1282 1242/1/1283 1230/1/1284 1217/1/1285
f 1228/1/1286 1201/1/1287 1203/1/1288 1229/1/1289
f 1230/1/1284 1202/1/1290 1201/1/1287 1228/1/1286
f 1213/1/1291 1204/1/1292 1206/1/1293 1214/1/1294
f 1215/1/1295 1205/1/1296 1204/1/1292 1213/1/1291
f 1219/1/1297 1207/1/1298 1209/1/1299 1220/1/1300
f 1221/1/1301 1208/1/1302 1207/1/1298 1219/1/1297
f 1225/1/1303 1210/1/1304 1212/1/1305 1226/1/1306
f 1227/1/1307 1211/1/1308 1210/1/1304 1225/1/1303
f 1201/1/1287 1213/1/1291 1214/1/1294 1203/1/1288
f 1202/1/1290 1215/1/1295 1213/1/1291 1201/1/1287
f 1222/1/1309 1216/1/1310 1218/1/1311 1223/1/1312
f 1224/1/1313 1217/1/1285 1216/1/1310 1222/1/1309
f 1207/1/1298 1222/1/1309 1223/1/1312 1209/1/1299
f 1208/1/1302 1224/1/1313 1222/1/1309 1207/1/1298
f 1210/1/1304 1219/1/1297 1220/1/1300 1212/1/1305
f 1211/1/1308 1221/1/1301 1219/1/1297 1210/1/1304
f 1204/1/1292 1225/1/1303 1226/1/1306 1206/1/1293
f 1205/1/1296 1227/1/1307 1225/1/1303 1204/1/1292
f 1216/1/1310 1228/1/1286 1229/1/1289 1218/1/1311
f 1217/1/1285 1230/1/1284 1228/1/1286 1216/1/1310
f 1232/1/1314 1237/1/1315 1215/1/1295 1202/1/1290
f 1229/1/1289 1203/1/1288 1214/1/1294 1231/1/1316 1218/1/1311
f 1218/1/1311 1231/1/1316 1209/1/1299 1223/1/1312
f 1233/1/1317 1241/1/1318 1227/1/1307 1205/1/1296
f 1235/1/1319 1240/1/1320 1224/1/1313 1208/1/1302
f 1231/2/1316 1212/2/1305 1220/2/1300 1209/2/1299
f 1237/1/1315 1233/1/1317 1205/1/1296 1215/1/1295
f 1214/2/1294 1206/2/1293 1226/2/1306 1212/2/1305 1231/2/1316
f 1236/1/1321 1239/1/1322 1221/1/1301 1211/1/1308
f 1241/1/1318 1236/1/1321 1211/1/1308 1227/1/1307
f 1242/1/1283 1232/1/1314 1202/1/1290 1230/1/1284
f 1240/1/1320 1238/1/1282 1217/1/1285 1224/1/1313
f 1239/1/1322 1235/1/1319 1208/1/1302 1221/1/1301
f 1237/1/1315 1234/1/1323 1236/1/1321 1241/1/1318 1233/1/1317
f 1242/1/1283 1238/1/1282 1234/1/1323 1237/1/1315 1232/1/1314
f 1238/1/1282 1240/1/1320 1235/1/1319 1234/1/1323
f 1234/1/1323 1235/1/1319 1239/1/1322 1236/1/1321
f 1280/1/1324 1284/1/1325 1272/1/1326 1259/1/1327
f 1270/1/1328 1243/1/1329 1245/1/1330 1271/1/1331
f 1272/1/1326 1244/1/1332 1243/1/1329 1270/1/1328
f 1255/1/1333 1246/1/1334 1248/1/1335 1256/1/1336
f 1257/1/1337 1247/1/1338 1246/1/1334 1255/1/1333
f 1261/1/1339 1249/1/1340 1251/1/1341 1262/1/1342
f 1263/1/1343 1250/1/1344 1249/1/1340 1261/1/1339
f 1267/1/1345 1252/1/1346 1254/1/1347 1268/1/1348
f 1269/1/1349 1253/1/1350 1252/1/1346 1267/1/1345
f 1243/1/1329 1255/1/1333 1256/1/1336 1245/1/1330
f 1244/1/1332 1257/1/1337 1255/1/1333 1243/1/1329
f 1264/1/1351 1258/1/1352 1260/1/1353 1265/1/1354
f 1266/1/1355 1259/1/1327 1258/1/1352 1264/1/1351
f 1249/1/1340 1264/1/1351 1265/1/1354 1251/1/1341
f 1250/1/1344 1266/1/1355 1264/1/1351 1249/1/1340
f 1252/1/1346 1261/1/1339 1262/1/1342 1254/1/1347
f 1253/1/1350 1263/1/1343 1261/1/1339 1252/1/1346
f 1246/1/1334 1267/1/1345 1268/1/1348 1248/1/1335
f 1247/1/1338 1269/1/1349 1267/1/1345 1246/1/1334
f 1258/1/1352 1270/1/1328 1271/1/1331 1260/1/1353
f 1259/1/1327 1272/1/1326 1270/1/1328 1258/1/1352
f 1274/1/1356 1279/1/1357 1257/1/1337 1244/1/1332
f 1271/1/1331 1245/1/1330 1256/1/1336 1273/1/1358 1260/1/1353
f 1260/1/1353 1273/1/1358 1251/1/1341 1265/1/1354
f 1275/1/1359 1283/1/1360 1269/1/1349 1247/1/1338
f 1277/1/1361 1282/1/1362 1266/1/1355 1250/1/1344
f 1273/2/1358 1254/2/1347 1262/2/1342 1251/2/1341
f 1279/1/1357 1275/1/1359 1247/1/1338 1257/1/1337
f 1256/2/1336 1248/2/1335 1268/2/1348 1254/2/1347 1273/2/1358
f 1278/1/1363 1281/1/1364 1263/1/1343 1253/1/1350
f 1283/1/1360 1278/1/1363 1253/1/1350 1269/1/1349
f 1284/1/1325 1274/1/1356 1244/1/1332 1272/1/1326
f 1282/1/1362 1280/1/1324 1259/1/1327 1266/1/1355
f 1281/1/1364 1277/1/1361 1250/1/1344 1263/1/1343
f 1279/1/1357 1276/1/1365 1278/1/1363 1283/1/1360 1275/1/1359
f 1284/1/1325 1280/1/1324 1276/1/1365 1279/1/1357 1274/1/1356
f 1280/1/1324 1282/1/1362 1277/1/1361 1276/1/1365
f 1276/1/1365 1277/1/1361 1281/1/1364 1278/1/1363
f 1322/1/1366 1326/1/1367 1314/1/1368 1301/1/1369
f 1312/1/1370 1285/1/1371 1287/1/1372 1313/1/1373
f 1314/1/1368 1286/1/1374 1285/1/1371 1312/1/1370
f 1297/1/1375 1288/1/1376 1290/1/1377 1298/1/1378
f 1299/1/1379 1289/1/1380 1288/1/1376 1297/1/1375
f 1303/1/1381 1291/1/1382 1293/1/1383 1304/1/1384
f 1305/1/1385 1292/1/1386 1291/1/1382 1303/1/1381
f 1309/1/1387 1294/1/1388 1296/1/1389 1310/1/1390
f 1311/1/1391 1295/1/1392 1294/1/1388 1309/1/1387
f 1285/1/1371 1297/1/1375 1298/1/1378 1287/1/1372
f 1286/1/1374 1299/1/1379 1297/1/1375 1285/1/1371
f 1306/1/1393 1300/1/1394 1302/1/1395 1307/1/1396
f 1308/1/1397 1301/1/1369 1300/1/1394 1306/1/1393
f 1291/1/1382 1306/1/1393 1307/1/1396 1293/1/1383
f 1292/1/1386 1308/1/1397 1306/1/1393 1291/1/1382
f 1294/1/1388 1303/1/1381 1304/1/1384 1296/1/1389
f 1295/1/1392 1305/1/1385 1303/1/1381 1294/1/1388
f 1288/1/1376 1309/1/1387 1310/1/1390 1290/1/1377
f 1289/1/1380 1311/1/1391 1309/1/1387 1288/1/1376
f 1300/1/1394 1312/1/1370 1313/1/1373 1302/1/1395
f 1301/1/1369 1314/1/1368 1312/1/1370 1300/1/1394
f 1316/1/1398 1321/1/1399 1299/1/1379 1286/1/1374
f 1313/1/1373 1287/1/1372 1298/1/1378 1315/1/1400 1302/1/1395
f 1302/1/1395 1315/1/1400 1293/1/1383 1307/1/1396
f 1317/1/1401 1325/1/1402 1311/1/1391 1289/1/1380
f 1319/1/1403 1324/1/1404 1308/1/1397 1292/1/1386
f 1315/2/1400 1296/2/1389 1304/2/1384 1293/2/1383
f 1321/1/1399 1317/1/1401 1289/1/1380 1299/1/1379
f 1298/2/1378 1290/2/1377 1310/2/1390 1296/2/1389 1315/2/1400
f 1320/1/1405 1323/1/1406 1305/1/1385 1295/1/1392
f 1325/1/1402 1320/1/1405 1295/1/1392 1311/1/1391
f 1326/1/1367 1316/1/1398 1286/1/1374 1314/1/1368
f 1324/1/1404 1322/1/1366 1301/1/1369 1308/1/1397
f 1323/1/1406 1319/1/1403 1292/1/1386 1305/1/1385
f 1321/1/1399 1318/1/1407 1320/1/1405 1325/1/1402 1317/1/1401
f 1326/1/1367 1322/1/1366 1318/1/1407 1321/1/1399 1316/1/1398
f 1322/1/1366 1324/1/1404 1319/1/1403 1318/1/1407
f 1318/1/1407 1319/1/1403 1323/1/1406 1320/1/1405
f 1364/1/1408 1368/1/1409 1356/1/1410 1343/1/1411
f 1354/1/1412 1327/1/1413 1329/1/1414 1355/1/1415
f 1356/1/1410 1328/1/1416 1327/1/1413 1354/1/1412
f 1339/1/1417 1330/1/1418 1332/1/1419 1340/1/1420
f 1341/1/1421 1331/1/1422 1330/1/1418 1339/1/1417
f 1345/1/1423 1333/1/1424 1335/1/1425 1346/1/1426
f 1347/1/1427 1334/1/1428 1333/1/1424 1345/1/1423
f 1351/1/1429 1336/1/1430 1338/1/1431 1352/1/1432
f 1353/1/1433 1337/1/1434 1336/1/1430 1351/1/1429
f 1327/1/1413 1339/1/1417 1340/1/1420 1329/1/1414
f 1328/1/1416 1341/1/1421 1339/1/1417 1327/1/1413
f 1348/1/1435 1342/1/1436 1344/1/1437 1349/1/1438
f 1350/1/1439 1343/1/1411 1342/1/1436 1348/1/1435
f 1333/1/1424 1348/1/1435 1349/1/1438 1335/1/1425
f 1334/1/1428 1350/1/1439 1348/1/1435 1333/1/1424
f 1336/1/1430 1345/1/1423 1346/1/1426 1338/1/1431
f 1337/1/1434 1347/1/1427 1345/1/1423 1336/1/1430
f 1330/1/1418 1351/1/1429 1352/1/1432 1332/1/1419
f 1331/1/1422 1353/1/1433 1351/1/1429 1330/1/1418
f 1342/1/1436 1354/1/1412 1355/1/1415 1344/1/1437
f 1343/1/1411 1356/1/1410 1354/1/1412 1342/1/1436
f 1358/1/1440 1363/1/1441 1341/1/1421 1328/1/1416
f 1355/1/1415 1329/1/1414 1340/1/1420 1357/1/1442 1344/1/1437
f 1344/1/1437 1357/1/1442 1335/1/1425 1349/1/1438
f 1359/1/1443 1367/1/1444 1353/1/1433 1331/1/1422
f 1361/1/1445 1366/1/1446 1350/1/1439 1334/1/1428
f 1357/2/1442 1338/2/1431 1346/2/1426 1335/2/1425
f 1363/1/1441 1359/1/1443 1331/1/1422 1341/1/1421
f 1340/2/1420 1332/2/1419 1352/2/1432 1338/2/1431 1357/2/1442
f 1362/1/1447 1365/1/1448 1347/1/1427 1337/1/1434
f 1367/1/1444 1362/1/1447 1337/1/1434 1353/1/1433
f 1368/1/1409 1358/1/1440 1328/1/1416 1356/1/1410
f 1366/1/1446 1364/1/1408 1343/1/1411 1350/1/1439
f 1365/1/1448 1361/1/1445 1334/1/1428 1347/1/1427
f 1363/1/1441 1360/1/1449 1362/1/1447 1367/1/1444 1359/1/1443
f 1368/1/1409 1364/1/1408 1360/1/1449 1363/1/1441 1358/1/1440
f 1364/1/1408 1366/1/1446 1361/1/1445 1360/1/1449
f 1360/1/1449 1361/1/1445 1365/1/1448 1362/1/1447
f 1377/1/1450 1376/1/1451 1372/1/1452 1375/1/1453
f 1373/1/1454 1371/1/1455 1376/1/1451 1377/1/1450
f 1369/1/1456 1373/1/1454 1377/1/1450 1374/1/1457 1379/1/1458
f 1374/1/1457 1377/1/1450 1375/1/1453 1370/1/1459 1378/1/1460
f 1372/1/1452 1376/1/1451 1403/1/1461 1390/1/1462
f 1371/1/1455 1373/1/1454 1394/1/1463 1387/1/1464
f 1369/1/1456 1379/1/1458 1409/1/1465 1381/1/1466
f 1370/1/1459 1375/1/1453 1400/1/1467 1384/1/1468
f 1375/1/1453 1372/1/1452 1390/1/1462 1400/1/1467
f 1397/2/1469 1405/2/1470 1385/2/1471 1399/2/1472 1380/2/1473
f 1374/1/1457 1378/1/1460 1406/1/1474 1396/1/1475
f 1380/2/1473 1399/2/1472 1391/2/1476 1402/2/1477
f 1376/1/1451 1371/1/1455 1387/1/1464 1403/1/1461
f 1378/1/1460 1370/1/1459 1384/1/1468 1406/1/1474
f 1393/1/1478 1380/1/1473 1402/1/1477 1388/1/1479
f 1382/1/1480 1408/1/1481 1397/1/1469 1380/1/1473 1393/1/1478
f 1379/1/1458 1374/1/1457 1396/1/1475 1409/1/1465
f 1394/1/1463 1381/1/1466 1383/1/1482 1395/1/1483
f 1395/1/1483 1383/1/1482 1382/1/1480 1393/1/1478
f 1406/1/1474 1384/1/1468 1386/1/1484 1407/1/1485
f 1407/1/1485 1386/1/1484 1385/1/1471 1405/1/1470
f 1400/1/1467 1390/1/1462 1392/1/1486 1401/1/1487
f 1401/1/1487 1392/1/1486 1391/1/1476 1399/1/1472
f 1403/1/1461 1387/1/1464 1389/1/1488 1404/1/1489
f 1404/1/1489 1389/1/1488 1388/1/1479 1402/1/1477
f 1387/1/1464 1394/1/1463 1395/1/1483 1389/1/1488
f 1389/1/1488 1395/1/1483 1393/1/1478 1388/1/1479
f 1409/1/1465 1396/1/1475 1398/1/1490 1410/1/1491
f 1410/1/1491 1398/1/1490 1397/1/1469 1408/1/1481
f 1384/1/1468 1400/1/1467 1401/1/1487 1386/1/1484
f 1386/1/1484 1401/1/1487 1399/1/1472 1385/1/1471
f 1390/1/1462 1403/1/1461 1404/1/1489 1392/1/1486
f 1392/1/1486 1404/1/1489 1402/1/1477 1391/1/1476
f 1396/1/1475 1406/1/1474 1407/1/1485 1398/1/1490
f 1398/1/1490 1407/1/1485 1405/1/1470 1397/1/1469
f 1381/1/1466 1409/1/1465 1410/1/1491 1383/1/1482
f 1383/1/1482 1410/1/1491 1408/1/1481 1382/1/1480
f 1373/1/1454 1369/1/1456 1381/1/1466 1394/1/1463
f 1419/1/1492 1418/1/1493 1414/1/1494 1417/1/1495
f 1415/1/1496 1413/1/1497 1418/1/1493 1419/1/1492
f 1411/1/1498 1415/1/1496 1419/1/1492 1416/1/1499 1421/1/1500
f 1416/1/1499 1419/1/1492 1417/1/1495 1412/1/1501 1420/1/1502
f 1414/1/1494 1418/1/1493 1445/1/1503 1432/1/1504
f 1413/1/1497 1415/1/1496 1436/1/1505 1429/1/1506
f 1411/1/1498 1421/1/1500 1451/1/1507 1423/1/1508
f 1412/1/1501 1417/1/1495 1442/1/1509 1426/1/1510
f 1417/1/1495 1414/1/1494 1432/1/1504 1442/1/1509
f 1439/2/1511 1447/2/1512 1427/2/1513 1441/2/1514 1422/2/1515
f 1416/1/1499 1420/1/1502 1448/1/1516 1438/1/1517
f 1422/2/1515 1441/2/1514 1433/2/1518 1444/2/1519
f 1418/1/1493 1413/1/1497 1429/1/1506 1445/1/1503
f 1420/1/1502 1412/1/1501 1426/1/1510 1448/1/1516
f 1435/1/1520 1422/1/1515 1444/1/1519 1430/1/1521
f 1424/1/1522 1450/1/1523 1439/1/1511 1422/1/1515 1435/1/1520
f 1421/1/1500 1416/1/1499 1438/1/1517 1451/1/1507
f 1436/1/1505 1423/1/1508 1425/1/1524 1437/1/1525
f 1437/1/1525 1425/1/1524 1424/1/1522 1435/1/1520
f 1448/1/1516 1426/1/1510 1428/1/1526 1449/1/1527
f 1449/1/1527 1428/1/1526 1427/1/1513 1447/1/1512
f 1442/1/1509 1432/1/1504 1434/1/1528 1443/1/1529
f 1443/1/1529 1434/1/1528 1433/1/1518 1441/1/1514
f 1445/1/1503 1429/1/1506 1431/1/1530 1446/1/1531
f 1446/1/1531 1431/1/1530 1430/1/1521 1444/1/1519
f 1429/1/1506 1436/1/1505 1437/1/1525 1431/1/1530
f 1431/1/1530 1437/1/1525 1435/1/1520 1430/1/1521
f 1451/1/1507 1438/1/1517 1440/1/1532 1452/1/1533
f 1452/1/1533 1440/1/1532 1439/1/1511 1450/1/1523
f 1426/1/1510 1442/1/1509 1443/1/1529 1428/1/1526
f 1428/1/1526 1443/1/1529 1441/1/1514 1427/1/1513
f 1432/1/1504 1445/1/1503 1446/1/1531 1434/1/1528
f 1434/1/1528 1446/1/1531 1444/1/1519 1433/1/1518
f 1438/1/1517 1448/1/1516 1449/1/1527 1440/1/1532
f 1440/1/1532 1449/1/1527 1447/1/1512 1439/1/1511
f 1423/1/1508 1451/1/1507 1452/1/1533 1425/1/1524
f 1425/1/1524 1452/1/1533 1450/1/1523 1424/1/1522
f 1415/1/1496 1411/1/1498 1423/1/1508 1436/1/1505
f 1461/1/1534 1460/1/1535 1456/1/1536 1459/1/1537
f 1457/1/1538 1455/1/1539 1460/1/1535 1461/1/1534
f 1453/1/1540 1457/1/1538 1461/1/1534 1458/1/1541 1463/1/1542
f 1458/1/1541 1461/1/1534 1459/1/1537 1454/1/1543 1462/1/1544
f 1456/1/1536 1460/1/1535 1487/1/1545 1474/1/1546
f 1455/1/1539 1457/1/1538 1478/1/1547 1471/1/1548
f 1453/1/1540 1463/1/1542 1493/1/1549 1465/1/1550
f 1454/1/1543 1459/1/1537 1484/1/1551 1468/1/1552
f 1459/1/1537 1456/1/1536 1474/1/1546 1484/1/1551
f 1481/2/1553 1489/2/1554 1469/2/1555 1483/2/1556 1464/2/1557
f 1458/1/1541 1462/1/1544 1490/1/1558 1480/1/1559
f 1464/2/1557 1483/2/1556 1475/2/1560 1486/2/1561
f 1460/1/1535 1455/1/1539 1471/1/1548 1487/1/1545
f 1462/1/1544 1454/1/1543 1468/1/1552 1490/1/1558
f 1477/1/1562 1464/1/1557 1486/1/1561 1472/1/1563
f 1466/1/1564 1492/1/1565 1481/1/1553 1464/1/1557 1477/1/1562
f 1463/1/1542 1458/1/1541 1480/1/1559 1493/1/1549
f 1478/1/1547 1465/1/1550 1467/1/1566 1479/1/1567
f 1479/1/1567 1467/1/1566 1466/1/1564 1477/1/1562
f 1490/1/1558 1468/1/1552 1470/1/1568 1491/1/1569
f 1491/1/1569 1470/1/1568 1469/1/1555 1489/1/1554
f 1484/1/1551 1474/1/1546 1476/1/1570 1485/1/1571
f 1485/1/1571 1476/1/1570 1475/1/1560 1483/1/1556
f 1487/1/1545 1471/1/1548 1473/1/1572 1488/1/1573
f 1488/1/1573 1473/1/1572 1472/1/1563 1486/1/1561
f 1471/1/1548 1478/1/1547 1479/1/1567 1473/1/1572
f 1473/1/1572 1479/1/1567 1477/1/1562 1472/1/1563
f 1493/1/1549 1480/1/1559 1482/1/1574 1494/1/1575
f 1494/1/1575 1482/1/1574 1481/1/1553 1492/1/1565
f 1468/1/1552 1484/1/1551 1485/1/1571 1470/1/1568
f 1470/1/1568 1485/1/1571 1483/1/1556 1469/1/1555
f 1474/1/1546 1487/1/1545 1488/1/1573 1476/1/1570
f 1476/1/1570 1488/1/1573 1486/1/1561 1475/1/1560
f 1480/1/1559 1490/1/1558 1491/1/1569 1482/1/1574
f 1482/1/1574 1491/1/1569 1489/1/1554 1481/1/1553
f 1465/1/1550 1493/1/1549 1494/1/1575 1467/1/1566
f 1467/1/1566 1494/1/1575 1492/1/1565 1466/1/1564
f 1457/1/1538 1453/1/1540 1465/1/1550 1478/1/1547
f 1503/1/1576 1502/1/1577 1498/1/1578 1501/1/1579
f 1499/1/1580 1497/1/1581 1502/1/1577 1503/1/1576
f 1495/1/1582 1499/1/1580 1503/1/1576 1500/1/1583 1505/1/1584
f 1500/1/1583 1503/1/1576 1501/1/1579 1496/1/1585 1504/1/1586
f 1498/1/1578 1502/1/1577 1529/1/1587 1516/1/1588
f 1497/1/1581 1499/1/1580 1520/1/1589 1513/1/1590
f 1495/1/1582 1505/1/1584 1535/1/1591 1507/1/1592
f 1496/1/1585 1501/1/1579 1526/1/1593 1510/1/1594
f 1501/1/1579 1498/1/1578 1516/1/1588 1526/1/1593
f 1523/2/1595 1531/2/1596 1511/2/1597 1525/2/1598 1506/2/1599
f 1500/1/1583 1504/1/1586 1532/1/1600 1522/1/1601
f 1506/2/1599 1525/2/1598 1517/2/1602 1528/2/1603
f 1502/1/1577 1497/1/1581 1513/1/1590 1529/1/1587
f 1504/1/1586 1496/1/1585 1510/1/1594 1532/1/1600
f 1519/1/1604 1506/1/1599 1528/1/1603 1514/1/1605
f 1508/1/1606 1534/1/1607 1523/1/1595 1506/1/1599 1519/1/1604
f 1505/1/1584 1500/1/1583 1522/1/1601 1535/1/1591
f 1520/1/1589 1507/1/1592 1509/1/1608 1521/1/1609
f 1521/1/1609 1509/1/1608 1508/1/1606 1519/1/1604
f 1532/1/1600 1510/1/1594 1512/1/1610 1533/1/1611
f 1533/1/1611 1512/1/1610 1511/1/1597 1531/1/1596
f 1526/1/1593 1516/1/1588 1518/1/1612 1527/1/1613
f 1527/1/1613 1518/1/1612 1517/1/1602 1525/1/1598
f 1529/1/1587 1513/1/1590 1515/1/1614 1530/1/1615
f 1530/1/1615 1515/1/1614 1514/1/1605 1528/1/1603
f 1513/1/1590 1520/1/1589 1521/1/1609 1515/1/1614
f 1515/1/1614 1521/1/1609 1519/1/1604 1514/1/1605
f 1535/1/1591 1522/1/1601 1524/1/1616 1536/1/1617
f 1536/1/1617 1524/1/1616 1523/1/1595 1534/1/1607
f 1510/1/1594 1526/1/1593 1527/1/1613 1512/1/1610
f 1512/1/1610 1527/1/1613 1525/1/1598 1511/1/1597
f 1516/1/1588 1529/1/1587 1530/1/1615 1518/1/1612
f 1518/1/1612 1530/1/1615 1528/1/1603 1517/1/1602
f 1522/1/1601 1532/1/1600 1533/1/1611 1524/1/1616
f 1524/1/1616 1533/1/1611 1531/1/1596 1523/1/1595
f 1507/1/1592 1535/1/1591 1536/1/1617 1509/1/1608
f 1509/1/1608 1536/1/1617 1534/1/1607 1508/1/1606
f 1499/1/1580 1495/1/1582 1507/1/1592 1520/1/1589
f 1545/1/1618 1544/1/1619 1540/1/1620 1543/1/1621
f 1541/1/1622 1539/1/1623 1544/1/1619 1545/1/1618
f 1537/1/1624 1541/1/1622 1545/1/1618 1542/1/1625 1547/1/1626
f 1542/1/1625 1545/1/1618 1543/1/1621 1538/1/1627 1546/1/1628
f 1540/1/1620 1544/1/1619 1571/1/1629 1558/1/1630
f 1539/1/1623 1541/1/1622 1562/1/1631 1555/1/1632
f 1537/1/1624 1547/1/1626 1577/1/1633 1549/1/1634
f 1538/1/1627 1543/1/1621 1568/1/1635 1552/1/1636
f 1543/1/1621 1540/1/1620 1558/1/1630 1568/1/1635
f 1565/2/1637 1573/2/1638 1553/2/1639 1567/2/1640 1548/2/1641
f 1542/1/1625 1546/1/1628 1574/1/1642 1564/1/1643
f 1548/2/1641 1567/2/1640 1559/2/1644 1570/2/1645
f 1544/1/1619 1539/1/1623 1555/1/1632 1571/1/1629
f 1546/1/1628 1538/1/1627 1552/1/1636 1574/1/1642
f 1561/1/1646 1548/1/1641 1570/1/1645 1556/1/1647
f 1550/1/1648 1576/1/1649 1565/1/1637 1548/1/1641 1561/1/1646
f 1547/1/1626 1542/1/1625 1564/1/1643 1577/1/1633
f 1562/1/1631 1549/1/1634 1551/1/1650 1563/1/1651
f 1563/1/1651 1551/1/1650 1550/1/1648 1561/1/1646
f 1574/1/1642 1552/1/1636 1554/1/1652 1575/1/1653
f 1575/1/1653 1554/1/1652 1553/1/1639 1573/1/1638
f 1568/1/1635 1558/1/1630 1560/1/1654 1569/1/1655
f 1569/1/1655 1560/1/1654 1559/1/1644 1567/1/1640
f 1571/1/1629 1555/1/1632 1557/1/1656 1572/1/1657
f 1572/1/1657 1557/1/1656 1556/1/1647 1570/1/1645
f 1555/1/1632 1562/1/1631 1563/1/1651 1557/1/1656
f 1557/1/1656 1563/1/1651 1561/1/1646 1556/1/1647
f 1577/1/1633 1564/1/1643 1566/1/1658 1578/1/1659
f 1578/1/1659 1566/1/1658 1565/1/1637 1576/1/1649
f 1552/1/1636 1568/1/1635 1569/1/1655 1554/1/1652
f 1554/1/1652 1569/1/1655 1567/1/1640 1553/1/1639
f 1558/1/1630 1571/1/1629 1572/1/1657 1560/1/1654
f 1560/1/1654 1572/1/1657 1570/1/1645 1559/1/1644
f 1564/1/1643 1574/1/1642 1575/1/1653 1566/1/1658
f 1566/1/1658 1575/1/1653 1573/1/1638 1565/1/1637
f 1549/1/1634 1577/1/1633 1578/1/1659 1551/1/1650
f 1551/1/1650 1578/1/1659 1576/1/1649 1550/1/1648
f 1541/1/1622 1537/1/1624 1549/1/1634 1562/1/1631
f 1604/3/1660 1605/3/1661 1656/3/1662 1655/3/1663
f 1588/3/1664 1589/3/1665 1648/3/1666 1647/3/1667
f 1579/4/1668 1622/4/1669 1581/4/1670
f 1612/3/1671 1583/3/1672 1580/3/1673 1659/3/1674
f 1643/4/1675 1579/4/1668 1581/4/1670 1582/4/1676
f 1596/3/1677 1597/3/1678 1652/3/1679 1651/3/1680
f 1601/3/1681 1604/3/1660 1655/3/1663 1654/3/1682
f 1581/4/1670 1622/4/1669 1585/4/1683
f 1587/3/1684 1588/3/1664 1647/3/1667 1646/3/1685
f 1582/4/1676 1581/4/1670 1585/4/1683 1586/4/1686
f 1609/3/1687 1612/3/1671 1659/3/1674 1658/3/1688
f 1593/3/1689 1596/3/1677 1651/3/1680 1650/3/1690
f 1585/4/1683 1622/4/1669 1590/4/1691
f 1600/3/1692 1601/3/1681 1654/3/1682 1653/3/1693
f 1586/4/1686 1585/4/1683 1590/4/1691 1591/4/1694
f 1584/3/1695 1587/3/1684 1646/3/1685 1645/3/1696
f 1608/3/1697 1609/3/1687 1658/3/1688 1657/3/1698
f 1590/4/1691 1622/4/1669 1594/4/1699
f 1592/3/1700 1593/3/1689 1650/3/1690 1649/3/1701
f 1591/4/1694 1590/4/1691 1594/4/1699 1595/4/1702
f 1597/3/1678 1600/3/1692 1653/3/1693 1652/3/1679
f 1583/3/1672 1584/3/1695 1645/3/1696 1580/3/1673
f 1594/4/1699 1622/4/1669 1598/4/1703
f 1605/3/1661 1608/3/1697 1657/3/1698 1656/3/1662
f 1595/4/1702 1594/4/1699 1598/4/1703 1599/4/1704
f 1589/3/1665 1592/3/1700 1649/3/1701 1648/3/1666
f 1642/3/1705 1641/3/1706 1587/3/1684 1584/3/1695
f 1598/4/1703 1622/4/1669 1602/4/1707
f 1626/3/1708 1625/3/1709 1601/3/1681 1600/3/1692
f 1599/4/1704 1598/4/1703 1602/4/1707 1603/4/1710
f 1634/3/1711 1633/3/1712 1593/3/1689 1592/3/1700
f 1617/3/1713 1616/3/1714 1609/3/1687 1608/3/1697
f 1602/4/1707 1622/4/1669 1606/4/1715
f 1633/3/1712 1630/3/1716 1596/3/1677 1593/3/1689
f 1603/4/1710 1602/4/1707 1606/4/1715 1607/4/1717
f 1641/3/1706 1638/3/1718 1588/3/1664 1587/3/1684
f 1625/3/1709 1621/3/1719 1604/3/1660 1601/3/1681
f 1606/4/1715 1622/4/1669 1610/4/1720
f 1630/3/1716 1629/3/1721 1597/3/1678 1596/3/1677
f 1607/4/1717 1606/4/1715 1610/4/1720 1611/4/1722
f 1638/3/1718 1637/3/1723 1589/3/1665 1588/3/1664
f 1621/3/1719 1620/3/1724 1605/3/1661 1604/3/1660
f 1610/4/1720 1622/4/1669 1614/4/1725
f 1616/3/1714 1613/3/1726 1612/3/1671 1609/3/1687
f 1611/4/1722 1610/4/1720 1614/4/1725 1615/4/1727
f 1629/3/1721 1626/3/1708 1600/3/1692 1597/3/1678
f 1613/3/1726 1644/3/1728 1583/3/1672 1612/3/1671
f 1614/4/1725 1622/4/1669 1618/4/1729
f 1637/3/1723 1634/3/1711 1592/3/1700 1589/3/1665
f 1615/4/1727 1614/4/1725 1618/4/1729 1619/4/1730
f 1620/3/1724 1617/3/1713 1608/3/1697 1605/3/1661
f 1644/3/1728 1642/3/1705 1584/3/1695 1583/3/1672
f 1618/4/1729 1622/4/1669 1623/4/1731
f 1619/3/1730 1624/3/1732 1625/3/1709 1626/3/1708
f 1619/4/1730 1618/4/1729 1623/4/1731 1624/4/1732
f 1611/3/1722 1615/3/1727 1629/3/1721 1630/3/1716
f 1624/3/1732 1628/3/1733 1621/3/1719 1625/3/1709
f 1623/4/1731 1622/4/1669 1627/4/1734
f 1615/3/1727 1619/3/1730 1626/3/1708 1629/3/1721
f 1624/4/1732 1623/4/1731 1627/4/1734 1628/4/1733
f 1628/3/1733 1632/3/1735 1620/3/1724 1621/3/1719
f 1632/3/1735 1636/3/1736 1617/3/1713 1620/3/1724
f 1627/4/1734 1622/4/1669 1631/4/1737
f 1636/3/1736 1640/3/1738 1616/3/1714 1617/3/1713
f 1628/4/1733 1627/4/1734 1631/4/1737 1632/4/1735
f 1643/3/1675 1582/3/1676 1644/3/1728 1613/3/1726
f 1582/3/1676 1586/3/1686 1642/3/1705 1644/3/1728
f 1631/4/1737 1622/4/1669 1635/4/1739
f 1586/3/1686 1591/3/1694 1641/3/1706 1642/3/1705
f 1632/4/1735 1631/4/1737 1635/4/1739 1636/4/1736
f 1591/3/1694 1595/3/1702 1638/3/1718 1641/3/1706
f 1595/3/1702 1599/3/1704 1637/3/1723 1638/3/1718
f 1635/4/1739 1622/4/1669 1639/4/1740
f 1640/3/1738 1643/3/1675 1613/3/1726 1616/3/1714
f 1636/4/1736 1635/4/1739 1639/4/1740 1640/4/1738
f 1599/3/1704 1603/3/1710 1634/3/1711 1637/3/1723
f 1603/3/1710 1607/3/1717 1633/3/1712 1634/3/1711
f 1639/4/1740 1622/4/1669 1579/4/1668
f 1607/3/1717 1611/3/1722 1630/3/1716 1633/3/1712
f 1640/4/1738 1639/4/1740 1579/4/1668 1643/4/1675
f 543/7/611 542/7/573 548/7/576 549/7/612 547/7/579 544/7/586 546/7/609 545/7/577 539/7/578 540/7/610 538/7/589 541/7/596
